Генерация номера,,,,,,"Блок, как происшествие отображается для специалиста службы 112 (типовые признаки происшествия)",,,,,,Главная служба,Классификатор МЧС,,,,,,,Классификатор МВД,,,Классификатор СМП,,,Классификатор МОСГАЗ,,ЦЭМП,,,,,Классификатор ФСБ,,Классификатор Мособлгаз,Автомобильные дороги,Мосгортранс,,,Гор. Хозяйство,ГОРМОСТ,,,,Канал имени Москвы,МГТС,,Метро,Мосводоканал,МОЭК,"МОЭСК
(ПАО ""Россети Московский регион"")",ОЭК,Мослифт,ЦОДД,Деп. ЖКХ,Департамент РБиПК             (ГКУ МОСБЕЗ),,Аппарат МЭРА,Москоллектор,РЖД (МосковскаяЖД),Департамент образования,Центррегионводхоз (Московско-Окское БВУ),Военная комендатура,ОАТИ,Мосводосток,Департамент ППиООС,ОД Департамент ТСЗН,РСВО,ЭВАЖД,МСППН,ДТУ_Р (Ритуал),ДТУ,Росгвардия,Территориальные ОИВ,Территориальные ОИВ    ТиНАО,Автомобильные дороги АО г.Москвы,Департамент строительства города Москвы,,Комитет ветеринарии,Мосжилинспекция,Департамент культуры,ГКУ ЦСА имени Е.П.Глинки,ГКУ НТУ,ФСО,ГУП МСР,,Комитет по туризму г.Москвы,ДГП (Департамент градостроительной политики),,ЦУКБ Министерство обороны,"ЦУКБ.БПЛА
Министерство обороны",ГКУ Организатор перевозок,,ГПБУ Мосэкомониторинг,Министерство обороны РХБЗ,,ООО Ситиэнерго,Депортамент гражданского строительства,,,,,
Г,п1,п2,п3,Номер,Группа происшествий Учет в статистике в службе 112,112 - Признак.1 (тип происшествия),112-Признак.2,112-Признак.3,Дополнительные признаки (не влияют на тип происшествия),Итоговый тип происшествия,ТИП происшествия ЕКП 35,,Служба 101 ,,ОДС ПСЦ,,,,МГПСС,признак Правонарушение или Пострадавшие не выбран,выбран признак Правонарушение,выбран признак Пострадавшие,Классификатор СМП (признак Пострадавшие не выбран),Классификатор СМП (выбран признак Пострадавшие),Классификатор СМП (выбран признак Пострадавшие не на месте),,,,,,,,,,,,,,,,,,,,,,,,,,,,,,,Дежурная служба АРМ-112,"МКП, Аналитика (Старый КРИМ)",,,,,,,,,,,,,,,,,,,,,,,,,,,,(КУБ),пожары,,интеграция ,АРМ-112,,,,,,События по полигонам,Москва,,,,,,,
,,,,,,,,,,,,,Служба 101 (признак НД - НЕТ ДОСТУПА не выбран),Служба 101 (выбран признак НД - НЕТ ДОСТУПА),ОДС ПСЦ (другие признаки не выбраны),ОДС ПСЦ (выбран признак УЛ - УГРОЗА ЛЮДЯМ),ОДС ПСЦ (выбран признак ПП - ПОСТРАДАВШИЕ ПОГИБШИЕ),ОДС ПСЦ (выбран признак НД - НЕТ ДОСТУПА),,,,,,,,признак не выбран,газификация,признаки не выбраны,угроза людям,пострадавшие/погибшие,мед. помощь,треб. Эвакуация,признак не выбран,>5 чел / ОД,,,признак не выбран,постр / погибшие,перекрытие движение,,признак не выбран,тоннель,пеш,ав,,реагирование всегда,на объектах связи,,,,,,,,,,,,,,,,,,,,,,,,,,,,,,признак не выбран,стройка,,,объект из перечня,,,,,,,,,,,признак не выбран,перекрытие движение,,,,,,,,,,
,,,,1,Пожары и задымления,,,,,,,,,,,,,,,,,,,,,,,,,,,,,,,,,,,,,,,,,,,,,,,,,,,,,,,,,,,,,,,,,,,,,,,,,,,,,,,,,,,,,,,,,,,,,,,,,,
1,1,1,1,1010101,пожар на улице,на улице,мусор,открытое пламя,,пожар: мусор,пожар: мусор,MCHS,пожар: мусор,,,,,пожар: мусор,,,пожар,пожар,,пожар,нет реагирования,,пожар,,карточка-112,карточка-112,карточка-112,карточка-112,,,,,,,,карточка-112,,,,,,,,,,,,,,пожар: мусор,,,,карточка-112,,,,,,карточка -112,,,,,,,,,,карточка-112,карточка-112,,,,,,карточка-112,,карточка-112,карточка-112,,пожар: мусор,,,,карточка-112,,,,карточка-112,,,,,,,,,
1,1,1,2,1010102,,на улице,мусор,дым,,задымление: мусор,пожар: мусор,MCHS,пожар: мусор,,,,,пожар: мусор,,,пожар,пожар,,отравление,нет реагирования,,Задымление,,карточка-112,карточка-112,карточка-112,карточка-112,,,,,,,,карточка-112,,,,,,,,,,,,,,,,,,карточка-112,,,,,,,,,,,,,,,,карточка-112,карточка-112,,,,,,карточка-112,,карточка-112,,,задымление: мусор,,,,карточка-112,,,,карточка-112,,,,,,,,,
1,1,2,1,1010201,,на улице,Трава,открытое пламя,,пожар: трава,"пожар: трава, пух",MCHS,"пожар: трава, пух",,,,,"пожар: трава, пух",,,пожар,пожар,,пожар,нет реагирования,,пожар,,карточка-112,карточка-112,карточка-112,карточка-112,,,,,,,,карточка-112,,,,,,,,,,,,,,"пожар: трава, пух",,,,карточка-112,,,,,,,,,,,,,,,,карточка-112,карточка-112,,,,,,карточка-112,,карточка-112,карточка-112,,пожар: трава,,,,карточка-112,,,,,,,,,,,,,
1,1,2,2,1010202,,на улице,Трава,дым,,задымление: трава,"пожар: трава, пух",MCHS,"пожар: трава, пух",,,,,"пожар: трава, пух",,,пожар,пожар,,отравление,нет реагирования,,Задымление,,карточка-112,карточка-112,карточка-112,карточка-112,,,,,,,,карточка-112,,,,,,,,,,,,,,,,,,карточка-112,,,,,,,,,,,,,,,,карточка-112,карточка-112,,,,,,карточка-112,,карточка-112,,,задымление: трава,,,,карточка-112,,,,,,,,,,,,,
1,1,3,1,1010301,,на улице,Пух,открытое пламя,,пожар: пух,"пожар: трава, пух",MCHS,"пожар: трава, пух",,,,,"пожар: трава, пух",,,пожар,пожар,,пожар,нет реагирования,,пожар,,карточка-112,карточка-112,карточка-112,карточка-112,,,,,,,,карточка-112,,,,,,,,,,,,,,"пожар: трава, пух",,,,карточка-112,,,,,,,,,,,,,,,,карточка-112,карточка-112,,,,,,карточка-112,,карточка-112,карточка-112,,пожар: пух,,,,карточка-112,,,,,,,карточка-112,,,,,,
1,1,3,2,1010302,,на улице,Пух,дым,,задымление: пух,"пожар: трава, пух",MCHS,"пожар: трава, пух",,,,,"пожар: трава, пух",,,пожар,пожар,,отравление,нет реагирования,,Задымление,,карточка-112,карточка-112,карточка-112,карточка-112,,,,,,,,карточка-112,,,,,,,,,,,,,,,,,,карточка-112,,,,,,,,,,,,,,,,карточка-112,карточка-112,,,,,,карточка-112,,карточка-112,,,задымление: пух,,,,карточка-112,,,,,,,,,,,,,
1,1,4,1,1010401,,на улице,Парк,открытое пламя,,пожар: парк,пожар: лесопосадки,MCHS,пожар: лесопосадки,,,,,пожар: лесопосадки,,пожар,пожар,пожар,,пожар,нет реагирования,,пожар,,карточка-112,карточка-112,карточка-112,карточка-112,,,,,,,карточка-112,карточка-112,,,,,,,,,,,,,,пожар: лесопосадки,,,,карточка-112,,,,,,карточка -112,,,,,,,,,,карточка-112,карточка-112,,,,,,карточка-112,,карточка-112,карточка-112,,пожар: парк,,,,карточка-112,,,,карточка-112,,,,,,,,,
1,1,4,2,1010402,,на улице,Парк,дым,,задымление: парк,пожар: лесопосадки,MCHS,пожар: лесопосадки,,,,,пожар: лесопосадки,,,пожар,пожар,,отравление,нет реагирования,,Задымление,,карточка-112,карточка-112,карточка-112,карточка-112,,,,,,,карточка-112,карточка-112,,,,,,,,,,,,,,,,,,карточка-112,,,,,,,,,,,,,,,,карточка-112,карточка-112,,,,,,карточка-112,,карточка-112,,,задымление: парк,,,,карточка-112,,,,карточка-112,,,,,,,,,
1,1,5,1,1010501,,на улице,Лес,открытое пламя,,пожар: лес,пожар: лесопосадки,MCHS,пожар: лесопосадки,,,,,пожар: лесопосадки,,пожар,,,,пожар,нет реагирования,,пожар,,карточка-112,карточка-112,карточка-112,карточка-112,,,,,,,карточка-112,карточка-112,,,,,,,,,,,,,,пожар: лесопосадки,,,,карточка-112,,,,,,карточка -112,,,,,,,,,,карточка-112,карточка-112,,,,,,карточка-112,,карточка-112,карточка-112,,пожар: лес,,,,карточка-112,,,,карточка-112,,,,,,,,,
1,1,5,2,1010502,,на улице,Лес,дым,,задымление: лес,пожар: лесопосадки,MCHS,пожар: лесопосадки,,,,,пожар: лесопосадки,,,пожар,пожар,,отравление,нет реагирования,,Задымление,,карточка-112,карточка-112,карточка-112,карточка-112,,,,,,,карточка-112,карточка-112,,,,,,,,,,,,,,,,,,карточка-112,,,,,,,,,,,,,,,,карточка-112,карточка-112,,,,,,карточка-112,,карточка-112,,,задымление: лес,,,,карточка-112,,,,карточка-112,,,,,,,,,
1,1,6,1,1010601,,на улице,торф,открытое пламя,,пожар: торф,пожар: торф,MCHS,пожар: торф,,,,,пожар: торф,,пожар,пожар,пожар,,пожар,нет реагирования,,пожар,,карточка-112,карточка-112,карточка-112,карточка-112,,,,,,,,карточка-112,,,,,,,,,,,,,,пожар: торф,,,,карточка-112,,,,,,карточка -112,,,,,,,,,,карточка-112,карточка-112,,,,,,карточка-112,,карточка-112,карточка-112,,пожар: торф,,,,,,,,карточка-112,,,,,,,,,
1,1,6,2,1010602,,на улице,торф,дым,,задымление: торф,пожар: торф,MCHS,пожар: торф,,,,,пожар: торф,,,пожар,пожар,,отравление,нет реагирования,,Задымление,,карточка-112,карточка-112,карточка-112,карточка-112,,,,,,,,карточка-112,,,,,,,,,,,,,,,,,,карточка-112,,,,,,,,,,,,,,,,карточка-112,карточка-112,,,,,,карточка-112,,карточка-112,,,задымление: торф,,,,,,,,карточка-112,,,,,,,,,
1,1,7,1,1010701,,на улице,Мачта освещения,открытое пламя,,пожар: мачта освещения,пожар: электрические сети,MCHS,пожар: электрические сети,,,,,пожар: электрические сети,,пожар,,,,пожар,нет реагирования,,пожар,,карточка-112,карточка-112,карточка-112,карточка-112,,,,,,,карточка-112,карточка-112,,,,,,,,,,,,карточка-112,,пожар: электрические сети,,,,карточка-112,,,,,,карточка -112,,,,,,,,,,карточка-112,карточка-112,,,,,,карточка-112,,карточка-112,карточка-112,,пожар: мачта освещения,,,,карточка-121,,,,,,,,,,,,,
1,1,7,2,1010702,,на улице,Мачта освещения,дым,,задымление: мачта освещения,пожар: электрические сети,MCHS,пожар: электрические сети,,,,,пожар: электрические сети,,,пожар,пожар,,отравление,нет реагирования,,Задымление,,карточка-112,карточка-112,карточка-112,карточка-112,,,,,,,карточка-112,карточка-112,,,,,,,,,,,,карточка-112,,,,,,карточка-112,,,,,,,,,,,,,,,,карточка-112,карточка-112,,,,,,карточка-112,,карточка-112,,,задымление: мачта освещения,,,,карточка-112,,,,,,,,,,,,,
1,1,8,1,1010801,,на улице,опора контактной сети,открытое пламя,,пожар: опора контактной сети,НЕТ в ЕКП,MCHS,пожар: электрические сети,,,,,пожар: электрические сети,,пожар,,,,пожар,нет реагирования,,пожар,,карточка-112,карточка-112,карточка-112,карточка-112,,,,,карточка-112,,,карточка-112,,,,,,,,,,,,,,пожар: электрические сети,,,,карточка-112,,,,,,карточка -112,,,,,,,,,,карточка-112,карточка-112,,,,,,карточка-112,,карточка-112,карточка-112,,пожар: опора контактной сети,,,,карточка-112,,,,,,,,,,,,,
1,1,8,2,1010802,,на улице,опора контактной сети,дым,,задымление: опора контактной сети,НЕТ в ЕКП,MCHS,пожар: электрические сети,,,,,пожар: электрические сети,,,пожар,пожар,,отравление,нет реагирования,,Задымление,,карточка-112,карточка-112,карточка-112,карточка-112,,,,,карточка-112,,,карточка-112,,,,,,,,,,,,,,пожар: электрические сети,,,,карточка-112,,,,,,,,,,,,,,,,карточка-112,карточка-112,,,,,,карточка-112,,карточка-112,,,задымление: опора контактной сети,,,,карточка-112,,,,,,,,,,,,,
1,1,9,1,1010901,,на улице,ЛЭП,открытое пламя,,пожар: ЛЭП,пожар: электрические сети,MCHS,пожар: электрические сети,,,,,пожар: электрические сети,,пожар,,,,пожар,нет реагирования,,пожар,,карточка-112,карточка-112,карточка-112,карточка-112,,,,,,,карточка-112,карточка-112,,,,,,,,,,,карточка-112,карточка-112,,пожар: электрические сети,,Пожар,Пожар,карточка-112,,,,,,карточка -112,,,,,,,,,,карточка-112,карточка-112,,,,,,карточка-112,,карточка-112,карточка-112,,пожар: ЛЭП,,,,,,,,,,,,,,,,,
1,1,9,2,1010902,,на улице,ЛЭП,дым,,задымление: ЛЭП,пожар: электрические сети,MCHS,пожар: электрические сети,,,,,пожар: электрические сети,,,пожар,пожар,,отравление,нет реагирования,,Задымление,,карточка-112,карточка-112,карточка-112,карточка-112,,,,,,,карточка-112,карточка-112,,,,,,,,,,,карточка-112,карточка-112,,,,,,карточка-112,,,,,,,,,,,,,,,,карточка-112,карточка-112,,,,,,карточка-112,,карточка-112,,,задымление: ЛЭП,,,,,,,,,,,,,,,,,
1,1,10,1,1011001,,на улице,Провода,открытое пламя,,пожар: провода на улице,пожар: электрические сети,MCHS,пожар: электрические сети,,,,,пожар: электрические сети,,пожар,пожар,пожар,,пожар,нет реагирования,,пожар,,карточка-112,карточка-112,карточка-112,карточка-112,,,,,,,карточка-112,карточка-112,,карточка-112,,,,,,,,,карточка-112,карточка-112,,пожар: электрические сети,,,,карточка-112,,,,,,карточка -112,,,,,,,,,,карточка-112,карточка-112,,,,,,карточка-112,,карточка-112,карточка-112,,пожар: провода на улице,,,,карточка-112,,,,,,,,,,,,,
1,1,10,2,1011002,,на улице,Провода,дым,,задымление: провода на улице,пожар: электрические сети,MCHS,пожар: электрические сети,,,,,пожар: электрические сети,,,пожар,пожар,,отравление,нет реагирования,,Задымление,,карточка-112,карточка-112,карточка-112,карточка-112,,,,,,,карточка-112,карточка-112,,карточка-112,,,,,,,,,карточка-112,карточка-112,,,,,,карточка-112,,,,,,,,,,,,,,,,карточка-112,карточка-112,,,,,,карточка-112,,карточка-112,,,задымление: провода на улице,,,,карточка-112,,,,,,,,,,,,,
1,1,11,0,1011100,,на улице,запах гари,,,запах гари на улице,НЕТ в ЕКП,MCHS,пожар: другое,,,,,пожар,,,,,,отравление,нет реагирования,,,,,,,,,,,,,,,карточка-112,,,,,,,,,,,,,,,,,,карточка-112,,,,,,,,,,,,,,,,карточка-112,карточка-112,,,,,,карточка-112,,карточка-112,,,,,,,,,,,,,,,,,,,,
1,1,12,1,1011201,,на улице,"дерево, деревья",открытое пламя,,"пожар: дерево, деревья",пожар: дерево,MCHS,пожар: дерево,,,,,пожар: дерево,,,пожар,пожар,,отравление,нет реагирования,,пожар,,карточка-112,карточка-112,карточка-112,карточка-112,,,,,,,,карточка-112,,,,,,,,,,,,,,пожар: дерево,,,,карточка-112,,,,,,карточка -112,,,,,,,,,,карточка-112,карточка-112,,,,,,карточка-112,,карточка-112,карточка-112,,"пожар: дерево, деревья",,,,карточка-112,,,,,,,,,,,,,
1,1,12,2,1011202,,на улице,"дерево, деревья",дым,,"задымление: дерево, деревья",пожар: дерево,MCHS,пожар: дерево,,,,,пожар: дерево,,,пожар,пожар,,отравление,нет реагирования,,Задымление,,карточка-112,карточка-112,карточка-112,карточка-112,,,,,,,,карточка-112,,,,,,,,,,,,,,,,,,карточка-112,,,,,,,,,,,,,,,,карточка-112,карточка-112,,,,,,карточка-112,,карточка-112,,,"задымление: дерево, деревья",,,,карточка-112,,,,,,,,,,,,,
1,2,1,1,1020101,горит транспорт,транспорт,общественный транспорт,открытое пламя,,пожар: автобус,пожар: автобус,MCHS,Пожар: Общественный транспорт,,,,,Пожар: Общественный транспорт,,горит автотранспортное средство,,,,пожар,нет реагирования,,,,карточка-112,карточка-112,карточка-112,карточка-112,,,,,карточка-112,,,карточка-112,,карточка-112,,,,,,,,,,,,пожар: автобус,,Пожар,Пожар,карточка-112,,,,,,карточка -112,,,,,,,,,,карточка-112,карточка-112,,,,,,карточка-112,,карточка-112,карточка-112,,,,,,карточка-112,,карточка-112,,,,,,,,,,,
1,2,1,2,1020102,,транспорт,общественный транспорт,дым,,задымление: автобус,пожар: автобус,MCHS,Пожар: Общественный транспорт,,,,,Пожар: Общественный транспорт,,горит автотранспортное средство,,,,отравление,нет реагирования,,,,карточка-112,карточка-112,карточка-112,карточка-112,,,,,карточка-112,,,карточка-112,,карточка-112,,,,,,,,,,,,пожар: автобус,,Пожар,Пожар,карточка-112,,,,,,,,,,,,,,,,карточка-112,карточка-112,,,,,,карточка-112,,карточка-112,,,,,,,карточка-112,,карточка-112,,,,,,,,,,,
1,2,2,1,1020201,,транспорт,автомашина,открытое пламя,,пожар: машина,Пожар: машина,MCHS,Пожар: Транспортное средство,,,,,Пожар: Транспортное средство,,горит автотранспортное средство,,,,пожар,нет реагирования,,,,карточка-112,карточка-112,карточка-112,карточка-112,,,,,,,карточка-112,карточка-112,,карточка-112,,,,,,,,,,,,Пожар: машина,,Пожар,Пожар,карточка-112,,,,,,,,,,,,,,,,карточка-112,карточка-112,,,,,,карточка-112,,карточка-112,карточка-112,,,,,,карточка-112,,,карточка -112,,,,,,,,,,
1,2,2,2,1020202,,транспорт,автомашина,дым,,задымление: машина,Пожар: машина,MCHS,Пожар: Транспортное средство,,,,,Пожар: Транспортное средство,,горит автотранспортное средство,,,,отравление,нет реагирования,,,,карточка-112,карточка-112,карточка-112,карточка-112,,,,,,,карточка-112,карточка-112,,карточка-112,,,,,,,,,,,,Пожар: машина,,Пожар,Пожар,карточка-112,,,,,,,,,,,,,,,,карточка-112,карточка-112,,,,,,карточка-112,,карточка-112,,,,,,,карточка-112,,,карточка -112,,,,,,,,,,
1,2,3,1,1020301,,транспорт,ДТП с пожаром,открытое пламя,,пожар при ДТП,ДТП с пожаром,MCHS,Пожар: Транспортное средство,,,,,Пожар: Транспортное средство,,ДТП с пожаром,,,,АВТО,нет реагирования,,,,карточка-112,карточка-112,карточка-112,карточка-112,,,,,,,карточка-112,карточка-112,,карточка-112,,,,,,,,,,,,Пожар: машина,,Пожар,Пожар,карточка-112,,,,,,,,,,,,,,,,карточка-112,карточка-112,,,,,,карточка-112,,карточка-112,карточка-112,,,,,,карточка-112,,,карточка -112,,,,,,,,,,
1,2,3,2,1020302,,транспорт,ДТП с пожаром,дым,,задымление при ДТП,ДТП с пожаром,MCHS,Пожар: Транспортное средство,,,,,Пожар: Транспортное средство,,ДТП с пожаром,,,,АВТО,нет реагирования,,,,карточка-112,карточка-112,карточка-112,карточка-112,,,,,,,карточка-112,карточка-112,,карточка-112,,,,,,,,,,,,Пожар: машина,,Пожар,Пожар,карточка-112,,,,,,,,,,,,,,,,карточка-112,карточка-112,,,,,,карточка-112,,карточка-112,карточка-112,,,,,,карточка-112,,,карточка -112,,,,,,,,,,
1,2,4,1,1020401,,транспорт,опасный груз,открытое пламя,,пожар: опасный груз,Пожар: машина,MCHS,Пожар: Транспортное средство,,,,,Пожар: Транспортное средство,,горит автотранспортное средство,,,,пожар,нет реагирования,,,,карточка-112,карточка-112,карточка-112,карточка-112,,,,,,,карточка-112,карточка-112,,карточка-112,,,,,,,,,,,,Пожар: машина,,Пожар,Пожар,карточка-112,,,,,,,,,,,,,,,,карточка-112,карточка-112,,,,,,карточка-112,,карточка-112,карточка-112,,пожар: опасный груз,,,,карточка-112,,,карточка -112,карточка-112,карточка-112,карточка-112,карточка-112,,,,,,
1,2,4,2,1020402,,транспорт,опасный груз,дым,,задымление: опасный груз,Пожар: машина,MCHS,Пожар: Транспортное средство,,,,,Пожар: Транспортное средство,,горит автотранспортное средство,,,,отравление,нет реагирования,,,,карточка-112,карточка-112,карточка-112,карточка-112,,,,,,,карточка-112,карточка-112,,карточка-112,,,,,,,,,,,,Пожар: машина,,Пожар,Пожар,карточка-112,,,,,,,,,,,,,,,,карточка-112,карточка-112,,,,,,карточка-112,,карточка-112,карточка-112,,задымление: опасный груз,,,,карточка-112,,,карточка -112,карточка-112,карточка-112,карточка-112,,,,,,,
1,2,5,1,1020501,,транспорт,воздушный транспорт,открытое пламя,,пожар: воздушный транспорт,НЕТ В ЕКП,MCHS,Пожар: Воздушное судно,,,,,Пожар: Воздушное судно,,пожар,,,,пожар,нет реагирования,,,карточка-112,карточка-112,карточка-112,карточка-112,карточка-112,карточка-112,,,,,,карточка-112,карточка-112,,,,,,,,,,,,,,Пожар: Аэропорт,,Пожар,,карточка-112,,,,,,карточка -112,,,,,,,,,,карточка-112,карточка-112,,,,,,карточка-112,,карточка-112,карточка-112,,пожар: воздушный транспорт,,,,,,,,,,,,,,,,,
1,2,5,2,1020502,,транспорт,воздушный транспорт,дым,,задымление: воздушный транспорт,НЕТ В ЕКП,MCHS,Пожар: Воздушное судно,,,,,Пожар: Воздушное судно,,пожар,,,,отравление,нет реагирования,,,карточка-112,карточка-112,карточка-112,карточка-112,карточка-112,карточка-112,,,,,,карточка-112,карточка-112,,,,,,,,,,,,,,Пожар: Аэропорт,,Пожар,,карточка-112,,,,,,,,,,,,,,,,карточка-112,карточка-112,,,,,,карточка-112,,карточка-112,карточка-112,,задымление: воздушный транспорт,,,,,,,,,,,,,,,,,
1,2,6,1,1020601,,транспорт,Аэропорт,открытое пламя,,пожар: аэропорт,пожар: аэропорт,MCHS,пожар: аэропорт,,,,,пожар: аэропорт,,пожар,,,,пожар,нет реагирования,пожар,,карточка-112,карточка-112,карточка-112,карточка-112,карточка-112,карточка-112,,,,,,карточка-112,карточка-112,,,,,,,,,,,,,,пожар: аэропорт,,Пожар,Пожар,карточка-112,,,,,,карточка -112,,,,,,,,,карточка-112,карточка-112,карточка-112,,,,,,карточка-112,,карточка-112,карточка-112,,пожар: аэропорт,,,,,,,,,,,,,,,,,
1,2,6,2,1020602,,транспорт,Аэропорт,дым,,задымление: аэропорт,пожар: аэропорт,MCHS,пожар: аэропорт,,,,,пожар: аэропорт,,пожар,,,,отравление,нет реагирования,,Задымление,карточка-112,карточка-112,карточка-112,карточка-112,карточка-112,карточка-112,,,,,,карточка-112,карточка-112,,,,,,,,,,,,,,пожар: аэропорт,,Пожар,,карточка-112,,,,,,,,,,,,,,,карточка-112,карточка-112,карточка-112,,,,,,карточка-112,,карточка-112,карточка-112,,задымление: аэропорт,,,,,,,,,,,,,,,,,
1,2,7,1,1020701,,транспорт,ж/д транспорт,открытое пламя,,пожар: жд транспорт,пожар: ж-д транспорт,MCHS,пожар: ж-д транспорт,,,,,пожар: ж-д транспорт,,пожар,,,,пожар,нет реагирования,,,карточка-112,карточка-112,карточка-112,карточка-112,карточка-112,карточка-112,,,,,,,карточка-112,,карточка-112,,,,,,,,,,,,пожар: ж-д транспорт,,Пожар,Пожар,карточка-112,,Карточка-112,,,,,,,,,,,,,карточка-112,карточка-112,карточка-112,,,,,,карточка-112,,карточка-112,карточка-112,,пожар: жд транспорт,,,,,,,,,,,,,,,,,
1,2,7,2,1020702,,транспорт,ж/д транспорт,дым,,задымление: жд транспорт,пожар: ж-д транспорт,MCHS,пожар: ж-д транспорт,,,,,пожар: ж-д транспорт,,пожар,,,,отравление,нет реагирования,,,карточка-112,карточка-112,карточка-112,карточка-112,карточка-112,,,,,,,,карточка-112,,карточка-112,,,,,,,,,,,,пожар: ж-д транспорт,,Пожар,Пожар,карточка-112,,Карточка-112,,,,карточка -112,,,,,,,,,карточка-112,карточка-112,карточка-112,,,,,,карточка-112,,карточка-112,карточка-112,,задымление: жд транспорт,,,,карточка-112,,,,,,,,,,,,,
1,2,8,1,1020801,,транспорт,"Вокзал ж/д, платформа жд",открытое пламя,,пожар: вокзал,пожар: вокзал,MCHS,пожар: вокзал,,,,,пожар: вокзал,,пожар,,,,пожар,нет реагирования,пожар,,карточка-112,карточка-112,карточка-112,карточка-112,карточка-112,карточка-112,,,,,,карточка-112,карточка-112,,,,,,,,,,,,карточка-112,,пожар: вокзал,,Пожар,Пожар,карточка-112,,Карточка-112,,,,карточка -112,,,Карточка-112,,,,,,карточка-112,карточка-112,карточка-112,,,,,,карточка-112,,карточка-112,карточка-112,,пожар: вокзал,,,,карточка-112,,,,,,,,,,,,,
1,2,8,2,1020802,,транспорт,"Вокзал ж/д, платформа жд",дым,,задымление: вокзал,пожар: вокзал,MCHS,пожар: вокзал,,,,,пожар: вокзал,,пожар,,,,отравление,нет реагирования,,Задымление,карточка-112,карточка-112,карточка-112,карточка-112,карточка-112,,,,,,,карточка-112,карточка-112,,,,,,,,,,,,карточка-112,,пожар: вокзал,,Пожар,Пожар,карточка-112,,Карточка-112,,,,,,,Карточка-112,,,,,,,карточка-112,карточка-112,,,,,,карточка-112,,карточка-112,карточка-112,,задымление: вокзал,,,,карточка-112,,,,,,,,,,,,,
1,2,9,1,1020901,,транспорт,транспорт прочее,открытое пламя,,пожар: транспорт (прочее),Пожар: машина,MCHS,Пожар: Транспортное средство,,,,,Пожар: Транспортное средство,,горит автотранспортное средство,,,,пожар,нет реагирования,,,,карточка-112,карточка-112,карточка-112,карточка-112,,,,,,,карточка-112,карточка-112,,карточка-112,,,,,,,,,,,,Пожар: машина,,Пожар,Пожар,карточка-112,,,,,,,,,,,,,,,,карточка-112,карточка-112,,,,,,карточка-112,,карточка-112,,,,,,,карточка-112,,,карточка -112,,,,,,,,,,
1,2,9,2,1020902,,транспорт,транспорт прочее,дым,,задымление: транспорт (прочее),Пожар: машина,MCHS,Пожар: Транспортное средство,,,,,Пожар: Транспортное средство,,горит автотранспортное средство,,,,отравление,нет реагирования,,,,карточка-112,карточка-112,карточка-112,карточка-112,,,,,,,карточка-112,карточка-112,,карточка-112,,,,,,,,,,,,Пожар: машина,,Пожар,Пожар,карточка-112,,,,,,,,,,,,,,,,карточка-112,карточка-112,,,,,,карточка-112,,карточка-112,карточка-112,,,,,,карточка-112,,,карточка -112,,,,,,,,,,
1,2,10,1,1021001,,транспорт,водный,открытое пламя,,пожар: водный транспорт,НЕТ в ЕКП,MCHS,Пожар: Морское/речное судно,,,,,Пожар: Морское/речное судно,Пожар: Морское/речное судно,пожар,,,,пожар,нет реагирования,,,,карточка-112,карточка-112,карточка-112,карточка-112,карточка-112,,,,,,карточка-112,карточка-112,,,,,карточка-112,,,,,,,,,"Транспортная авария:Авария лодки, катера",,Пожар,Пожар,карточка-112,,,,карточка-112,,,,,,,,,,,,карточка-112,карточка-112,,,,,,карточка-112,,карточка-112,карточка-112,,,,,,карточка-112,,карточка-112,,,,,,,,,,,
1,2,10,2,1021002,,транспорт,водный,дым,,задымление: водный транспорт,НЕТ в ЕКП,MCHS,Пожар: Морское/речное судно,,,,,Пожар: Морское/речное судно,Пожар: Морское/речное судно,,пожар,пожар,,отравление,нет реагирования,,,,карточка-112,карточка-112,карточка-112,карточка-112,,,,,,,карточка-112,карточка-112,,,,,карточка-112,,,,,,,,,"Транспортная авария:Авария лодки, катера",,Пожар,Пожар,карточка-112,,,,карточка-112,,карточка -112,,,,,,,,,,карточка-112,карточка-112,,,,,,карточка-112,,карточка-112,карточка-112,,,,,,карточка-112,,карточка-112,,,,,,,,,,,
1,2,11,1,1021101,,транспорт,мост,открытое пламя,,пожар: мост,НЕТ в ЕКП,MCHS,Пожар: Мост,,,,,,,пожар,пожар,пожар,,пожар,нет реагирования,пожар,,,карточка-112,карточка-112,карточка-112,карточка-112,,,,,,,карточка-112,карточка-112,карточка-112,,,,,,,,,,,,,пожар: Машина,,Пожар,Пожар,карточка-112,,,,,,карточка -112,,,,,,,,,,карточка-112,карточка-112,,,,,,карточка-112,,карточка-112,карточка-112,,пожар: мост,,,,карточка-112,,,карточка -112,,,,,,,,,,
1,2,11,2,1021102,,транспорт,мост,дым,,задымление: мост,НЕТ в ЕКП,MCHS,Пожар: Мост,,,,,,,,пожар,пожар,,отравление,нет реагирования,Задымление,,,карточка-112,карточка-112,карточка-112,карточка-112,,,,,,,карточка-112,карточка-112,карточка-112,,,,,,,,,,,,,пожар: Машина,,Пожар,Пожар,карточка-112,,,,,,,,,,,,,,,,карточка-112,карточка-112,,,,,,карточка-112,,карточка-112,,,задымление: мост,,,,карточка-112,,,карточка -112,,,,,,,,,,
1,2,12,1,1021201,,транспорт,эстакада,открытое пламя,,пожар: эстакада,НЕТ в ЕКП,MCHS,Пожар: Мост,,,,,,,пожар,,,,пожар,нет реагирования,пожар,,,карточка-112,карточка-112,карточка-112,карточка-112,,,,,,,карточка-112,карточка-112,карточка-112,,,,,,,,,,,,,пожар: Машина,,Пожар,Пожар,карточка-112,,,,,,карточка -112,,,,,,,,,,карточка-112,карточка-112,,,,,,карточка-112,,карточка-112,карточка-112,,пожар: эстакада,,,,карточка-112,,,карточка -112,,,,,,,,,,
1,2,12,2,1021202,,транспорт,эстакада,дым,,задымление: эстакада,НЕТ в ЕКП,MCHS,Пожар: Мост,,,,,,,,пожар,пожар,,отравление,нет реагирования,Задымление,,,карточка-112,карточка-112,карточка-112,карточка-112,,,,,,,карточка-112,карточка-112,карточка-112,,,,,,,,,,,,,пожар: Машина,,Пожар,Пожар,карточка-112,,,,,,,,,,,,,,,,карточка-112,карточка-112,,,,,,карточка-112,,карточка-112,,,задымление: эстакада,,,,карточка-112,,,карточка -112,,,,,,,,,,
1,2,13,1,1021301,,транспорт,тоннель,открытое пламя,,пожар: тоннель,пожар: тоннель,MCHS,Пожар: Тоннель,,,,,,,пожар,,,,пожар,нет реагирования,пожар,,,карточка-112,карточка-112,карточка-112,карточка-112,карточка-112,,,,,,карточка-112,карточка-112,карточка-112,карточка-112,карточка-112,карточка-112,,,,,,,,карточка-112,,пожар: тоннель,,Пожар,Пожар,карточка-112,,,,,,карточка -112,,,,,,,,,,карточка-112,карточка-112,,,,,,карточка-112,,карточка-112,карточка-112,,пожар: тоннель,,,,карточка-112,,,карточка -112,,,,,,,,,,
1,2,13,2,1021302,,транспорт,тоннель,дым,,задымление: тоннель,пожар: тоннель,MCHS,Пожар: Тоннель,,,,,,,пожар,,,,отравление,нет реагирования,Задымление,,,карточка-112,карточка-112,карточка-112,карточка-112,карточка-112,,,,,,карточка-112,карточка-112,карточка-112,карточка-112,карточка-112,карточка-112,,,,,,,,карточка-112,,пожар: тоннель,,Пожар,Пожар,карточка-112,,,,,,,,,,,,,,,,карточка-112,карточка-112,,,,,,карточка-112,,карточка-112,карточка-112,,задымление: тоннель,,,,карточка-112,,,карточка -112,,,,,,,,,,
1,2,14,1,1021401,,транспорт,переход подземный / наземный,открытое пламя,,пожар: переход,пожар: пешеходный переход,MCHS,пожар: Другое,,,,,,,пожар,,,,пожар,нет реагирования,пожар,,,карточка-112,карточка-112,карточка-112,карточка-112,,,,,,,карточка-112,карточка-112,карточка-112,карточка-112,карточка-112,карточка-112,,,,,,,,,,пожар: пешеходный переход,,,,карточка-112,,,,,,карточка -112,,,,,,,,,,карточка-112,карточка-112,,,,,,карточка-112,,карточка-112,карточка-112,,пожар: переход,,,,карточка-112,,,,,,,,,,,,,
1,2,14,2,1021402,,транспорт,переход подземный / наземный,дым,,задымление: переход,пожар: пешеходный переход,MCHS,пожар: Другое,,,,,,,пожар,,,,отравление,нет реагирования,Задымление,,,карточка-112,карточка-112,карточка-112,карточка-112,,,,,,,карточка-112,карточка-112,карточка-112,карточка-112,карточка-112,карточка-112,,,,,,,,,,пожар: пешеходный переход,,,,карточка-112,,,,,,,,,,,,,,,,карточка-112,карточка-112,,,,,,карточка-112,,карточка-112,,,задымление: переход,,,,карточка-112,,,,,,,,,,,,,
1,3,0,1,1030001,пожар в метро,метро,,открытое пламя,,пожар: метро,пожар: метро,MCHS,пожар: метро,,,,,,,задымление/пожар в метро,,,,пожар,нет реагирования,пожар,,карточка-112,карточка-112,карточка-112,карточка-112,карточка-112,карточка-112,,,,карточка-112,,,карточка-112,,,,,,,,карточка-112,,,,карточка-112,,пожар: метро,,Пожар,Пожар,карточка-112,,,,,,карточка -112,,,,,,,,,карточка-112,карточка-112,карточка-112,,,,,,карточка-112,,карточка-112,карточка-112,,,,,,карточка-112,,карточка-112,,,,,,,,,,,
1,3,0,2,1030002,,метро,,дым,,задымление: метро,пожар: метро,MCHS,пожар: метро,,,,,,,задымление/пожар в метро,,,,отравление,нет реагирования,Задымление,,карточка-112,карточка-112,карточка-112,карточка-112,карточка-112,карточка-112,,,,карточка-112,,,карточка-112,,,,,,,,карточка-112,,,,карточка-112,,пожар: метро,,Пожар,Пожар,карточка-112,,,,,,,,,,,,,,,карточка-112,карточка-112,карточка-112,,,,,,карточка-112,,карточка-112,карточка-112,,,,,,карточка-112,,карточка-112,,,,,,,,,,,
1,3,1,1,1030101,,метро,"вагон/поезд, ",открытое пламя,,"пожар: метро (вагон, поезд)",пожар: подвижной состав метро,MCHS,пожар: метро,,,,,,,задымление/пожар в метро,,,,пожар,нет реагирования,пожар,,карточка-112,карточка-112,карточка-112,карточка-112,карточка-112,карточка-112,,,,карточка-112,,,карточка-112,,,,,,,,карточка-112,,,,,,пожар: подвижной состав метро,,Пожар,Пожар,карточка-112,,,,,,карточка -112,,,,,,,,,карточка-112,карточка-112,карточка-112,,,,,,карточка-112,,карточка-112,карточка-112,,"пожар: метро (вагон, поезд)",,,,карточка-112,,карточка-112,,,,,,,,,,,
1,3,1,2,1030102,,метро,"вагон/поезд, ",дым,,"задымление: метро (вагон, поезд)",пожар: подвижной состав метро,MCHS,пожар: метро,,,,,,,задымление/пожар в метро,,,,отравление,нет реагирования,Задымление,,карточка-112,карточка-112,карточка-112,карточка-112,карточка-112,карточка-112,,,,карточка-112,,,карточка-112,,,,,,,,карточка-112,,,,,,пожар: подвижной состав метро,,Пожар,Пожар,карточка-112,,,,,,,,,,,,,,,карточка-112,карточка-112,карточка-112,,,,,,карточка-112,,карточка-112,карточка-112,,"задымление: метро (вагон, поезд)",,,,карточка-112,,карточка-112,,,,,,,,,,,
1,3,2,1,1030201,,метро,"станция/вестибюль, тоннель / перегон, переход, платформа, эскалатор, прочее",открытое пламя,,"пожар: метро (станция, тоннель)",пожар: метро,MCHS,пожар: метро,,,,,,,задымление/пожар в метро,,,,пожар,нет реагирования,пожар,,карточка-112,карточка-112,карточка-112,карточка-112,карточка-112,карточка-112,,,,карточка-112,,,карточка-112,,,,,,,,карточка-112,,,,карточка-112,,пожар: метро,,Пожар,Пожар,карточка-112,,,,,,карточка -112,,,,,,,,,карточка-112,карточка-112,карточка-112,,,,,,карточка-112,,карточка-112,карточка-112,,"пожар: метро (станция, тоннель)",,,,карточка-112,,карточка-112,,,,,,,,,,,
1,3,2,2,1030202,,метро,"станция/вестибюль, тоннель / перегон, переход, платформа, эскалатор, прочее",дым,,"задымление: метро (станция, тоннель)",пожар: метро,MCHS,пожар: метро,,,,,,,задымление/пожар в метро,,,,отравление,нет реагирования,Задымление,,карточка-112,карточка-112,карточка-112,карточка-112,карточка-112,карточка-112,,,,карточка-112,,,карточка-112,,,,,,,,карточка-112,,,,карточка-112,,пожар: метро,,Пожар,Пожар,карточка-112,,,,,,,,,,,,,,,карточка-112,карточка-112,карточка-112,,,,,,карточка-112,,карточка-112,карточка-112,,"задымление: метро (станция, тоннель)",,,,карточка-112,,карточка-112,,,,,,,,,,,
1,3,3,0,1030300,,метро,сработала сигнализация,,,пожарная сигнализация (метро),пожар: сигнализация,MCHS,пожар: сигнализация,,,,,,,задымление/пожар в метро,,,,пожар,нет реагирования,,,,,,,карточка-112,,,,,карточка-112,,,карточка-112,,,,,,,,карточка-112,,,,,,пожар: метро,,Пожар,Пожар,карточка-112,,,,,,,,,,,,,,,,карточка-112,карточка-112,,,,,,карточка-112,,карточка-112,карточка-112,,,,,,,,,,,,,,,,,,,
1,4,0,1,1040001,пожар в МЦК,МЦК,,открытое пламя,,пожар: МЦК,пожар: метро,MCHS,Пожар: МЦК/МЦД,,,,,,,пожар,,,,пожар,нет реагирования,пожар,,карточка-112,карточка-112,карточка-112,карточка-112,карточка-112,карточка-112,,,,карточка-112,,,карточка-112,,,,,,,,карточка-112,,,,карточка-112,,пожар: метро,,Пожар,Пожар,карточка-112,,карточка-112,,,,карточка -112,,,,,,,,,карточка-112,карточка-112,карточка-112,,,,,,карточка-112,,карточка-112,карточка-112,,пожар: МЦК,,,,карточка-112,,карточка-112,,,,,,,,,,,
1,4,0,2,1040002,,МЦК,,дым,,задымление: МЦК,пожар: метро,MCHS,Пожар: МЦК/МЦД,,,,,,,пожар,,,,отравление,нет реагирования,Задымление,,карточка-112,карточка-112,карточка-112,карточка-112,карточка-112,карточка-112,,,,карточка-112,,,карточка-112,,,,,,,,карточка-112,,,,карточка-112,,пожар: метро,,Пожар,Пожар,карточка-112,,карточка-112,,,,,,,,,,,,,карточка-112,карточка-112,карточка-112,,,,,,карточка-112,,карточка-112,карточка-112,,задымление: МЦК,,,,карточка-112,,карточка-112,,,,,,,,,,,
1,4,1,1,1040101,,МЦК,"вагон/поезд, ",открытое пламя,,"пожар: МЦК (вагон, поезд)",пожар: подвижной состав метро,MCHS,Пожар: МЦК/МЦД,,,,,,,пожар,,,,пожар,нет реагирования,пожар,,карточка-112,карточка-112,карточка-112,карточка-112,карточка-112,карточка-112,,,,карточка-112,,,карточка-112,,,,,,,,карточка-112,,,,,,пожар: подвижной состав метро,,Пожар,Пожар,карточка-112,,карточка-112,,,,карточка -112,,,,,,,,,карточка-112,карточка-112,карточка-112,,,,,,карточка-112,,карточка-112,карточка-112,,"пожар: МЦК (вагон, поезд)",,,,карточка-112,,карточка-112,,,,,,,,,,,
1,4,1,2,1040102,,МЦК,"вагон/поезд, ",дым,,"задымление: МЦК (вагон, поезд)",пожар: подвижной состав метро,MCHS,Пожар: МЦК/МЦД,,,,,,,пожар,,,,отравление,нет реагирования,Задымление,,карточка-112,карточка-112,карточка-112,карточка-112,карточка-112,карточка-112,,,,карточка-112,,,карточка-112,,,,,,,,карточка-112,,,,,,пожар: подвижной состав метро,,Пожар,Пожар,карточка-112,,карточка-112,,,,,,,,,,,,,карточка-112,карточка-112,карточка-112,,,,,,карточка-112,,карточка-112,карточка-112,,"задымление: МЦК (вагон, поезд)",,,,карточка-112,,карточка-112,,,,,,,,,,,
1,4,2,1,1040201,,МЦК,"станция/вестибюль, тоннель / перегон, переход, платформа, эскалатор, прочее",открытое пламя,,"пожар: МЦК (станция, перегон)",пожар: метро,MCHS,Пожар: МЦК/МЦД,,,,,,,пожар,,,,пожар,нет реагирования,пожар,,карточка-112,карточка-112,карточка-112,карточка-112,карточка-112,карточка-112,,,,карточка-112,,,карточка-112,,,,,,,,карточка-112,,,,карточка-112,,пожар: метро,,Пожар,Пожар,карточка-112,,карточка-112,,,,карточка -112,,,,,,,,,карточка-112,карточка-112,карточка-112,,,,,,карточка-112,,карточка-112,карточка-112,,"пожар: МЦК (станция, перегон)",,,,карточка-112,,карточка-112,,,,,,,,,,,
1,4,2,2,1040202,,МЦК,"станция/вестибюль, тоннель / перегон, переход, платформа, эскалатор, прочее",дым,,"задымление: МЦК (станция, перегон)",пожар: метро,MCHS,Пожар: МЦК/МЦД,,,,,,,пожар,,,,отравление,нет реагирования,Задымление,,карточка-112,карточка-112,карточка-112,карточка-112,карточка-112,карточка-112,,,,карточка-112,,,карточка-112,,,,,,,,карточка-112,,,,карточка-112,,пожар: метро,,Пожар,Пожар,карточка-112,,карточка-112,,,,,,,,,,,,,карточка-112,карточка-112,карточка-112,,,,,,карточка-112,,карточка-112,карточка-112,,"задымление: МЦК (станция, перегон)",,,,карточка-112,,карточка-112,,,,,,,,,,,
1,4,3,0,1040300,,МЦК,сработала сигнализация,,,пожарная сигнализация (МЦК),пожар: сигнализация,MCHS,пожар: сигнализация,,,,,,,пожар,,,,пожар,нет реагирования,Задымление,,,,,,карточка-112,,,,,карточка-112,,,карточка-112,,,,,,,,карточка-112,,,,,,пожар: метро,,Пожар,Пожар,карточка-112,,карточка-112,,,,,,,,,,,,,,карточка-112,карточка-112,,,,,,карточка-112,,карточка-112,карточка-112,,,,,,,,,,,,,,,,,,,
1,5,0,1,1050001,пожар в жилом доме,жилой дом,,открытое пламя,,пожар: жилой дом,пожар: квартира,MCHS,пожар: квартира,,,,,,,пожар,,,,пожар,нет реагирования,,пожар,,карточка-112,карточка-112,карточка-112,карточка-112,,,карточка-112,,,,карточка-112,карточка-112,,,,,,,,,,,,,карточка-112,пожар: квартира,,Пожар,Пожар,карточка-112,,,,,,карточка -112,,,,,карточка-112,,,,,карточка-112,карточка-112,,,,,карточка-112,карточка-112,,карточка-112,карточка-112,,,,пожар: жилой дом,карточка-112,карточка-112,,,карточка -112,,,,,,,,,,
1,5,1,1,1050101,,жилой дом,квартира,открытое пламя,,пожар: квартира,пожар: квартира,MCHS,пожар: квартира,,,,,,,пожар,,,,пожар,нет реагирования,,пожар,,карточка-112,карточка-112,карточка-112,карточка-112,,,карточка-112,,,,карточка-112,карточка-112,,,,,,,,,,,,,карточка-112,пожар: квартира,,Пожар,Пожар,карточка-112,,,,,,карточка -112,,,,,карточка-112,,,,,карточка-112,карточка-112,,,,,карточка-112,карточка-112,,карточка-112,карточка-112,,,,пожар: квартира,карточка-112,карточка-112,,,,,,,,,,,,,
1,5,2,1,1050201,,жилой дом,балкон,открытое пламя,,пожар: балкон,пожар: балкон,MCHS,пожар: балкон,,,,,,,пожар,,,,пожар,нет реагирования,,пожар,,карточка-112,карточка-112,карточка-112,карточка-112,,,карточка-112,,,,карточка-112,карточка-112,,,,,,,,,,,,,карточка-112,пожар: балкон,,Пожар,Пожар,карточка-112,,,,,,,,,,,,,,,,карточка-112,карточка-112,,,,,карточка-112,карточка-112,,карточка-112,карточка-112,,,,пожар: балкон,карточка-112,карточка-112,,,,,,,,,,,,,
1,5,3,1,1050301,,жилой дом,газовая колонка,открытое пламя,,пожар: газовая колонка,пожар: газовая колонка,MCHS,пожар: квартира,,,,,,,пожар,,,,пожар,нет реагирования,пожар,,,карточка-112,карточка-112,карточка-112,карточка-112,,,карточка-112,,,,карточка-112,карточка-112,,,,,,,,,,,,,карточка-112,пожар: газовая колонка,,Пожар,Пожар,карточка-112,,,,,,,,,,,,,,,,карточка-112,карточка-112,,,,,карточка-112,карточка-112,,карточка-112,карточка-112,,,,,,карточка-112,,,,,,,,,,,,,
1,5,4,1,1050401,,жилой дом,газовая плита,открытое пламя,,пожар: газовая плита,пожар: газовая плита,MCHS,пожар: квартира,,,,,,,пожар,,,,пожар,нет реагирования,пожар,,,карточка-112,карточка-112,карточка-112,карточка-112,,,карточка-112,,,,карточка-112,карточка-112,,,,,,,,,,,,,карточка-112,пожар: газовая плита,,Пожар,Пожар,карточка-112,,,,,,,,,,,,,,,,карточка-112,карточка-112,,,,,карточка-112,карточка-112,,карточка-112,карточка-112,,,,,,карточка-112,,,,,,,,,,,,,
1,5,5,1,1050501,,жилой дом,лифт,открытое пламя,,пожар: лифт,пожар: лифт,MCHS,пожар: лифт,,,,,,,пожар,,,,пожар,нет реагирования,,пожар,,карточка-112,карточка-112,карточка-112,карточка-112,,,карточка-112,,,,карточка-112,карточка-112,,,,,,,карточка-112,,,,,,карточка-112,пожар: лифт,,Пожар,Пожар,карточка-112,,,,,,карточка -112,,,,,карточка-112,,,,,карточка-112,карточка-112,,,,,карточка-112,карточка-112,,карточка-112,карточка-112,,,,пожар: лифт,карточка-112,карточка-112,,,,,,,,,,,,,
1,5,6,1,1050601,,жилой дом,мусоропровод,открытое пламя,,пожар: мусоропровод,пожар: мусоропровод,MCHS,пожар: мусоропровод,,,,,,,пожар,пожар,пожар,,пожар,нет реагирования,,,,карточка-112,карточка-112,карточка-112,карточка-112,,,карточка-112,,,,карточка-112,карточка-112,,,,,,,,,,,,,,пожар: мусоропровод,,Пожар,Пожар,карточка-112,,,,,,,,,,,,,,,,карточка-112,карточка-112,,,,,карточка-112,карточка-112,,карточка-112,карточка-112,,,,пожар: мусоропровод,карточка-112,карточка-112,,,,,,,,,,,,,
1,5,7,1,1050701,,жилой дом,подъезд,открытое пламя,,пожар: подъезд,пожар: подъезд,MCHS,пожар: подъезд,,,,,,,пожар,,,,пожар,нет реагирования,,пожар,,карточка-112,карточка-112,карточка-112,карточка-112,,,карточка-112,,,,карточка-112,карточка-112,,,,,,,,,,,,,,пожар: подъезд,,Пожар,Пожар,карточка-112,,,,,,карточка -112,,,,,,,,,,карточка-112,карточка-112,,,,,карточка-112,карточка-112,,карточка-112,карточка-112,,,,пожар: подъезд,карточка-112,карточка-112,,,,,,,,,,,,,
1,5,16,0,1051600,,жилой дом,сигнализация,,,пожарная сигнализация (жилой дом),пожар: сигнализация,MCHS,пожар: сигнализация,,,,,,,,,,,пожар,нет реагирования,,,,карточка-112,карточка-112,карточка-112,карточка-112,,,,,,,,карточка-112,,,,,,,,,,,,,,,,,,карточка-112,,,,,,,,,,,,,,,,карточка-112,карточка-112,,,,,карточка-112,карточка-112,,карточка-112,карточка-112,,,карточка-112,пожарная сигнализация (жилой дом),карточка-112,карточка-112,,,,,,,,,,,,,
1,5,8,1,1050801,,жилой дом,счетчик электричества,открытое пламя,,пожар: счетчик электричества,пожар: счетчик электричества,MCHS,пожар: счетчик электричества,,,,,,,пожар,пожар,пожар,,пожар,нет реагирования,,,,карточка-112,карточка-112,карточка-112,карточка-112,,,,,,,карточка-112,карточка-112,,,,,,,,,,,,,,пожар: счетчик электричества,,,,карточка-112,,,,,,,,,,,,,,,,карточка-112,карточка-112,,,,,карточка-112,карточка-112,,карточка-112,карточка-112,,,,пожар: счетчик электричества,карточка-112,карточка-112,,,,,,,,,,,,,
1,5,9,1,1050901,,жилой дом,частный дом,открытое пламя,,пожар: частный дом,пожар: частный дом,MCHS,пожар: частный дом,,,,,,,пожар,,,,пожар,нет реагирования,,пожар,,карточка-112,карточка-112,карточка-112,карточка-112,,,карточка-112,,,,карточка-112,карточка-112,,,,,,,,,,,,,,пожар: частный дом,,Пожар,Пожар,карточка-112,,,,,,карточка -112,,,,,,,,,,карточка-112,карточка-112,,,,,,карточка-112,,карточка-112,карточка-112,,пожар: частный дом,,,,,,,,,,,,,,,,,
1,5,10,1,1051001,,жилой дом,электрическая проводка,открытое пламя,,пожар: электрическая проводка,пожар: электрическая проводка,MCHS,пожар: электрическая проводка,,,,,,,пожар,пожар,пожар,,пожар,нет реагирования,,,,карточка-112,карточка-112,карточка-112,карточка-112,,,карточка-112,,,,карточка-112,карточка-112,,,,,,,,,,,,,,пожар: электрическая проводка,,Пожар,Пожар,карточка-112,,,,,,,,,,,,,,,,карточка-112,карточка-112,,,,,карточка-112,карточка-112,,карточка-112,карточка-112,,,,пожар: электрическая проводка,карточка-112,карточка-112,,,,,,,,Карточка-112,,,,,
1,5,11,1,1051101,,жилой дом,электрощит,открытое пламя,,пожар: электрощит,пожар: электрощит,MCHS,пожар: электрощит,,,,,,,пожар,пожар,пожар,,пожар,нет реагирования,,,,карточка-112,карточка-112,карточка-112,карточка-112,,,карточка-112,,,,карточка-112,карточка-112,,,,,,,,,,,,карточка-112,,пожар: электрощит,,Пожар,Пожар,карточка-112,,,,,,,,,,,,,,,,карточка-112,карточка-112,,,,,карточка-112,карточка-112,,карточка-112,карточка-112,,,,пожар: электрощит,карточка-112,карточка-112,,,,,,,,Карточка-112,,,,,
1,5,12,1,1051201,,жилой дом,лестничная клетка,открытое пламя,,пожар: лестничная клетка,пожар: лестничная клетка,MCHS,пожар: лестничная клетка,,,,,,,пожар,пожар,пожар,,пожар,нет реагирования,,пожар,,карточка-112,карточка-112,карточка-112,карточка-112,,,карточка-112,,,,карточка-112,карточка-112,,,,,,,,,,,,,,пожар: лестничная клетка,,Пожар,Пожар,карточка-112,,,,,,,,,,,,,,,,карточка-112,карточка-112,,,,,карточка-112,карточка-112,,карточка-112,карточка-112,,,,пожар: лестничная клетка,карточка-112,карточка-112,,,,,,,,,,,,,
1,5,13,1,1051301,,жилой дом,подвал,открытое пламя,,пожар: подвал,пожар: подвал,MCHS,пожар: подвал,,,,,,,пожар,пожар,пожар,,пожар,нет реагирования,,пожар,,карточка-112,карточка-112,карточка-112,карточка-112,,,карточка-112,,,,карточка-112,карточка-112,,,,,,,,,,карточка-112,,,,пожар: подвал,,Пожар,Пожар,карточка-112,,,,,,карточка -112,,,,,,,,,,карточка-112,карточка-112,,,,,карточка-112,карточка-112,,карточка-112,карточка-112,,,,пожар: подвал,карточка-112,карточка-112,,,,,,,,Карточка-112,,,,,
1,5,14,1,1051401,,жилой дом,дача,открытое пламя,,пожар: дача,пожар: дача,MCHS,пожар: дача,,,,,,,пожар,,,,пожар,нет реагирования,,пожар,,карточка-112,карточка-112,карточка-112,карточка-112,,,карточка-112,,,,карточка-112,карточка-112,,,,,,,,,,,,,,пожар: дача,,Пожар,Пожар,карточка-112,,,,,,,,,,,,,,,,карточка-112,карточка-112,,,,,,карточка-112,,карточка-112,карточка-112,,пожар: дача,,,,,,,,,,,,,,,,,
1,5,15,1,1051501,,жилой дом,прочие внутридомовые объекты,открытое пламя,,пожар: жилой дом (прочее),пожар: квартира,MCHS,пожар: квартира,,,,,,,пожар,,,,пожар,нет реагирования,,пожар,,карточка-112,карточка-112,карточка-112,карточка-112,,,карточка-112,,,,карточка-112,карточка-112,,,,,,,,,,,,,карточка-112,пожар: квартира,,Пожар,Пожар,карточка-112,,,,,,,,,,,карточка-112,,,,,карточка-112,карточка-112,,,,,карточка-112,карточка-112,,карточка-112,карточка-112,,,,пожар: жилой дом (прочее),карточка-112,карточка-112,,,карточка -112,,,,,,,,,,
1,5,0,2,1050002,,жилой дом,,дым,,задымление: жилой дом,пожар: квартира,MCHS,пожар: квартира,,,,,,,пожар,,,,отравление,нет реагирования,,Задымление,,карточка-112,карточка-112,карточка-112,карточка-112,,,карточка-112,,,,карточка-112,карточка-112,,,,,,,,,,,,,карточка-112,пожар: квартира,,Пожар,Пожар,карточка-112,,,,,,,,,,,карточка-112,,,,,карточка-112,карточка-112,,,,,,карточка-112,,карточка-112,,,,,задымление: жилой дом,карточка-112,карточка-112,,,карточка -112,,,,,,,,,,
1,5,1,2,1050102,,жилой дом,квартира,дым,,задымление: квартира,пожар: квартира,MCHS,пожар: квартира,,,,,,,пожар,,,,отравление,нет реагирования,,Задымление,,карточка-112,карточка-112,карточка-112,карточка-112,,,карточка-112,,,,карточка-112,карточка-112,,,,,,,,,,,,,карточка-112,пожар: квартира,,Пожар,Пожар,карточка-112,,,,,,,,,,,карточка-112,,,,,карточка-112,карточка-112,,,,,карточка-112,карточка-112,,карточка-112,,,,,задымление: квартира,карточка -112 ,карточка-112,,,,,,,,,,,,,
1,5,2,2,1050202,,жилой дом,балкон,дым,,задымление: балкон,пожар: балкон,MCHS,пожар: балкон,,,,,,,пожар,,,,отравление,нет реагирования,,Задымление,,карточка-112,карточка-112,карточка-112,карточка-112,,,карточка-112,,,,карточка-112,карточка-112,,,,,,,,,,,,,карточка-112,пожар: балкон,,Пожар,Пожар,карточка-112,,,,,,,,,,,,,,,,карточка-112,карточка-112,,,,,карточка-112,карточка-112,,карточка-112,,,,,задымление: балкон,карточка-112,карточка-112,,,,,,,,,,,,,
1,5,3,2,1050302,,жилой дом,газовая колонка,дым,,задымление: газовая колонка,пожар: газовая колонка,MCHS,пожар: квартира,,,,,,,пожар,,,,отравление,нет реагирования,пожар,,,карточка-112,карточка-112,карточка-112,карточка-112,,,карточка-112,,,,карточка-112,карточка-112,,,,,,,,,,,,,карточка-112,пожар: газовая колонка,,Пожар,Пожар,карточка-112,,,,,,,,,,,,,,,,карточка-112,карточка-112,,,,,карточка-112,карточка-112,,карточка-112,,,,,,,карточка-112,,,,,,,,,,,,,
1,5,4,2,1050402,,жилой дом,газовая плита,дым,,задымление: газовая плита,пожар: газовая плита,MCHS,пожар: квартира,,,,,,,пожар,,,,отравление,нет реагирования,пожар,,,карточка-112,карточка-112,карточка-112,карточка-112,,,карточка-112,,,,карточка-112,карточка-112,,,,,,,,,,,,,карточка-112,пожар: газовая плита,,Пожар,Пожар,карточка-112,,,,,,,,,,,,,,,,карточка-112,карточка-112,,,,,карточка-112,карточка-112,,карточка-112,,,,,,,карточка-112,,,,,,,,,,,,,
1,5,5,2,1050502,,жилой дом,лифт,дым,,задымление: лифт,пожар: лифт,MCHS,пожар: лифт,,,,,,,пожар,,,,отравление,нет реагирования,,Задымление,,карточка-112,карточка-112,карточка-112,карточка-112,,,карточка-112,,,,карточка-112,карточка-112,,,,,,,карточка-112,,,,,,карточка-112,пожар: лифт,,Пожар,Пожар,карточка-112,,,,,,,,,,,карточка-112,,,,,карточка-112,карточка-112,,,,,карточка-112,карточка-112,,карточка-112,,,,,задымление: лифт,карточка-112,карточка-112,,,,,,,,,,,,,
1,5,6,2,1050602,,жилой дом,мусоропровод,дым,,задымление: мусоропровод,пожар: мусоропровод,MCHS,пожар: мусоропровод,,,,,,,пожар,,,,отравление,нет реагирования,,,,карточка-112,карточка-112,карточка-112,карточка-112,,,карточка-112,,,,карточка-112,карточка-112,,,,,,,,,,,,,,пожар: мусоропровод,,Пожар,Пожар,карточка-112,,,,,,,,,,,,,,,,карточка-112,карточка-112,,,,,карточка-112,карточка-112,,карточка-112,,,,,задымление: мусоропровод,карточка-112,карточка-112,,,,,,,,,,,,,
1,5,7,2,1050702,,жилой дом,подъезд,дым,,задымление: подъезд,пожар: подъезд,MCHS,пожар: подъезд,,,,,,,пожар,,,,отравление,нет реагирования,,Задымление,,карточка-112,карточка-112,карточка-112,карточка-112,,,карточка-112,,,,карточка-112,карточка-112,,,,,,,,,,,,,,пожар: подъезд,,Пожар,Пожар,карточка-112,,,,,,,,,,,,,,,,карточка-112,карточка-112,,,,,карточка-112,карточка-112,,карточка-112,,,,,задымление: подъезд,карточка-112,карточка-112,,,,,,,,,,,,,
1,5,8,2,1050802,,жилой дом,счетчик электричества,дым,,задымление: счетчик электричества,пожар: счетчик электричества,MCHS,пожар: счетчик электричества,,,,,,,,пожар,пожар,,отравление,нет реагирования,,,,карточка-112,карточка-112,карточка-112,карточка-112,,,,,,,карточка-112,карточка-112,,,,,,,,,,,,,,пожар: счетчик электричества,,,,карточка-112,,,,,,,,,,,,,,,,карточка-112,карточка-112,,,,,карточка-112,карточка-112,,карточка-112,,,,,задымление: счетчик электричества,карточка-112,карточка-112,,,,,,,,,,,,,
1,5,9,2,1050902,,жилой дом,частный дом,дым,,задымление: частный дом,пожар: частный дом,MCHS,пожар: частный дом,,,,,,,пожар,,,,отравление,нет реагирования,,Задымление,,карточка-112,карточка-112,карточка-112,карточка-112,,,карточка-112,,,,карточка-112,карточка-112,,,,,,,,,,,,,,пожар: частный дом,,Пожар,Пожар,карточка-112,,,,,,,,,,,,,,,,карточка-112,карточка-112,,,,,,карточка-112,,карточка-112,,,задымление: частный дом,,,,,,,,,,,,,,,,,
1,5,10,2,1051002,,жилой дом,электрическая проводка,дым,,задымление: электрическая проводка,пожар: электрическая проводка,MCHS,пожар: электрическая проводка,,,,,,,,пожар,пожар,,отравление,нет реагирования,,,,карточка-112,карточка-112,карточка-112,карточка-112,,,карточка-112,,,,карточка-112,карточка-112,,,,,,,,,,,,,,пожар: электрическая проводка,,Пожар,Пожар,карточка-112,,,,,,,,,,,,,,,,карточка-112,карточка-112,,,,,карточка-112,карточка-112,,карточка-112,,,,,задымление: электрическая проводка,карточка-112,карточка-112,,,,,,,,,,,,,
1,5,11,2,1051102,,жилой дом,электрощит,дым,,задымление: электрощит,пожар: электрощит,MCHS,пожар: электрощит,,,,,,,,пожар,пожар,,отравление,нет реагирования,,,,карточка-112,карточка-112,карточка-112,карточка-112,,,карточка-112,,,,карточка-112,карточка-112,,,,,,,,,,,,,,пожар: электрощит,,Пожар,Пожар,карточка-112,,,,,,,,,,,,,,,,карточка-112,карточка-112,,,,,карточка-112,карточка-112,,карточка-112,,,,,задымление: электрощит,карточка-112,карточка-112,,,,,,,,,,,,,
1,5,12,2,1051202,,жилой дом,лестничная клетка,дым,,задымление: лестничная клетка,пожар: лестничная клетка,MCHS,пожар: лестничная клетка,,,,,,,пожар,,,,отравление,нет реагирования,,,,карточка-112,карточка-112,карточка-112,карточка-112,,,карточка-112,,,,карточка-112,карточка-112,,,,,,,,,,,,,,пожар: лестничная клетка,,Пожар,Пожар,карточка-112,,,,,,,,,,,,,,,,карточка-112,карточка-112,,,,,карточка-112,карточка-112,,карточка-112,,,,,задымление: лестничная клетка,карточка-112,карточка-112,,,,,,,,,,,,,
1,5,13,2,1051302,,жилой дом,подвал,дым,,задымление: подвал,пожар: подвал,MCHS,пожар: подвал,,,,,,,пожар,,,,отравление,нет реагирования,,Задымление,,карточка-112,карточка-112,карточка-112,карточка-112,,,карточка-112,,,,карточка-112,карточка-112,,,,,,,,,,карточка-112,,,,пожар: подвал,,Пожар,Пожар,карточка-112,,,,,,,,,,,,,,,,карточка-112,карточка-112,,,,,карточка-112,карточка-112,,карточка-112,,,,,задымление: подвал,карточка-112,карточка-112,,,,,,,,,,,,,
1,5,14,2,1051402,,жилой дом,дача,дым,,задымление: дача,пожар: дача,MCHS,пожар: дача,,,,,,,пожар,,,,отравление,нет реагирования,,Задымление,,карточка-112,карточка-112,карточка-112,карточка-112,,,карточка-112,,,,карточка-112,карточка-112,,,,,,,,,,,,,,пожар: дача,,Пожар,Пожар,карточка-112,,,,,,,,,,,,,,,,карточка-112,карточка-112,,,,,,карточка-112,,карточка-112,,,задымление: дача,,,,,,,,,,,,,,,,,
1,5,15,2,1051502,,жилой дом,прочие внутридомовые объекты,дым,,задымление: жилой дом (прочие),пожар: квартира,MCHS,пожар: квартира,,,,,,,пожар,,,,отравление,нет реагирования,,Задымление,,карточка-112,карточка-112,карточка-112,карточка-112,,,карточка-112,,,,карточка-112,карточка-112,,,,,,,,,,,,,карточка-112,пожар: квартира,,Пожар,Пожар,карточка-112,,,,,,,,,,,карточка-112,,,,,карточка-112,карточка-112,,,,,карточка-112,карточка-112,,карточка-112,,,,,задымление: жилой дом (прочие),карточка-112,карточка-112,,,карточка -112,,,,,,,,,,
1,5,1,3,1050103,,жилой дом,квартира,запах гари,,запах гари в доме,запах гари в квартире,MCHS,пожар: квартира,,,,,,,,,,,отравление,нет реагирования,,,,,,,,,,,,,,,карточка-112,,,,,,,,,,,,,,,,,,карточка-112,,,,,,,,,,,,,,,,карточка-112,карточка-112,,,,,,карточка-112,,карточка-112,,,,,запах гари в доме,карточка-112,карточка-112,,,,,,,,,,,,,
1,5,7,3,1050703,,жилой дом,подъезд,запах гари,,запах гари в подъезде,запах гари в подъезде,MCHS,пожар: подъезд,,,,,,,,,,,отравление,нет реагирования,,,,,,,,,,,,,,,карточка-112,,,,,,,,,,,,,,,,,,карточка-112,,,,,,,,,,,,,,,,карточка-112,карточка-112,,,,,карточка-112,карточка-112,,карточка-112,,,,,запах гари в подъезде,карточка-112,карточка-112,,,,,,,,,,,,,
1,6,1,1,1060101,пожар-опасный объект,объект,учебное,открытое пламя,,Пожар: учебное заведение,пожар: школа,MCHS,пожар: школа,,,,,,,пожар,,,,пожар,нет реагирования,,пожар,,карточка-112,карточка-112,карточка-112,карточка-112,карточка-112,,,,,,карточка-112,карточка-112,,,,,,,,,,,,карточка-112,,пожар: школа,,Пожар,Пожар,карточка-112,,,карточка-112,,,карточка -112,,,,,,,,,,карточка-112,карточка-112,,,,,,карточка-112,,карточка-112,,,,,,,карточка-112,,,карточка -112,,,,,,,,,,
1,6,1,2,1060102,,объект,учебное,дым,,задымление: учебное заведение,пожар: школа,MCHS,пожар: школа,,,,,,,пожар,,,,отравление,нет реагирования,,Задымление,,карточка-112,карточка-112,карточка-112,карточка-112,,,,,,,карточка-112,карточка-112,,,,,,,,,,,,карточка-112,,пожар: школа,,Пожар,Пожар,карточка-112,,,карточка-112,,,карточка -112,,,,,,,,,,карточка-112,карточка-112,,,,,,карточка-112,,карточка-112,,,,,,,карточка-112,,,карточка -112,,,,,,,,,,
1,6,2,1,1060201,,объект,лечебное,открытое пламя,,пожар: лечебное заведение,пожар: больница,MCHS,пожар: больница,,,,,,,пожар,,,пожар,пожар,,,пожар,карточка-112,карточка-112,карточка-112,карточка-112,карточка-112,карточка-112,,,,,,карточка-112,карточка-112,,,,,,,,,,,,карточка-112,,пожар: больница,,Пожар,Пожар,карточка-112,,,,,,карточка -112,,,,,,,,,,карточка-112,карточка-112,,,,,,карточка-112,,карточка-112,карточка-112,,,,,,карточка-112,,,карточка -112,,,,,,,,,,
1,6,2,2,1060202,,объект,лечебное,дым,,задымление: лечебное заведение,пожар: больница,MCHS,пожар: больница,,,,,,,пожар,,,пожар,отравление,,,Задымление,карточка-112,карточка-112,карточка-112,карточка-112,карточка-112,карточка-112,,,,,,карточка-112,карточка-112,,,,,,,,,,,,карточка-112,,пожар: больница,,Пожар,Пожар,карточка-112,,,,,,карточка -112,,,,,,,,,,карточка-112,карточка-112,,,,,,карточка-112,,карточка-112,,,,,,,карточка-112,,,карточка -112,,,,,,,,,,
1,6,3,1,1060301,,объект,административное,открытое пламя,,пожар: административное здание,пожар: административное здание,MCHS,пожар: административное здание,,,,,,,пожар,,,,пожар,нет реагирования,,пожар,,карточка-112,карточка-112,карточка-112,карточка-112,карточка-112,,,,,,карточка-112,карточка-112,,,,,карточка-112,,карточка-112,,,карточка-112,,карточка-112,,пожар: административное здание,,Пожар,Пожар,карточка-112,,,карточка-112,,,карточка -112,,,,,,,,,карточка-112,карточка-112,карточка-112,,,,,,карточка-112,,карточка-112,карточка-112,,,карточка-112,,,карточка-112,,,карточка -112,,,,карточка-112,,,,,,
1,6,3,2,1060302,,объект,административное,дым,,задымление: административное здание,пожар: административное здание,MCHS,пожар: административное здание,,,,,,,пожар,,,,отравление,нет реагирования,,Задымление,,карточка-112,карточка-112,карточка-112,карточка-112,карточка-112,,,,,,карточка-112,карточка-112,,,,,карточка-112,,карточка-112,,,карточка-112,,карточка-112,,пожар: административное здание,,Пожар,Пожар,карточка-112,,,карточка-112,,,,,,,,,,,,,карточка-112,карточка-112,,,,,,карточка-112,,карточка-112,,,,карточка-112,,,карточка-112,,,карточка -112,,,,,,,,,,
1,6,4,1,1060401,,объект,общестенное место,открытое пламя,,пожар: общественное место,пожар: гостиница,MCHS,пожар: административное здание,,,,,,,пожар,,,,пожар,нет реагирования,,пожар,,карточка-112,карточка-112,карточка-112,карточка-112,карточка-112,,,,,,карточка-112,карточка-112,,,,,,,,,,карточка-112,,карточка-112,,пожар: гостиница,,Пожар,Пожар,карточка-112,,,,,,карточка -112,,,,,,,,карточка-112,карточка-112,карточка-112,карточка-112,,,,,,карточка-112,,карточка-112,карточка-112,,,карточка-112,,,,,,карточка -112,,,,,,,,,,
1,6,4,2,1060402,,объект,общестенное место,дым,,задымление: общественное место,пожар: гостиница,MCHS,пожар: административное здание,,,,,,,пожар,,,,отравление,нет реагирования,,Задымление,,карточка-112,карточка-112,карточка-112,карточка-112,,,,,,,карточка-112,карточка-112,,,,,,,,,,карточка-112,,карточка-112,,пожар: гостиница,,Пожар,Пожар,карточка-112,,,,,,,,,,,,,,карточка-112,карточка-112,карточка-112,карточка-112,,,,,,карточка-112,,карточка-112,,,,карточка-112,,,,,,карточка -112,,,,,,,,,,
1,6,5,1,1060501,,объект,опасный,открытое пламя,,пожар: опасный объект,пожар: завод,MCHS,пожар: завод,,,,,,,пожар,,,,пожар,нет реагирования,,пожар,,карточка-112,карточка-112,карточка-112,карточка-112,карточка-112,,карточка-112,,,,карточка-112,карточка-112,,,,,,,,,,карточка-112,,,,пожар: завод,,Пожар,Пожар,карточка-112,,,,,,карточка -112,,,,,,,,,карточка-112,карточка-112,карточка-112,,,карточка-112,,,карточка-112,,карточка-112,карточка-112,,пожар: опасный объект,,,,,,,карточка -112,,карточка-112,,карточка-112,Карточка-112,,,,,
1,6,5,2,1060502,,объект,опасный,дым,,задымление: опасный объект,пожар: завод,MCHS,пожар: завод,,,,,,,пожар,,,,отравление,нет реагирования,,Задымление,,карточка-112,карточка-112,карточка-112,карточка-112,карточка-112,,карточка-112,,,,карточка-112,карточка-112,,,,,,,,,,карточка-112,,,,пожар: завод,,Пожар,Пожар,карточка-112,,,,,,,,,,,,,,,карточка-112,карточка-112,карточка-112,,,,,,карточка-112,,карточка-112,карточка-112,,задымление: опасный объект,,,,,,,карточка -112,,карточка-112,,карточка-112,,,,,,
1,6,6,0,1060600,,объект,газопровод,,,пожар: газопровод,пожар: газопровод,MCHS,пожар: Другое,,,,,,,пожар,,,,пожар,нет реагирования,пожар,,,карточка-112,карточка-112,карточка-112,карточка-112,карточка-112,,карточка-112,,,,карточка-112,карточка-112,,,,,,,,,,карточка-112,,,,пожар: газопровод,карточка-112,Пожар,Пожар,карточка-112,,,,,,карточка -112,,,,,,,,,,карточка-112,карточка-112,,,карточка-112,,,карточка-112,,карточка-112,карточка-112,,пожар: газопровод,,,,,,,карточка -112,,,,карточка-112,Карточка-112,,,,,
1,6,7,0,1060700,,объект,газохранилище,,,пожар: газохранилище,пожар: газопровод,MCHS,пожар: Другое,,,,,,,пожар,,,,отравление,нет реагирования,пожар,,,карточка-112,карточка-112,карточка-112,карточка-112,карточка-112,,карточка-112,,,,карточка-112,карточка-112,,,,,,,,,,карточка-112,,,,пожар: газопровод,карточка-112,Пожар,Пожар,карточка-112,,,,,,карточка -112,,,,,,,,,,карточка-112,карточка-112,,,,,,карточка-112,,карточка-112,карточка-112,,пожар: газохранилище,,,,,,,карточка -112,,,,карточка-112,,,,,,
1,6,8,0,1060800,,объект,нефтепровод,,,пожар: нефтебаза,пожар: нефтебаза,MCHS,пожар: нефтебаза,,,,,,,пожар,,,,пожар,нет реагирования,,пожар,,карточка-112,карточка-112,карточка-112,карточка-112,карточка-112,,карточка-112,,,,карточка-112,карточка-112,,,,,,,,,,карточка-112,,,,пожар: нефтебаза,,Пожар,Пожар,карточка-112,,,,,,карточка -112,,карточка-112,,,,,,,,карточка-112,карточка-112,,,,,,карточка-112,,карточка-112,карточка-112,,пожар: нефтебаза,,,,,,,карточка -112,,,,,,,,,,
1,6,9,0,1060900,,объект,нефтехранилище,,,пожар: нефтехранилище,пожар: нефтебаза,MCHS,пожар: нефтебаза,,,,,,,пожар,,,,отравление,нет реагирования,,пожар,,карточка-112,карточка-112,карточка-112,карточка-112,карточка-112,,карточка-112,,,,карточка-112,карточка-112,,,,,,,,,,карточка-112,,,,пожар: нефтебаза,,Пожар,Пожар,карточка-112,,,,,,карточка -112,,карточка-112,,,,,,,,карточка-112,карточка-112,,,,,,карточка-112,,карточка-112,карточка-112,,пожар: нефтехранилище,,,,,,,карточка -112,,,,,,,,,,
1,6,10,1,1061001,,объект,наземные коммуникации,открытое пламя,,пожар: наземные коммуникации,пожар: пешеходный переход,MCHS,пожар,,,,,,,,пожар,пожар,,пожар,нет реагирования,,пожар,,карточка-112,карточка-112,карточка-112,карточка-112,,,,,,,карточка-112,карточка-112,,карточка-112,карточка-112,,,,карточка-112,,,,,,,пожар: пешеходный переход,,Пожар,Пожар,карточка-112,,,,,,,,,,,,,,,,карточка-112,карточка-112,,,карточка-112,,,карточка-112,,карточка-112,карточка-112,,пожар: наземные коммуникации,,,,карточка-112,,,карточка -112,,,,,Карточка-112,,,,,
1,6,10,2,1061002,,объект,наземные коммуникации,дым,,задымление: наземные коммуникации,пожар: пешеходный переход,MCHS,пожар,,,,,,,,пожар,пожар,,отравление,нет реагирования,,Задымление,,карточка-112,карточка-112,карточка-112,карточка-112,,,,,,,карточка-112,карточка-112,,карточка-112,карточка-112,,,,карточка-112,,,,,,,пожар: пешеходный переход,,Пожар,Пожар,карточка-112,,,,,,,,,,,,,,,,карточка-112,карточка-112,,,,,,карточка-112,,карточка-112,,,,,,,карточка-112,,,карточка -112,,,,карточка-112,,,,,,
1,6,11,1,1061101,,объект,подземные коммуникации,открытое пламя,,пожар: подземные коммуникации,пожар: подземные коммуникации,MCHS,пожар: подземные коммуникации,,,,,,,пожар,пожар,пожар,,пожар,нет реагирования,,пожар,,карточка-112,карточка-112,карточка-112,карточка-112,,,,,,,карточка-112,карточка-112,,карточка-112,карточка-112,,,,карточка-112,,,карточка-112,,карточка-112,,пожар: подземные коммуникации,карточка-112,Пожар,Пожар,карточка-112,карточка-112,,,,,,,,,,,,,,карточка-112,карточка-112,карточка-112,,,карточка-112,,,карточка-112,,карточка-112,карточка-112,,,,,,карточка-112,,,карточка -112,,,,карточка-112,Карточка-112,,,,,
1,6,11,2,1061102,,объект,подземные коммуникации,дым,,задымление: подземные коммуникации,пожар: подземные коммуникации,MCHS,пожар: подземные коммуникации,,,,,,,пожар,,,,отравление,нет реагирования,,Задымление,,карточка-112,карточка-112,карточка-112,карточка-112,,,,,,,карточка-112,карточка-112,,карточка-112,карточка-112,,,,карточка-112,,,карточка-112,,карточка-112,,пожар: подземные коммуникации,карточка-112,Пожар,Пожар,карточка-112,карточка-112,,,,,,,,,,,,,,карточка-112,карточка-112,карточка-112,,,,,,карточка-112,,карточка-112,карточка-112,,,,,,карточка-112,,,карточка -112,,,,карточка-112,,,,,,
1,6,12,1,1061201,,объект,гидросооружение,открытое пламя,,пожар: гидросооружение,НЕТ в ЕКП,MCHS,пожар,,,,,,,пожар,,,,пожар,нет реагирования,,пожар,,карточка-112,карточка-112,карточка-112,карточка-112,карточка-112,,,,,,карточка-112,карточка-112,,,,,карточка-112,,,,,,,,,пожар: Бойлерная,,Пожар,Пожар,карточка-112,,,,,,карточка -112,,,,,,,,,,карточка-112,карточка-112,,,,,,карточка-112,,карточка-112,карточка-112,,пожар: гидросооружение,,,,,,,карточка -112,,,,,,,,,,
1,6,12,2,1061202,,объект,гидросооружение,дым,,задымление:  гидросооружение,НЕТ в ЕКП,MCHS,пожар,,,,,,,пожар,,,,отравление,нет реагирования,,Задымление,,карточка-112,карточка-112,карточка-112,карточка-112,,,,,,,карточка-112,карточка-112,,,,,карточка-112,,,,,,,,,пожар: Бойлерная,,Пожар,Пожар,карточка-112,,,,,,,,,,,,,,,,карточка-112,карточка-112,,,,,,карточка-112,,карточка-112,карточка-112,,задымление:  гидросооружение,,,,,,,карточка -112,,,,,,,,,,
1,6,13,0,1061300,,объект,сигнализация,,,пожарная сигнализация на объекте,пожар: сигнализация,MCHS,пожар: сигнализация,,,,,,,,пожар,пожар,,пожар,нет реагирования,,пожар,,карточка-112,карточка-112,карточка-112,карточка-112,,,,,,,,карточка-112,,,,,,,,,,,,,,,,Пожар,Пожар,карточка-112,,,,,,,,,,,,,,,,карточка-112,карточка-112,,,,,,карточка-112,,карточка-112,карточка-112,,,,,,карточка-112,,,,,,,,,,,,,
1,6,14,1,1061401,,объект,производство,открытое пламя,,пожар: производство,Пожар: Производственный комплекс,MCHS,Пожар: Производственный комплекс,,,,,,,пожар,,,,пожар,нет реагирования,,пожар,,карточка-112,карточка-112,карточка-112,карточка-112,карточка-112,,,,,,карточка-112,карточка-112,,,,,,,,,,,,,,Пожар: Производственный комплекс,,Пожар,Пожар,карточка-112,,,,,,карточка -112,,,,,,,,,,карточка-112,карточка-112,,,карточка-112,,,карточка-112,,карточка-112,карточка-112,,пожар: производство,,,,,,,карточка -112,карточка-112,,,карточка-112,Карточка-112,,,,,
1,6,14,2,1061402,,объект,производство,дым,,задымление: производство,Пожар: Производственный комплекс,MCHS,Пожар: Производственный комплекс,,,,,,,пожар,,,,отравление,нет реагирования,,Задымление,,карточка-112,карточка-112,карточка-112,карточка-112,карточка-112,,,,,,карточка-112,карточка-112,,,,,,,,,,,,,,Пожар: Производственный комплекс,,Пожар,Пожар,карточка-112,,,,,,,,,,,,,,,,карточка-112,карточка-112,,,,,,карточка-112,,карточка-112,,,задымление: производство,,,,,,,карточка -112,карточка-112,,,карточка-112,,,,,,
1,6,15,1,1061501,,объект,АЗС,открытое пламя,,пожар: АЗС,Пожар: Азс,MCHS,Пожар: Азс,,,,,,,пожар,,,,пожар,нет реагирования,,пожар,,карточка-112,карточка-112,карточка-112,карточка-112,карточка-112,,,,,,карточка-112,карточка-112,,,,,,,,,,,,,,Пожар: Азс,,Пожар,Пожар,карточка-112,,,,,,карточка -112,,,,,,,,,,карточка-112,карточка-112,,,,,,карточка-112,,карточка-112,карточка-112,,пожар: АЗС,,,,,,,карточка -112,карточка-112,,,,,,,,,
1,6,15,2,1061502,,объект,АЗС,дым,,задымление:  АЗС,Пожар: Азс,MCHS,Пожар: Азс,,,,,,,пожар,,,,отравление,нет реагирования,,Задымление,,карточка-112,карточка-112,карточка-112,карточка-112,,,,,,,карточка-112,карточка-112,,,,,,,,,,,,,,Пожар: Азс,,Пожар,Пожар,карточка-112,,,,,,,,,,,,,,,,карточка-112,карточка-112,,,,,,карточка-112,,карточка-112,карточка-112,,задымление:  АЗС,,,,,,,карточка -112,карточка-112,,,карточка-112,,,,,,
1,6,16,1,1061601,,объект,прочие объекты,открытое пламя,,Пожар: прочие объекты,Пожар,MCHS,Пожар,,,,,,,пожар,,,,пожар,нет реагирования,,пожар,,карточка-112,карточка-112,карточка-112,карточка-112,карточка-112,,,,,,карточка-112,карточка-112,,,,,,,,,,,,,,Пожар,,Пожар,Пожар,карточка-112,,,,,,,,,,,,,,,,карточка-112,карточка-112,,,,,,карточка-112,,карточка-112,карточка-112,,Пожар: прочие объекты,,Пожар: прочие объекты,карточка-112,карточка-112,,,карточка -112,,,,карточка-112,Карточка-112,,,,,
1,6,16,2,1061602,,объект,прочие объекты,дым,,задымление:  прочие объекты,Пожар,MCHS,Пожар,,,,,,,пожар,,,,отравление,нет реагирования,,Задымление,,карточка-112,карточка-112,карточка-112,карточка-112,карточка-112,,,,,,карточка-112,карточка-112,,,,,,,,,,,,,,Пожар,,Пожар,Пожар,карточка-112,,,,,,,,,,,,,,,,карточка-112,карточка-112,,,,,,карточка-112,,карточка-112,,,задымление:  прочие объекты,,задымление:  прочие объекты,карточка-112,карточка-112,,,карточка -112,,,,карточка-112,,,,,,
1,99,0,2,1990002,,Не отображается оператору 112,,,,Пожар: Автобаза,Пожар: Автобаза,MCHS,Пожар: Автобаза,,,,,,,пожар,,,,пожар,нет реагирования,,пожар,,карточка-112,карточка-112,карточка-112,карточка-112,карточка-112,,,,,,карточка-112,,,,,,,,карточка-112,,,,,,,Пожар: Автобаза,,Пожар,Пожар,карточка-112,,,,,,карточка -112,,,,,,,,,,карточка-112,карточка-112,,,,,,карточка-112,,карточка-112,карточка-112,,Пожар: Автобаза,,,,,,карточка-112,,карточка-112,,,,,,,,,
1,99,0,4,1990004,,Не отображается оператору 112,,,,Пожар: Автовокзал,Пожар: Автовокзал,MCHS,Пожар: Автовокзал,,,,,,,пожар,,,,пожар,нет реагирования,,пожар,,карточка-112,карточка-112,карточка-112,карточка-112,карточка-112,,,,карточка-112,,,,,,,,,,,,,,,карточка-112,,Пожар: Автовокзал,,Пожар,Пожар,карточка-112,,,,,,карточка -112,,,,,,,,,,карточка-112,карточка-112,,,,,,карточка-112,,карточка-112,карточка-112,,Пожар: Автовокзал,,,,,,карточка-112,,,,,,Карточка-112,,,,,
1,99,0,5,1990005,,Не отображается оператору 112,,,,Пожар: Автокомбинат,Пожар: Автокомбинат,MCHS,Пожар: Автокомбинат,,,,,,,пожар,,,,пожар,нет реагирования,,пожар,,карточка-112,карточка-112,карточка-112,карточка-112,карточка-112,,карточка-112,,,,карточка-112,,,,,,,,,,,,,,,Пожар: Автокомбинат,,Пожар,Пожар,карточка-112,,,,,,карточка -112,,,,,,,,,,карточка-112,карточка-112,,,,,,карточка-112,,карточка-112,карточка-112,,,,,,,,карточка-112,,карточка-112,,,,,,,,,
1,99,0,6,1990006,,Не отображается оператору 112,,,,Пожар: Автосалон,Пожар: Автосалон,MCHS,Пожар: Автосалон,,,,,,,пожар,,,,пожар,нет реагирования,,пожар,,карточка-112,карточка-112,карточка-112,карточка-112,,,,,,,карточка-112,,,,,,,,,,,,,,,Пожар: Автосалон,,Пожар,Пожар,карточка-112,,,,,,карточка -112,,,,,,,,карточка-112,,карточка-112,карточка-112,,,,,,карточка-112,,карточка-112,карточка-112,,,,,,,,,карточка -112,,,,,,,,,,
1,99,0,7,1990007,,Не отображается оператору 112,,,,Пожар: Автосервис,Пожар: Автосервис,MCHS,Пожар: Автосервис,,,,,,,пожар,,,,пожар,нет реагирования,,пожар,,карточка-112,карточка-112,карточка-112,карточка-112,,,,,,,карточка-112,,,,,,,,,,,,,,,Пожар: Автосервис,,Пожар,Пожар,карточка-112,,,,,,карточка -112,,,,,,,,карточка-112,,карточка-112,карточка-112,,,,,,карточка-112,,карточка-112,карточка-112,,,,,,,,,карточка -112,карточка-112,,,,,,,,,
1,99,0,8,1990008,,Не отображается оператору 112,,,,Пожар: Автостоянка,Пожар: Автостоянка,MCHS,Пожар: Автостоянка,,,,,,,пожар,,,,пожар,нет реагирования,,,,карточка-112,карточка-112,карточка-112,карточка-112,,,,,,,карточка-112,,,,,,,,,,,,,,,Пожар: Автостоянка,,Пожар,Пожар,карточка-112,,,,,,карточка -112,,,,,,,,,,карточка-112,карточка-112,,,,,,карточка-112,,карточка-112,карточка-112,,Пожар: Автостоянка,,,,карточка-112,,,карточка -112,,,,,,,,,,
1,99,0,11,1990011,,Не отображается оператору 112,,,,Пожар: Ангар,Пожар: Ангар,MCHS,Пожар: Ангар,,,,,,,пожар,,,,пожар,нет реагирования,,пожар,,карточка-112,карточка-112,карточка-112,карточка-112,,,,,,,карточка-112,,,,,,,,,,,,,,,Пожар: Ангар,,Пожар,Пожар,карточка-112,,,,,,карточка -112,,,,,,,,,,карточка-112,карточка-112,,,,,,карточка-112,,карточка-112,карточка-112,,Пожар: Ангар,,,,,,,карточка -112,карточка-112,,,карточка-112,,,,,,
1,99,0,12,1990012,,Не отображается оператору 112,,,,Пожар: Аптека,Пожар: Аптека,MCHS,Пожар: Аптека,,,,,,,пожар,,,,пожар,нет реагирования,,,,карточка-112,карточка-112,карточка-112,карточка-112,,,,,,,карточка-112,,,,,,,,,,,,,,,Пожар: Аптека,,Пожар,Пожар,карточка-112,,,,,,карточка -112,,,,,,,,,,карточка-112,карточка-112,,,,,,карточка-112,,карточка-112,карточка-112,,,,,,карточка-112,,,карточка -112,,,,,,,,,,
1,99,0,13,1990013,,Не отображается оператору 112,,,,Пожар: Ателье,Пожар: Ателье,MCHS,Пожар: Ателье,,,,,,,пожар,,,,пожар,нет реагирования,,,,карточка-112,карточка-112,карточка-112,карточка-112,,,,,,,карточка-112,,,,,,,,,,,,,,,Пожар: Ателье,,Пожар,Пожар,карточка-112,,,,,,карточка -112,,,,,,,,карточка-112,,карточка-112,карточка-112,,,,,,карточка-112,,карточка-112,карточка-112,,,,,,карточка-112,,,карточка -112,,,,,,,,,,
1,99,0,16,1990016,,Не отображается оператору 112,,,,Пожар: Аэродром,Пожар: Аэродром,MCHS,Пожар: Аэродром,,,,,,,пожар,,,,пожар,нет реагирования,,пожар,,карточка-112,карточка-112,карточка-112,карточка-112,карточка-112,,,,,,,,,,,,,,,,,,,,,Пожар: Аэродром,,Пожар,Пожар,карточка-112,,,,,,карточка -112,,,,,,,,,,карточка-112,карточка-112,,,,,,карточка-112,,карточка-112,карточка-112,,Пожар: Аэродром,,,,,,,,,,,,,,,,,
1,99,0,15,1990015,,Не отображается оператору 112,,,,Пожар: Аэровокзал,Пожар: Аэровокзал,MCHS,Пожар: Аэровокзал,,,,,,,пожар,,,,пожар,нет реагирования,,пожар,,карточка-112,карточка-112,карточка-112,карточка-112,карточка-112,,,,,,,,,,,,,,,,,,,карточка-112,,Пожар: Аэровокзал,,Пожар,Пожар,карточка-112,,,,,,карточка -112,,,,,,,,,карточка-112,карточка-112,карточка-112,,,,,,карточка-112,,карточка-112,карточка-112,,Пожар: Аэровокзал,,,,,,,,,,,,Карточка-112,,,,,
1,99,0,19,1990019,,Не отображается оператору 112,,,,Пожар: Баня,Пожар: Баня,MCHS,Пожар: Баня,,,,,,,пожар,,,,пожар,нет реагирования,,пожар,,карточка-112,карточка-112,карточка-112,карточка-112,,,,,,,,,,,,,,,,,,,,,,Пожар: Баня,,Пожар,Пожар,карточка-112,,,,,,карточка -112,,,,,,,,карточка-112,,карточка-112,карточка-112,,,,,,карточка-112,,карточка-112,карточка-112,,Пожар: Баня,,,,карточка-112,,,,,,,,,,,,,
1,99,0,20,1990020,,Не отображается оператору 112,,,,Пожар: Бар,Пожар: Бар,MCHS,Пожар: Бар,,,,,,,пожар,,,,пожар,нет реагирования,,пожар,,карточка-112,карточка-112,карточка-112,карточка-112,,,,,,,,,,,,,,,,,,,,,,Пожар: Бар,,Пожар,Пожар,карточка-112,,,,,,карточка -112,,,,,,,,карточка-112,,карточка-112,карточка-112,,,,,,карточка-112,,карточка-112,карточка-112,,,,,,карточка-112,,,,,,,,,,,,,
1,99,0,21,1990021,,Не отображается оператору 112,,,,Пожар: Бассейн,Пожар: Бассейн,MCHS,Пожар: Бассейн,,,,,,,пожар,,,,пожар,нет реагирования,,пожар,,карточка-112,карточка-112,карточка-112,карточка-112,,,,,,,,,,,,,,,,,,,,,,Пожар: Бассейн,,Пожар,Пожар,карточка-112,,,,,,,,,,,,,,,,карточка-112,карточка-112,,,,,,карточка-112,,карточка-112,карточка-112,,,,,,карточка-112,,,,,,,,,,,,,
1,99,0,22,1990022,,Не отображается оператору 112,,,,Пожар: Башня,Пожар: Башня,MCHS,Пожар: Башня,,,,,,,пожар,,,,пожар,нет реагирования,,пожар,,карточка-112,карточка-112,карточка-112,карточка-112,,,,,,,,,,,,,,,,,,,,,,Пожар: Башня,,Пожар,Пожар,карточка-112,,,,,,карточка -112,,,,,,,,,,карточка-112,карточка-112,,,,,,карточка-112,,карточка-112,карточка-112,,Пожар: Башня,,,,,,,,,,,,,,,,,
1,99,0,23,1990023,,Не отображается оператору 112,,,,Пожар: Беседка,Пожар: Беседка,MCHS,Пожар: Беседка,,,,,,,,,,пожар,пожар,нет реагирования,,,,карточка-112,карточка-112,карточка-112,карточка-112,,,,,,,,,,,,,,,,,,,,,,Пожар: Беседка,,Пожар,Пожар,карточка-112,,,,,,,,,,,,,,,,карточка-112,карточка-112,,,,,,карточка-112,,карточка-112,карточка-112,,Пожар: Беседка,,,,,,,,,,,карточка-112,,,,,,
1,99,0,24,1990024,,Не отображается оператору 112,,,,Пожар: Библиотека,Пожар: Библиотека,MCHS,Пожар: Библиотека,,,,,,,пожар,,,,пожар,нет реагирования,,пожар,,карточка-112,карточка-112,карточка-112,карточка-112,,,,,,,карточка-112,,,,,,,,,,,,,,,Пожар: Библиотека,,Пожар,Пожар,карточка-112,,,,,,карточка -112,,,,,,,,,,карточка-112,карточка-112,,,,,,карточка-112,,карточка-112,карточка-112,,,,,,,,,карточка -112,,,,,,,,,,
1,99,0,25,1990025,,Не отображается оператору 112,,,,Пожар: Биржа,Пожар: Биржа,MCHS,Пожар: Биржа,,,,,,,пожар,,,,пожар,нет реагирования,,пожар,,карточка-112,карточка-112,карточка-112,карточка-112,,,,,,,,,,,,,,,,,,,,,,Пожар: Биржа,,Пожар,Пожар,карточка-112,,,,,,карточка -112,,,,,,,,,,карточка-112,карточка-112,,,,,,карточка-112,,карточка-112,карточка-112,,,,,,,,,,,,,,,,,,,
1,99,0,26,1990026,,Не отображается оператору 112,,,,Пожар: Бойлерная,Пожар: Бойлерная,MCHS,Пожар: Бойлерная,,,,,,,пожар,,,,пожар,нет реагирования,,пожар,,карточка-112,карточка-112,карточка-112,карточка-112,,,,,,,,,,,,,,,,,,карточка-112,,карточка-112,,Пожар: Бойлерная,,Пожар,Пожар,карточка-112,,,,,,,,,,,,,,,,карточка-112,карточка-112,,,,,,карточка-112,,карточка-112,карточка-112,,Пожар: Бойлерная,,,,,,,,,,,,,,,,,
1,99,0,28,1990028,,Не отображается оператору 112,,,,Пожар: Бомбоубежище,Пожар: Бомбоубежище,MCHS,Пожар: Бомбоубежище,,,,,,,пожар,,,,пожар,нет реагирования,,пожар,,карточка-112,карточка-112,карточка-112,карточка-112,,,,,,,,,,,,,,,,,,,,,,Пожар: Бомбоубежище,,Пожар,Пожар,карточка-112,,,,,карточка-112,карточка -112,,,,,,,,,,карточка-112,карточка-112,,,,,,карточка-112,,карточка-112,карточка-112,,Пожар: Бомбоубежище,,,,карточка-112,,,,,,,,,,,,,
1,99,0,29,1990029,,Не отображается оператору 112,,,,Пожар: Будка консъержки,Пожар: Будка консъержки,MCHS,Пожар: Будка консъержки,,,,,,,пожар,,,,пожар,нет реагирования,,пожар,,карточка-112,карточка-112,карточка-112,карточка-112,,,,,,,,,,,,,,,,,,,,,,Пожар: Будка консъержки,,Пожар,Пожар,карточка-112,,,,,,,,,,,,,,,,карточка-112,карточка-112,,,,,,карточка-112,,карточка-112,карточка-112,,,,,,карточка-112,,,,,,,,,,,,,
1,99,0,30,1990030,,Не отображается оператору 112,,,,Пожар: Бытовка,Пожар: Бытовка,MCHS,Пожар: Бытовка,,,,,,,пожар,,,,пожар,нет реагирования,,,,карточка-112,карточка-112,карточка-112,карточка-112,,,,,,,,,,,,,,,,,,,,,,Пожар: Бытовка,,Пожар,Пожар,карточка-112,,,,,,,,,,,,,,,,карточка-112,карточка-112,,карточка-112,,,,карточка-112,,карточка-112,карточка-112,,,,Пожар: Бытовка,карточка-112,,,,,,,,,Карточка-112,,,,,
1,99,0,31,1990031,,Не отображается оператору 112,,,,Пожар: Вагон электрички (вагон электропоезда),Пожар: Вагон электрички (вагон электропоезда),MCHS,Пожар: Вагон электрички (вагон электропоезда),,,,,,,пожар,,,,пожар,нет реагирования,,пожар,,карточка-112,карточка-112,карточка-112,карточка-112,карточка-112,,,,,,,,,карточка-112,карточка-112,,,,,,,,,,,Пожар: Вагон электрички (вагон электропоезда),,Пожар,Пожар,карточка-112,,карточка-112,,,,карточка -112,,,,,,,,,,карточка-112,карточка-112,,,,,,карточка-112,,карточка-112,карточка-112,,Пожар: Вагон электрички (вагон электропоезда),,,,карточка-112,,,,,,,,,,,,,
1,99,0,32,1990032,,Не отображается оператору 112,,,,Пожар: Велотрек,Пожар: Велотрек,MCHS,Пожар: Велотрек,,,,,,,пожар,,,,пожар,нет реагирования,,пожар,,карточка-112,карточка-112,карточка-112,карточка-112,,,,,,,,,,,,,,,,,,,,,,Пожар: Велотрек,,Пожар,Пожар,карточка-112,,,,,,,,,,,,,,,,карточка-112,карточка-112,,,,,,карточка-112,,карточка-112,карточка-112,,,,,,,,,,,,,,,,,,,
1,99,0,34,1990034,,Не отображается оператору 112,,,,Пожар: Войсковая часть,Пожар: Войсковая часть,MCHS,Пожар: Войсковая часть,,,,,,,пожар,,,,пожар,нет реагирования,,пожар,,карточка-112,карточка-112,карточка-112,карточка-112,карточка-112,,,,,,,,,,,,,,,,,,,,,Пожар: Войсковая часть,,Пожар,Пожар,карточка-112,,,,,карточка-112,карточка -112,,,,,,,,,карточка-112,карточка-112,карточка-112,,,,,,карточка-112,,карточка-112,карточка-112,,Пожар: Войсковая часть,,,,карточка-112,,,,,,карточка-112,,,,,,,
1,99,0,36,1990036,,Не отображается оператору 112,,,,Пожар: Выселенное здание,Пожар: Выселенное здание,MCHS,Пожар: Выселенное здание,,,,,,,пожар,,,,пожар,нет реагирования,,пожар,,карточка-112,карточка-112,карточка-112,карточка-112,,,,,,,,,,,,,,,,,,,,,,Пожар: Выселенное здание,,Пожар,Пожар,карточка-112,,,,,,карточка -112,,,,,,,,,,карточка-112,карточка-112,,,,,,карточка-112,,карточка-112,карточка-112,,,,Пожар: Выселенное здание,карточка-112,,,,,,,,карточка-112,Карточка-112,,,,,
1,99,0,37,1990037,,Не отображается оператору 112,,,,Пожар: Вытрезвитель,Пожар: Вытрезвитель,MCHS,Пожар: Вытрезвитель,,,,,,,пожар,,,,пожар,нет реагирования,,пожар,,карточка-112,карточка-112,карточка-112,карточка-112,,,,,,,,,,,,,,,,,,,,,,Пожар: Вытрезвитель,,Пожар,Пожар,карточка-112,,,,,,карточка -112,,,,,,,,,,карточка-112,карточка-112,,,,,,карточка-112,,карточка-112,карточка-112,,,,,,,,,,,,,,,,,,,
1,99,0,40,1990040,,Не отображается оператору 112,,,,Пожар: Газовая тепловая станция,Пожар: Газовая тепловая станция,MCHS,Пожар: Газовая тепловая станция,,,,,,,пожар,,,,пожар,нет реагирования,пожар,,,карточка-112,карточка-112,карточка-112,карточка-112,карточка-112,,,,,,карточка-112,,,,,,,,,,,карточка-112,,,,Пожар: Газовая тепловая станция,,Пожар,Пожар,карточка-112,,,,,,карточка -112,,карточка-112,,,,,,,,карточка-112,карточка-112,,,,,,карточка-112,,карточка-112,карточка-112,,Пожар: Газовая тепловая станция,,,,,,,карточка -112,,,,карточка-112,,,,,,
1,99,0,42,1990042,,Не отображается оператору 112,,,,Пожар: Галерея,Пожар: Галерея,MCHS,Пожар: Галерея,,,,,,,пожар,,,,пожар,нет реагирования,,пожар,,карточка-112,карточка-112,карточка-112,карточка-112,,,,,,,,,,,,,,,,,,,,,,Пожар: Галерея,,Пожар,Пожар,карточка-112,,,,,,карточка -112,,,,,,,,,,карточка-112,карточка-112,,,,,,карточка-112,,карточка-112,карточка-112,,,,,,,,,,,,,,,,,,,
1,99,0,43,1990043,,Не отображается оператору 112,,,,Пожар: Гараж,Пожар: Гараж,MCHS,Пожар: Гараж,,,,,,,пожар,,,,пожар,нет реагирования,,пожар,,карточка-112,карточка-112,карточка-112,карточка-112,,,,,,,,,,,,,,,,,,,,,,Пожар: Гараж,,Пожар,Пожар,карточка-112,,,,,,карточка -112,,,,,,,,,,карточка-112,карточка-112,,,,,,карточка-112,,карточка-112,карточка-112,,Пожар: Гараж,,,,,,,,,,,,,,,,,
1,99,0,44,1990044,,Не отображается оператору 112,,,,Пожар: Гимназия,Пожар: Гимназия,MCHS,Пожар: Гимназия,,,,,,,пожар,,,,пожар,нет реагирования,,пожар,,карточка-112,карточка-112,карточка-112,карточка-112,карточка-112,,,,,,карточка-112,,,,,,,,,,,,,карточка-112,,Пожар: Гимназия,,Пожар,Пожар,карточка-112,,,карточка-112,,,карточка -112,,,,,,,,,карточка-112,карточка-112,карточка-112,,,,,,карточка-112,,карточка-112,карточка-112,,,,,,,,,карточка -112,,,,,,,,,,
1,99,0,45,1990045,,Не отображается оператору 112,,,,Пожар: Голубятня,Пожар: Голубятня,MCHS,Пожар: Голубятня,,,,,,,пожар,,,,пожар,нет реагирования,,,,карточка-112,карточка-112,карточка-112,карточка-112,,,,,,,,,,,,,,,,,,,,,,Пожар: Голубятня,,,,карточка-112,,,,,,,,,,,,,,,,карточка-112,карточка-112,,,,,,карточка-112,,карточка-112,карточка-112,,,,,,,,,,,,,,,,,,,
1,99,0,46,1990046,,Не отображается оператору 112,,,,Пожар: Госпиталь,Пожар: Госпиталь,MCHS,Пожар: Госпиталь,,,,,,,пожар,,,,пожар,нет реагирования,,пожар,,карточка-112,карточка-112,карточка-112,карточка-112,карточка-112,,,,,,карточка-112,,,,,,,,,,,,,карточка-112,,Пожар: Госпиталь,,Пожар,Пожар,карточка-112,,,,,карточка-112,карточка -112,,,,,,,,,карточка-112,карточка-112,карточка-112,,,,,,карточка-112,,карточка-112,карточка-112,,,,,,карточка-112,,,карточка -112,,,,,Карточка-112,,,,,
1,99,0,51,1990051,,Не отображается оператору 112,,,,Пожар: Детский сад,Пожар: Детский сад,MCHS,Пожар: Детский сад,,,,,,,пожар,,,,пожар,нет реагирования,,пожар,,карточка-112,карточка-112,карточка-112,карточка-112,карточка-112,,,,,,карточка-112,,,,,,,,,,,,,карточка-112,,Пожар: Детский сад,,Пожар,Пожар,карточка-112,,,карточка-112,,,карточка -112,,,,,,,,,карточка-112,карточка-112,карточка-112,,,,,,карточка-112,,карточка-112,карточка-112,,,,Пожар: Детский сад,карточка-112,карточка-112,,,карточка -112,,,,,Карточка-112,,,,,
1,99,0,52,1990052,,Не отображается оператору 112,,,,Пожар: Дом быта,Пожар: Дом быта,MCHS,Пожар: Дом быта,,,,,,,пожар,,,,пожар,нет реагирования,,пожар,,карточка-112,карточка-112,карточка-112,карточка-112,,,,,,,,,,,,,,,,,,,,,,Пожар: Дом быта,,Пожар,Пожар,карточка-112,,,,,,карточка -112,,,,,,,,карточка-112,,карточка-112,карточка-112,,,,,,карточка-112,,карточка-112,карточка-112,,,,,,,,,,,,,,,,,,,
1,99,0,53,1990053,,Не отображается оператору 112,,,,Пожар: Дом культуры,Пожар: Дом культуры,MCHS,Пожар: Дом культуры,,,,,,,пожар,,,,пожар,нет реагирования,,пожар,,карточка-112,карточка-112,карточка-112,карточка-112,карточка-112,,,,,,карточка-112,,,,,,,,,,,,,,,Пожар: Дом культуры,,Пожар,Пожар,карточка-112,,,,,,карточка -112,,,,,,,,,карточка-112,карточка-112,карточка-112,,,,,,карточка-112,,карточка-112,карточка-112,,,,,,,,,карточка -112,,,,,,,,,,
1,99,0,54,1990054,,Не отображается оператору 112,,,,Пожар: Дом отдыха,Пожар: Дом отдыха,MCHS,Пожар: Дом отдыха,,,,,,,пожар,,,,пожар,нет реагирования,,пожар,,карточка-112,карточка-112,карточка-112,карточка-112,карточка-112,,,,,,,,,,,,,,,,,,,,,Пожар: Дом отдыха,,Пожар,Пожар,карточка-112,,,,,,карточка -112,,,,,,,,,,карточка-112,карточка-112,,,,,,карточка-112,,карточка-112,карточка-112,,Пожар: Дом отдыха,,,,,,,,,,,,,,,,,
1,99,0,55,1990055,,Не отображается оператору 112,,,,Пожар: Дом ребенка,Пожар: Дом ребенка,MCHS,Пожар: Дом ребенка,,,,,,,пожар,,,,пожар,нет реагирования,,пожар,,карточка-112,карточка-112,карточка-112,карточка-112,карточка-112,,,,,,карточка-112,,,,,,,,,,,,,карточка-112,,Пожар: Дом ребенка,,Пожар,Пожар,карточка-112,,,,,,карточка -112,,,карточка-112,,,,,,,карточка-112,карточка-112,,,,,,карточка-112,,карточка-112,карточка-112,,,,,,,,,карточка -112,,,,,,,,,,
1,99,0,56,1990056,,Не отображается оператору 112,,,,Пожар: Дом-интернат,Пожар: Дом-интернат,MCHS,Пожар: Дом-интернат,,,,,,,пожар,,,,пожар,нет реагирования,,пожар,,карточка-112,карточка-112,карточка-112,карточка-112,карточка-112,,,,,,карточка-112,,,,,,,,,,,,,карточка-112,,Пожар: Дом-интернат,,Пожар,Пожар,карточка-112,,,,,,карточка -112,,,карточка-112,,,,,,,карточка-112,карточка-112,,,,,,карточка-112,,карточка-112,карточка-112,,,,,,,,,карточка -112,,,,,,,,,,
1,99,0,59,1990059,,Не отображается оператору 112,,,,Пожар: Ж-д цистерна,Пожар: Ж-д цистерна,MCHS,Пожар: Ж-д цистерна,,,,,,,пожар,,,,пожар,нет реагирования,,,,карточка-112,карточка-112,карточка-112,карточка-112,карточка-112,,,,,,,,,карточка-112,,,,,,,,,,,,Пожар: Ж-д цистерна,,Пожар,Пожар,карточка-112,,карточка-112,,,,,,,,,,,,,,карточка-112,карточка-112,,,,,,карточка-112,,карточка-112,карточка-112,,Пожар: Ж-д цистерна,,,,,,,,,,карточка-112,,,,,,,
1,99,0,61,1990061,,Не отображается оператору 112,,,,Пожар: Замыкание электропроводки,Пожар: Замыкание электропроводки,MCHS,Пожар: Замыкание электропроводки,,,,,,,пожар,,,,пожар,нет реагирования,,пожар,,карточка-112,карточка-112,карточка-112,карточка-112,,,,,,,,,,,,,,,,,,,,,,Пожар: Замыкание электропроводки,,,,карточка-112,,,,,,,,,,,,,,,,карточка-112,карточка-112,,,,,,карточка-112,,карточка-112,карточка-112,,,,Пожар: Замыкание электропроводки,карточка-112,,,,,,,,карточка-112,Карточка-112,,,,,
1,99,0,62,1990062,,Не отображается оператору 112,,,,Пожар: Зоопарк,Пожар: Зоопарк,MCHS,Пожар: Зоопарк,,,,,,,пожар,,,,пожар,нет реагирования,,пожар,,карточка-112,карточка-112,карточка-112,карточка-112,,,,,,,карточка-112,,,,,,,,,,,,,,,Пожар: Зоопарк,,Пожар,Пожар,карточка-112,,,,,,карточка -112,,,,,,,,,,карточка-112,карточка-112,,,,,,карточка-112,,карточка-112,карточка-112,,Пожар: Зоопарк,,,,,,,карточка -112,,,,,,,,,,
1,99,0,63,1990063,,Не отображается оператору 112,,,,Пожар: Игровой клуб,Пожар: Игровой клуб,MCHS,Пожар: Игровой клуб,,,,,,,пожар,,,,пожар,нет реагирования,,пожар,,карточка-112,карточка-112,карточка-112,карточка-112,,,,,,,,,,,,,,,,,,,,,,Пожар: Игровой клуб,,Пожар,Пожар,карточка-112,,,,,,карточка -112,,,,,,,,карточка-112,,карточка-112,карточка-112,,,,,,карточка-112,,карточка-112,карточка-112,,,,,,,,,,,,,,,,,,,
1,99,0,64,1990064,,Не отображается оператору 112,,,,Пожар: Издательство,Пожар: Издательство,MCHS,Пожар: Издательство,,,,,,,пожар,,,,пожар,нет реагирования,,пожар,,карточка-112,карточка-112,карточка-112,карточка-112,,,,,,,карточка-112,,,,,,,,,,,,,,,Пожар: Издательство,,Пожар,Пожар,карточка-112,,,,,,карточка -112,,,,,,,,,,карточка-112,карточка-112,,,,,,карточка-112,,карточка-112,карточка-112,,,,,,,,,карточка -112,,,,,,,,,,
1,99,0,65,1990065,,Не отображается оператору 112,,,,Пожар: Институт,Пожар: Институт,MCHS,Пожар: Институт,,,,,,,пожар,,,,пожар,нет реагирования,,пожар,,карточка-112,карточка-112,карточка-112,карточка-112,карточка-112,,,,,,карточка-112,,,,,,,,,,,,,карточка-112,,Пожар: Институт,,Пожар,Пожар,карточка-112,,,,,,карточка -112,,,,,,,,,,карточка-112,карточка-112,,,,,,карточка-112,,карточка-112,карточка-112,,,,,,карточка-112,,,карточка -112,,,,,,,,,,
1,99,0,67,1990067,,Не отображается оператору 112,,,,Пожар: Кадетский корпус,Пожар: Кадетский корпус,MCHS,Пожар: Кадетский корпус,,,,,,,пожар,,,,пожар,нет реагирования,,пожар,,карточка-112,карточка-112,карточка-112,карточка-112,карточка-112,,,,,,карточка-112,,,,,,,,,,,,,карточка-112,,Пожар: Кадетский корпус,,Пожар,Пожар,карточка-112,,,карточка-112,,,карточка -112,,,,,,,,,,карточка-112,карточка-112,,,,,,карточка-112,,карточка-112,карточка-112,,,,,,,,,карточка -112,,,,,,,,,,
1,99,0,68,1990068,,Не отображается оператору 112,,,,Пожар: Кафе,Пожар: Кафе,MCHS,Пожар: Кафе,,,,,,,пожар,,,,пожар,нет реагирования,,пожар,,карточка-112,карточка-112,карточка-112,карточка-112,,,,,,,карточка-112,,,,,,,,,,,,,,,Пожар: Кафе,,Пожар,Пожар,карточка-112,,,,,,карточка -112,,,,,,,,карточка-112,,карточка-112,карточка-112,,,,,,карточка-112,,карточка-112,карточка-112,,,,,,карточка-112,,,карточка -112,,,,,,,,,,
1,99,0,70,1990070,,Не отображается оператору 112,,,,Пожар: Киностудия,Пожар: Киностудия,MCHS,Пожар: Киностудия,,,,,,,пожар,,,,пожар,нет реагирования,,пожар,,карточка-112,карточка-112,карточка-112,карточка-112,,,,,,,карточка-112,,,,,,,,,,,,,,,Пожар: Киностудия,,Пожар,Пожар,карточка-112,,,,,,карточка -112,,,,,,,,,,карточка-112,карточка-112,,,,,,карточка-112,,карточка-112,карточка-112,,,,,,,,,карточка -112,,,,,,,,,,
1,99,0,71,1990071,,Не отображается оператору 112,,,,Пожар: Кинотеатр,Пожар: Кинотеатр,MCHS,Пожар: Кинотеатр,,,,,,,пожар,,,,пожар,нет реагирования,,пожар,,карточка-112,карточка-112,карточка-112,карточка-112,карточка-112,,,,,,карточка-112,,,,,,,,,,,,,карточка-112,,Пожар: Кинотеатр,,Пожар,Пожар,карточка-112,,,,,,карточка -112,,,,,,,,,,карточка-112,карточка-112,,,,,,карточка-112,,карточка-112,карточка-112,,,,,,,,,карточка -112,,,,,Карточка-112,,,,,
1,99,0,72,1990072,,Не отображается оператору 112,,,,Пожар: Кладбище,Пожар: Кладбище,MCHS,Пожар: Кладбище,,,,,,,пожар,,,,пожар,нет реагирования,,,,карточка-112,карточка-112,карточка-112,карточка-112,,,,,,,,,,,,,,,,,,,,,,Пожар: Кладбище,,Пожар,Пожар,карточка-112,,,,,,,,,,,,,,карточка-112,,карточка-112,карточка-112,,,,,,карточка-112,,карточка-112,карточка-112,,Пожар: Кладбище,,,,,,,,,,,,,,,,,
1,99,0,73,1990073,,Не отображается оператору 112,,,,Пожар: Клиника,Пожар: Клиника,MCHS,Пожар: Клиника,,,,,,,пожар,,,,пожар,нет реагирования,,пожар,,карточка-112,карточка-112,карточка-112,карточка-112,карточка-112,,,,,,карточка-112,,,,,,,,,,,,,карточка-112,,Пожар: Клиника,,Пожар,Пожар,карточка-112,,,,,,карточка -112,,,,,,,,,,карточка-112,карточка-112,,,,,,карточка-112,,карточка-112,карточка-112,,,,,,карточка-112,,,карточка -112,,,,,Карточка-112,,,,,
1,99,0,74,1990074,,Не отображается оператору 112,,,,Пожар: Клуб,Пожар: Клуб,MCHS,Пожар: Клуб,,,,,,,пожар,,,,пожар,нет реагирования,,пожар,,карточка-112,карточка-112,карточка-112,карточка-112,,,,,,,карточка-112,,,,,,,,,,,,,,,Пожар: Клуб,,Пожар,Пожар,карточка-112,,,,,,карточка -112,,,,,,,,карточка-112,,карточка-112,карточка-112,,,,,,карточка-112,,карточка-112,карточка-112,,,,,,,,,карточка -112,,,,,,,,,,
1,99,0,75,1990075,,Не отображается оператору 112,,,,Пожар: Книгохранилище,Пожар: Книгохранилище,MCHS,Пожар: Книгохранилище,,,,,,,пожар,,,,пожар,нет реагирования,,пожар,,карточка-112,карточка-112,карточка-112,карточка-112,,,,,,,карточка-112,,,,,,,,,,,,,,,Пожар: Книгохранилище,,Пожар,Пожар,карточка-112,,,,,,карточка -112,,,,,,,,,,карточка-112,карточка-112,,,,,,карточка-112,,карточка-112,карточка-112,,,,,,,,,карточка -112,,,,,,,,,,
1,99,0,76,1990076,,Не отображается оператору 112,,,,Пожар: Козырек подъезда,Пожар: Козырек подъезда,MCHS,Пожар: Козырек подъезда,,,,,,,,,,,пожар,нет реагирования,,пожар,,карточка-112,карточка-112,карточка-112,карточка-112,,,,,,,,,,,,,,,,,,,,,,Пожар: Козырек подъезда,,,,карточка-112,,,,,,,,,,,,,,,,карточка-112,карточка-112,,,,,,карточка-112,,карточка-112,карточка-112,,,,Пожар: Козырек подъезда,карточка-112,карточка-112,,,,,,,,,,,,,
1,99,0,77,1990077,,Не отображается оператору 112,,,,Пожар: Колледж,Пожар: Колледж,MCHS,Пожар: Колледж,,,,,,,пожар,,,,пожар,нет реагирования,,пожар,,карточка-112,карточка-112,карточка-112,карточка-112,карточка-112,,,,,,карточка-112,,,,,,,,,,,,,карточка-112,,Пожар: Колледж,,Пожар,Пожар,карточка-112,,,карточка-112,,,карточка -112,,,,,,,,,,карточка-112,карточка-112,,,,,,карточка-112,,карточка-112,карточка-112,,,,,,,,,карточка -112,,,,,,,,,,
1,99,0,78,1990078,,Не отображается оператору 112,,,,Пожар: Комбинат,Пожар: Комбинат,MCHS,Пожар: Комбинат,,,,,,,пожар,,,,пожар,нет реагирования,,пожар,,карточка-112,карточка-112,карточка-112,карточка-112,карточка-112,,карточка-112,,,,карточка-112,,,,,,,,,,,,,,,Пожар: Комбинат,,Пожар,Пожар,карточка-112,,,,,,карточка -112,,,,,,,,карточка-112,,карточка-112,карточка-112,,,,,,карточка-112,,карточка-112,карточка-112,,Пожар: Комбинат,,,,,,,карточка -112,,,,,,,,,,
1,99,0,79,1990079,,Не отображается оператору 112,,,,Пожар: Консерватория,Пожар: Консерватория,MCHS,Пожар: Консерватория,,,,,,,пожар,,,,пожар,нет реагирования,,пожар,,карточка-112,карточка-112,карточка-112,карточка-112,карточка-112,,,,,,карточка-112,,,,,,,,,,,,,карточка-112,,Пожар: Консерватория,,Пожар,Пожар,карточка-112,,,,,,карточка -112,,,,,,,,,,карточка-112,карточка-112,,,,,,карточка-112,,карточка-112,карточка-112,,,,,,,,,карточка -112,,,,,,,,,,
1,99,0,80,1990080,,Не отображается оператору 112,,,,Пожар: Конюшня,Пожар: Конюшня,MCHS,Пожар: Конюшня,,,,,,,пожар,,,,пожар,нет реагирования,,,,карточка-112,карточка-112,карточка-112,карточка-112,,,,,,,,,,,,,,,,,,,,,,Пожар: Конюшня,,Пожар,Пожар,карточка-112,,,,,,карточка -112,,,,,,,,,,карточка-112,карточка-112,,,,,,карточка-112,,карточка-112,карточка-112,,Пожар: Конюшня,,,,,,,,,,,,,,,,,
1,99,0,81,1990081,,Не отображается оператору 112,,,,Пожар: Костер,Пожар: Костер,MCHS,Пожар: Костер,,,,,,,,,,,пожар,нет реагирования,,,,карточка-112,карточка-112,карточка-112,карточка-112,,,,,,,,,,,,,,,,,,,,,,Пожар: Костер,,,,карточка-112,,,,,,,,,,,,,,,,карточка-112,карточка-112,,,,,,карточка-112,,карточка-112,карточка-112,,Пожар: Костер,,,,карточка-112,,,,,,,,,,,,,
1,99,0,82,1990082,,Не отображается оператору 112,,,,Пожар: Котельная,Пожар: Котельная,MCHS,Пожар: Котельная,,,,,,,пожар,,,,пожар,нет реагирования,,пожар,,карточка-112,карточка-112,карточка-112,карточка-112,,,карточка-112,,,,карточка-112,,,,,,,,,,,карточка-112,,карточка-112,,Пожар: Котельная,карточка-112,Пожар,Пожар,карточка-112,,,,,,карточка -112,,,,,,,,,,карточка-112,карточка-112,,,,,,карточка-112,,карточка-112,карточка-112,,Пожар: Котельная,,,,,,,карточка -112,,,,,,,,,,
1,99,0,83,1990083,,Не отображается оператору 112,,,,Пожар: Крыша,Пожар: Крыша,MCHS,Пожар: Крыша,,,,,,,пожар,,,,пожар,нет реагирования,,пожар,,карточка-112,карточка-112,карточка-112,карточка-112,,,карточка-112,,,,карточка-112,,,,,,,,,,,,,,,Пожар: Крыша,,Пожар,Пожар,карточка-112,,,,,,карточка -112,,,,,карточка-112,,,,,карточка-112,карточка-112,,,,,,карточка-112,,карточка-112,карточка-112,,,,Пожар: Крыша,карточка-112,карточка-112,,,карточка -112,,,,карточка-112,Карточка-112,,,,,
1,99,0,84,1990084,,Не отображается оператору 112,,,,Пожар: Лаборатория,Пожар: Лаборатория,MCHS,Пожар: Лаборатория,,,,,,,пожар,,,,пожар,нет реагирования,,пожар,,карточка-112,карточка-112,карточка-112,карточка-112,карточка-112,,карточка-112,,,,карточка-112,,,,,,,,,,,карточка-112,,,,Пожар: Лаборатория,,Пожар,Пожар,карточка-112,,,,,,карточка -112,,,,,,,,,,карточка-112,карточка-112,,,,,,карточка-112,,карточка-112,карточка-112,,,,,,,,,карточка -112,,,,,,,,,,
1,99,0,87,1990087,,Не отображается оператору 112,,,,Пожар: Лицей,Пожар: Лицей,MCHS,Пожар: Лицей,,,,,,,пожар,,,,пожар,нет реагирования,,пожар,,карточка-112,карточка-112,карточка-112,карточка-112,карточка-112,,,,,,карточка-112,,,,,,,,,,,,,карточка-112,,Пожар: Лицей,,Пожар,Пожар,карточка-112,,,карточка-112,,,карточка -112,,,,,,,,,,карточка-112,карточка-112,,,,,,карточка-112,,карточка-112,карточка-112,,,,,,,,,карточка -112,,,,,,,,,,
1,99,0,88,1990088,,Не отображается оператору 112,,,,Пожар: Магазин,Пожар: Магазин,MCHS,Пожар: Магазин,,,,,,,пожар,,,,пожар,нет реагирования,,пожар,,карточка-112,карточка-112,карточка-112,карточка-112,,,,,,,карточка-112,,,,,,,,,,,,,,,Пожар: Магазин,,Пожар,Пожар,карточка-112,,,,,,карточка -112,,,,,,,,карточка-112,,карточка-112,карточка-112,,,,,,карточка-112,,карточка-112,карточка-112,,,,,,карточка-112,,,карточка -112,,,,,,,,,,
1,99,0,89,1990089,,Не отображается оператору 112,,,,Пожар: Манеж,Пожар: Манеж,MCHS,Пожар: Манеж,,,,,,,пожар,,,,пожар,нет реагирования,,пожар,,карточка-112,карточка-112,карточка-112,карточка-112,,,,,,,карточка-112,,,,,,,,,,,,,,,Пожар: Манеж,,Пожар,Пожар,карточка-112,,,,,,карточка -112,,,,,,,,,,карточка-112,карточка-112,,,,,,карточка-112,,карточка-112,карточка-112,,,,,,,,,карточка -112,,,,,,,,,,
1,99,0,90,1990090,,Не отображается оператору 112,,,,Пожар: Мастерская,Пожар: Мастерская,MCHS,Пожар: Мастерская,,,,,,,пожар,,,,пожар,нет реагирования,,пожар,,карточка-112,карточка-112,карточка-112,карточка-112,,,,,,,,,,,,,,,,,,,,,,Пожар: Мастерская,,Пожар,Пожар,карточка-112,,,,,,карточка -112,,,,,,,,карточка-112,,карточка-112,карточка-112,,,,,,карточка-112,,карточка-112,карточка-112,,,,,,,,,,,,,,,,,,,
1,99,0,92,1990092,,Не отображается оператору 112,,,,Пожар: Медсанчасть,Пожар: Медсанчасть,MCHS,Пожар: Медсанчасть,,,,,,,пожар,,,,пожар,нет реагирования,,пожар,,карточка-112,карточка-112,карточка-112,карточка-112,карточка-112,,,,,,карточка-112,,,,,,,,,,,,,,,Пожар: Медсанчасть,,Пожар,Пожар,карточка-112,,,,,карточка-112,карточка -112,,,,,,,,,,карточка-112,карточка-112,,,,,,карточка-112,,карточка-112,карточка-112,,,,,,карточка-112,,,карточка -112,,,,,,,,,,
1,99,0,94,1990094,,Не отображается оператору 112,,,,Пожар: Мечеть,Пожар: Мечеть,MCHS,Пожар: Мечеть,,,,,,,пожар,,,,пожар,нет реагирования,,пожар,,карточка-112,карточка-112,карточка-112,карточка-112,карточка-112,,,,,,карточка-112,,,,,,,,,,,,,карточка-112,,Пожар: Мечеть,,Пожар,Пожар,карточка-112,,,,,,карточка -112,,,,,,,,,,карточка-112,карточка-112,,,,,,карточка-112,,карточка-112,карточка-112,,Пожар: Мечеть,,,,,,,карточка -112,,,,,,,,,,
1,99,0,95,1990095,,Не отображается оператору 112,,,,Пожар: Монастырь,Пожар: Монастырь,MCHS,Пожар: Монастырь,,,,,,,пожар,,,,пожар,нет реагирования,,пожар,,карточка-112,карточка-112,карточка-112,карточка-112,карточка-112,,,,,,карточка-112,,,,,,,,,,,,,карточка-112,,Пожар: Монастырь,,Пожар,Пожар,карточка-112,,,,,,карточка -112,,,,,,,,,,карточка-112,карточка-112,,,,,,карточка-112,,карточка-112,карточка-112,,Пожар: Монастырь,,,,,,,карточка -112,,,,,,,,,,
1,99,0,96,1990096,,Не отображается оператору 112,,,,Пожар: Мототранспорт,Пожар: Мотоцикл,MCHS,Пожар: Мототранспорт,,,,,,,горит автотранспортное средство,,,,пожар,нет реагирования,,,,карточка-112,карточка-112,карточка-112,карточка-112,,,,,,,карточка-112,,,карточка-112,,,,,,,,,,,,Пожар: Мотоцикл,,Пожар,Пожар,карточка-112,,,,,,,,,,,,,,,,карточка-112,карточка-112,,,,,,карточка-112,,карточка-112,карточка-112,,,,,,карточка-112,,,карточка -112,,,,,,,,,,
1,99,0,97,1990097,,Не отображается оператору 112,,,,Пожар: Музей,Пожар: Музей,MCHS,Пожар: Музей,,,,,,,пожар,,,,пожар,нет реагирования,,пожар,,карточка-112,карточка-112,карточка-112,карточка-112,карточка-112,,,,,,карточка-112,,,,,,,,,,,,,,,Пожар: Музей,,Пожар,Пожар,карточка-112,,,,,,карточка -112,,,,,,,,,,карточка-112,карточка-112,,,,,,карточка-112,,карточка-112,карточка-112,,,,,,,,,карточка -112,,,,,,,,,,
1,99,0,100,1990100,,Не отображается оператору 112,,,,Пожар: Нии,Пожар: Нии,MCHS,Пожар: Нии,,,,,,,пожар,,,,пожар,нет реагирования,,пожар,,карточка-112,карточка-112,карточка-112,карточка-112,карточка-112,,,,,,карточка-112,,,,,,,,,,,,,карточка-112,,Пожар: Нии,,Пожар,Пожар,карточка-112,,,,,,карточка -112,,,,,,,,,,карточка-112,карточка-112,,,,,,карточка-112,,карточка-112,карточка-112,,,,,,,,,карточка -112,,,,,,,,,,
1,99,0,101,1990101,,Не отображается оператору 112,,,,Пожар: Новостройка,Пожар: Новостройка,MCHS,Пожар: Новостройка,,,,,,,пожар,,,,пожар,нет реагирования,,пожар,,карточка-112,карточка-112,карточка-112,карточка-112,,,,,,,карточка-112,,,,,,,,,,,,,,,Пожар: Новостройка,,Пожар,Пожар,карточка-112,,,,,,карточка -112,,,,,,,,,,карточка-112,карточка-112,,карточка-112,,,,карточка-112,,карточка-112,карточка-112,,,,Пожар: Новостройка,карточка-112,,,,карточка -112,,,,,Карточка-112,,,,,
1,99,0,102,1990102,,Не отображается оператору 112,,,,Пожар: Обмотка труб,Пожар: Обмотка труб,MCHS,Пожар: Обмотка труб,,,,,,,,пожар,пожар,,пожар,нет реагирования,,,,карточка-112,карточка-112,карточка-112,карточка-112,,,,,,,,,,,,,,,,,,,,,,Пожар: Обмотка труб,,,,карточка-112,,,,,,,,,,,,,,,,карточка-112,карточка-112,,,,,,карточка-112,,карточка-112,,,Пожар: Обмотка труб,,Пожар: Обмотка труб,карточка-112,карточка-112,,,,,,,карточка-112,,,,,,
1,99,0,103,1990103,,Не отображается оператору 112,,,,Пожар: Общежитие,Пожар: Общежитие,MCHS,Пожар: Общежитие,,,,,,,пожар,,,,пожар,нет реагирования,,пожар,,карточка-112,карточка-112,карточка-112,карточка-112,карточка-112,,,,,,карточка-112,,,,,,,,,,,,,карточка-112,,Пожар: Общежитие,,Пожар,Пожар,карточка-112,,,,,,карточка -112,,,,,,,,,,карточка-112,карточка-112,,,,,,карточка-112,,карточка-112,карточка-112,,,карточка-112,,,,,,карточка -112,,,,,Карточка-112,,,,,
1,99,0,104,1990104,,Не отображается оператору 112,,,,Пожар: Офис,Пожар: Офис,MCHS,Пожар: Офис,,,,,,,пожар,,,,пожар,нет реагирования,,пожар,,карточка-112,карточка-112,карточка-112,карточка-112,,,,,,,карточка-112,,,,,,,,,,,карточка-112,,,,Пожар: Офис,,Пожар,Пожар,карточка-112,,,,,,карточка -112,,,,,,,,,,карточка-112,карточка-112,,,,,,карточка-112,,карточка-112,карточка-112,,,,,,карточка-112,,,карточка -112,,,,,Карточка-112,,,,,
1,99,0,105,1990105,,Не отображается оператору 112,,,,Пожар: Палатка,Пожар: Палатка,MCHS,Пожар: Палатка,,,,,,,пожар,,,,пожар,нет реагирования,,,,карточка-112,карточка-112,карточка-112,карточка-112,,,,,,,,,,,,,,,,,,,,,,Пожар: Палатка,,Пожар,Пожар,карточка-112,,,,,,,,,,,,,,карточка-112,,карточка-112,карточка-112,,,,,,карточка-112,,карточка-112,,,Пожар: Палатка,,,,,,,,,,,,,,,,,
1,99,0,106,1990106,,Не отображается оператору 112,,,,Пожар: Пансионат,Пожар: Пансионат,MCHS,Пожар: Пансионат,,,,,,,пожар,,,,пожар,нет реагирования,,пожар,,карточка-112,карточка-112,карточка-112,карточка-112,карточка-112,,,,,,,,,,,,,,карточка-112,,,,,карточка-112,,Пожар: Пансионат,,Пожар,Пожар,карточка-112,,,,,,карточка -112,,,карточка-112,,,,,,,карточка-112,карточка-112,,,,,,карточка-112,,карточка-112,карточка-112,,Пожар: Пансионат,карточка-112,,,,,,,,,,,,,,,,
1,99,0,109,1990109,,Не отображается оператору 112,,,,Пожар: Планетарий,Пожар: Планетарий,MCHS,Пожар: Планетарий,,,,,,,пожар,,,,пожар,нет реагирования,,пожар,,карточка-112,карточка-112,карточка-112,карточка-112,карточка-112,,,,,,,,,,,,,,,,,,,,,Пожар: Планетарий,,Пожар,Пожар,карточка-112,,,,,,карточка -112,,,,,,,,,,карточка-112,карточка-112,,,,,,карточка-112,,карточка-112,карточка-112,,,,,,,,,,,,,,,,,,,
1,99,0,66,1990066,,Не отображается оператору 112,,,,Пожар: кабельный коллектор,Пожар: кабельный коллектор,MCHS,Пожар: кабельный коллектор,,,,,,,пожар,,,,пожар,нет реагирования,,пожар,,карточка-112,карточка-112,карточка-112,карточка-112,,,,,,,карточка-112,,,карточка-112,карточка-112,,,,карточка-112,,,карточка-112,,карточка-112,,Пожар: кабельный коллектор,,Пожар,Пожар,карточка-112,карточка-112,,,,,карточка -112,,,,,,,,,,карточка-112,карточка-112,,,,,,карточка-112,,карточка-112,карточка-112,,,,,,карточка-112,,,карточка -112,,,,карточка-112,Карточка-112,,,,,
1,99,0,113,1990113,,Не отображается оператору 112,,,,Пожар: Подстанция,Пожар: Подстанция,MCHS,Пожар: Подстанция,,,,,,,пожар,,,,пожар,нет реагирования,,пожар,,карточка-112,карточка-112,карточка-112,карточка-112,карточка-112,,,,карточка-112,,,,,карточка-112,карточка-112,карточка-112,,,,,,,карточка-112,карточка-112,,Пожар: Подстанция,карточка-112,Пожар,Пожар,карточка-112,карточка-112,,,,,карточка -112,,,,,,,,,,карточка-112,карточка-112,,,,,,карточка-112,,карточка-112,карточка-112,,Пожар: Подстанция,,Пожар: Подстанция,карточка-112,карточка-112,,,карточка -112,,,,,Карточка-112,,,,,
1,99,0,115,1990115,,Не отображается оператору 112,,,,Пожар: Покрышки автомобильные,Пожар: Покрышки автомобильные,MCHS,Пожар: Покрышки автомобильные,,,,,,,,пожар,пожар,,пожар,нет реагирования,,,,карточка-112,карточка-112,карточка-112,карточка-112,,,,,,,,,,,,,,,,,,,,,,Пожар: Покрышки автомобильные,,,,карточка-112,,,,,,,,,,,,,,,,карточка-112,карточка-112,,,,,,карточка-112,,карточка-112,,,Пожар: Покрышки автомобильные,,,,,,,,карточка-112,,,,,,,,,
1,99,0,116,1990116,,Не отображается оператору 112,,,,Пожар: Полигон,Пожар: Полигон,MCHS,Пожар: Полигон,,,,,,,пожар,,,,пожар,нет реагирования,,,,карточка-112,карточка-112,карточка-112,карточка-112,,,,,,,,,,,,,,,,,,,,,,Пожар: Полигон,,Пожар,Пожар,карточка-112,,,,,,карточка -112,,,,,,,,,карточка-112,карточка-112,карточка-112,,,,,,карточка-112,,карточка-112,карточка-112,,Пожар: Полигон,,,,,,,,,,,,,,,,,
1,99,0,117,1990117,,Не отображается оператору 112,,,,Пожар: Поликлиника,Пожар: Поликлиника,MCHS,Пожар: Поликлиника,,,,,,,пожар,,,пожар,,нет реагирования,,пожар,,карточка-112,карточка-112,карточка-112,карточка-112,карточка-112,,,,,,карточка-112,,,,,,,,,,,,,карточка-112,,Пожар: Поликлиника,,Пожар,Пожар,карточка-112,,,,,,карточка -112,,,,,,,,,карточка-112,карточка-112,карточка-112,,,,,,карточка-112,,карточка-112,карточка-112,,,,,,карточка-112,,,карточка -112,,,,,Карточка-112,,,,,
1,99,0,118,1990118,,Не отображается оператору 112,,,,Пожар: Порт,Пожар: Порт,MCHS,Пожар: Порт,,,,,,,пожар,,,,пожар,нет реагирования,,пожар,,карточка-112,карточка-112,карточка-112,карточка-112,карточка-112,,,,,,,,,,,,карточка-112,,,,,,,,,Пожар: Порт,,Пожар,Пожар,карточка-112,,,,,,карточка -112,,,,,,,,,,карточка-112,карточка-112,,,,,,карточка-112,,карточка-112,карточка-112,,,,,,,,,карточка -112,,,,,,,,,,
1,99,0,119,1990119,,Не отображается оператору 112,,,,Пожар: Посольство,Пожар: Посольство,MCHS,Пожар: Посольство,,,,,,,пожар,,,,пожар,нет реагирования,,пожар,,карточка-112,карточка-112,карточка-112,карточка-112,карточка-112,,,,,,карточка-112,,,,,,,,,,,,,карточка-112,,Пожар: Посольство,,Пожар,Пожар,карточка-112,,,,,,карточка -112,,,,,,,,,карточка-112,карточка-112,карточка-112,,,,,,карточка-112,,карточка-112,карточка-112,,,,,,,,,карточка -112,,,,,,,,,,
1,99,0,120,1990120,,Не отображается оператору 112,,,,Пожар: Прачечная,Пожар: Прачечная,MCHS,Пожар: Прачечная,,,,,,,пожар,,,,пожар,нет реагирования,,пожар,,карточка-112,карточка-112,карточка-112,карточка-112,,,,,,,карточка-112,,,,,,,,,,,,,,,Пожар: Прачечная,,Пожар,Пожар,карточка-112,,,,,,,,,,,,,,карточка-112,,карточка-112,карточка-112,,,,,,карточка-112,,карточка-112,карточка-112,,,,,,,,,карточка -112,,,,,,,,,,
1,99,0,121,1990121,,Не отображается оператору 112,,,,Пожар: Префектура,Пожар: Префектура,MCHS,Пожар: Префектура,,,,,,,пожар,,,,пожар,нет реагирования,,пожар,,карточка-112,карточка-112,карточка-112,карточка-112,карточка-112,,,,,,карточка-112,,,,,,,,,,,карточка-112,,карточка-112,,Пожар: Префектура,,Пожар,Пожар,карточка-112,,,,,,карточка -112,,,,,,,,,,карточка-112,карточка-112,,,,,,карточка-112,,карточка-112,карточка-112,,,,,,,,,карточка -112,,,,,,,,,,
1,99,0,122,1990122,,Не отображается оператору 112,,,,Пожар: Приемник-распределитель,Пожар: Приемник-распределитель,MCHS,Пожар: Приемник-распределитель,,,,,,,пожар,,,,пожар,нет реагирования,,пожар,,карточка-112,карточка-112,карточка-112,карточка-112,,,,,,,карточка-112,,,,,,,,,,,,,,,Пожар: Приемник-распределитель,,Пожар,Пожар,карточка-112,,,,,,карточка -112,,,,,,,,,,карточка-112,карточка-112,,,,,,карточка-112,,карточка-112,карточка-112,,,,,,,,,карточка -112,,,,,,,,,,
1,99,0,123,1990123,,Не отображается оператору 112,,,,Пожар: Пристройка,Пожар: Пристройка,MCHS,Пожар: Пристройка,,,,,,,пожар,,,,пожар,нет реагирования,,пожар,,карточка-112,карточка-112,карточка-112,карточка-112,,,,,,,,,,,,,,,,,,,,,,Пожар: Пристройка,,Пожар,Пожар,карточка-112,,,,,,карточка -112,,,,,,,,,,карточка-112,карточка-112,,,,,,карточка-112,,карточка-112,карточка-112,,,,,,,,,,,,,,Карточка-112,,,,,
1,99,0,124,1990124,,Не отображается оператору 112,,,,Пожар: Провода,Пожар: Провода,MCHS,Пожар: Провода,,,,,,,пожар,пожар,пожар,,пожар,нет реагирования,,,,карточка-112,карточка-112,карточка-112,карточка-112,,,,,,,,,,,,,,,карточка-112,,,,,карточка-112,,Пожар: Провода,,Пожар,Пожар,карточка-112,,,,,,,,,,,,,,,,карточка-112,карточка-112,,,,,,карточка-112,,карточка-112,карточка-112,,,,Пожар: Провода,карточка-112,,,,,,,,карточка-112,Карточка-112,,,,,
1,99,0,125,1990125,,Не отображается оператору 112,,,,Пожар: Производственно-складское здание,Пожар: Производственно-складское здание,MCHS,Пожар: Производственно-складское здание,,,,,,,пожар,,,,пожар,нет реагирования,,пожар,,карточка-112,карточка-112,карточка-112,карточка-112,карточка-112,,карточка-112,,,,карточка-112,,,,,,карточка-112,,,,,карточка-112,,,,Пожар: Производственно-складское здание,,Пожар,Пожар,карточка-112,,,,,,карточка -112,,,,,,,,карточка-112,,карточка-112,карточка-112,,,,,,карточка-112,,карточка-112,карточка-112,,Пожар: Производственно-складское здание,,,,,,,карточка -112,карточка-112,,,карточка-112,Карточка-112,,,,,
1,99,0,127,1990127,,Не отображается оператору 112,,,,Пожар: Прокуратура,Пожар: Прокуратура,MCHS,Пожар: Прокуратура,,,,,,,пожар,,,,пожар,нет реагирования,,пожар,,карточка-112,карточка-112,карточка-112,карточка-112,карточка-112,,,,,,карточка-112,,,,,,,,,,,карточка-112,,карточка-112,,Пожар: Прокуратура,,Пожар,Пожар,карточка-112,,,,,,карточка -112,,,,,,,,,карточка-112,карточка-112,карточка-112,,,,,,карточка-112,,карточка-112,карточка-112,,,,,,,,,карточка -112,,,,,,,,,,
1,99,0,128,1990128,,Не отображается оператору 112,,,,Пожар: Ресторан,Пожар: Ресторан,MCHS,Пожар: Ресторан,,,,,,,пожар,,,,пожар,нет реагирования,,пожар,,карточка-112,карточка-112,карточка-112,карточка-112,карточка-112,,,,,,карточка-112,,,,,,,,,,,,,,,Пожар: Ресторан,,Пожар,Пожар,карточка-112,,,,,,карточка -112,,,,,,,,карточка-112,,карточка-112,карточка-112,,,,,,карточка-112,,карточка-112,карточка-112,,,,,,,,,карточка -112,,,,,,,,,,
1,99,0,129,1990129,,Не отображается оператору 112,,,,Пожар: Роддом,Пожар: Роддом,MCHS,Пожар: Роддом,,,,,,,пожар,,,пожар,,нет реагирования,,пожар,,карточка-112,карточка-112,карточка-112,карточка-112,карточка-112,,,,,,карточка-112,,,,,,,,,,,,,карточка-112,,Пожар: Роддом,,Пожар,Пожар,карточка-112,,,,,,карточка -112,,,,,,,,,,карточка-112,карточка-112,,,,,,карточка-112,,карточка-112,карточка-112,,,,,,,,,карточка -112,,,,,,,,,,
1,99,0,130,1990130,,Не отображается оператору 112,,,,Пожар: Рынок,Пожар: Рынок,MCHS,Пожар: Рынок,,,,,,,пожар,,,,пожар,нет реагирования,,пожар,,карточка-112,карточка-112,карточка-112,карточка-112,карточка-112,,,,,,карточка-112,,,,,,,,,,,,,,,Пожар: Рынок,,Пожар,Пожар,карточка-112,,,,,,карточка -112,,,,,,,,карточка-112,,карточка-112,карточка-112,,,,,,карточка-112,,карточка-112,карточка-112,,,,,,,,,карточка -112,,,,,,,,,,
1,99,0,131,1990131,,Не отображается оператору 112,,,,Пожар: Салон,Пожар: Салон,MCHS,Пожар: Салон,,,,,,,пожар,,,,пожар,нет реагирования,,пожар,,карточка-112,карточка-112,карточка-112,карточка-112,,,,,,,карточка-112,,,,,,,,,,,,,,,Пожар: Салон,,Пожар,Пожар,карточка-112,,,,,,карточка -112,,,,,,,,карточка-112,,карточка-112,карточка-112,,,,,,карточка-112,,карточка-112,карточка-112,,,,,,,,,карточка -112,,,,,,,,,,
1,99,0,132,1990132,,Не отображается оператору 112,,,,Пожар: Санаторий,Пожар: Санаторий,MCHS,Пожар: Санаторий,,,,,,,пожар,,,,пожар,нет реагирования,,пожар,,карточка-112,карточка-112,карточка-112,карточка-112,карточка-112,,,,,,карточка-112,,,,,,,,,,,,,,,Пожар: Санаторий,,Пожар,Пожар,карточка-112,,,,,,карточка -112,,,,,,,,,,карточка-112,карточка-112,,,,,,карточка-112,,карточка-112,карточка-112,,Пожар: Санаторий,карточка-112,,,,,,карточка -112,,,,,,,,,,
1,99,0,133,1990133,,Не отображается оператору 112,,,,Пожар: Сарай,Пожар: Сарай,MCHS,Пожар: Сарай,,,,,,,пожар,,,,пожар,нет реагирования,,,,карточка-112,карточка-112,карточка-112,карточка-112,,,,,,,,,,,,,,,,,,,,,,Пожар: Сарай,,Пожар,Пожар,карточка-112,,,,,,,,,,,,,,,,карточка-112,карточка-112,,,,,,карточка-112,,карточка-112,карточка-112,,,,,,,,,,,,,,,,,,,
1,99,0,134,1990134,,Не отображается оператору 112,,,,Пожар: Сауна,Пожар: Сауна,MCHS,Пожар: Сауна,,,,,,,пожар,,,,пожар,нет реагирования,,пожар,,карточка-112,карточка-112,карточка-112,карточка-112,,,,,,,карточка-112,,,,,,,,,,,,,,,Пожар: Сауна,,Пожар,Пожар,карточка-112,,,,,,карточка -112,,,,,,,,карточка-112,,карточка-112,карточка-112,,,,,,карточка-112,,карточка-112,карточка-112,,,,,,,,,,,,,,,,,,,
1,99,0,135,1990135,,Не отображается оператору 112,,,,Пожар: Свалка,Пожар: Свалка,MCHS,Пожар: Свалка,,,,,,,пожар,пожар,пожар,,пожар,нет реагирования,,,,карточка-112,карточка-112,карточка-112,карточка-112,,,,,,,,,,,,,,,,,,,,,,Пожар: Свалка,,Пожар,Пожар,карточка-112,,,,,,,,,,,,,,,,карточка-112,карточка-112,,,,,,карточка-112,,карточка-112,карточка-112,,Пожар: Свалка,,,,,,,,карточка-112,,,,,,,,,
1,99,0,137,1990137,,Не отображается оператору 112,,,,Пожар: Склад,Пожар: Склад,MCHS,Пожар: Склад,,,,,,,пожар,,,,пожар,нет реагирования,,пожар,,карточка-112,карточка-112,карточка-112,карточка-112,карточка-112,,карточка-112,,,,карточка-112,,,,,,карточка-112,,карточка-112,,,,,,,Пожар: Склад,,Пожар,Пожар,карточка-112,,,,,,карточка -112,,,,,,,,карточка-112,,карточка-112,карточка-112,,,,,,карточка-112,,карточка-112,карточка-112,,Пожар: Склад,,,,,,,карточка -112,карточка-112,,,карточка-112,Карточка-112,,,,,
1,99,0,138,1990138,,Не отображается оператору 112,,,,Пожар: Собор,Пожар: Собор,MCHS,Пожар: Собор,,,,,,,пожар,,,,пожар,нет реагирования,,пожар,,карточка-112,карточка-112,карточка-112,карточка-112,карточка-112,,,,,,карточка-112,,,,,,,,,,,,,карточка-112,,Пожар: Собор,,Пожар,Пожар,карточка-112,,,,,,карточка -112,,,,,,,,,,карточка-112,карточка-112,,,,,,карточка-112,,карточка-112,карточка-112,,Пожар: Собор,,,,,,,карточка -112,,,,,Карточка-112,,,,,
1,99,0,139,1990139,,Не отображается оператору 112,,,,Пожар: Спортзал,Пожар: Спортзал,MCHS,Пожар: Спортзал,,,,,,,пожар,,,,пожар,нет реагирования,,пожар,,карточка-112,карточка-112,карточка-112,карточка-112,,,,,,,карточка-112,,,,,,,,,,,,,,,Пожар: Спортзал,,Пожар,Пожар,карточка-112,,,,,,карточка -112,,,,,,,,,,карточка-112,карточка-112,,,,,,карточка-112,,карточка-112,карточка-112,,,,,,карточка-112,,,карточка -112,,,,,,,,,,
1,99,0,140,1990140,,Не отображается оператору 112,,,,Пожар: Спорткомплекс,Пожар: Спорткомплекс,MCHS,Пожар: Спорткомплекс,,,,,,,пожар,,,,пожар,нет реагирования,,пожар,,карточка-112,карточка-112,карточка-112,карточка-112,карточка-112,,,,,,карточка-112,,,,,,,,,,,,,,,Пожар: Спорткомплекс,,Пожар,Пожар,карточка-112,,,,,,карточка -112,,,,,,,,,,карточка-112,карточка-112,,,,,,карточка-112,,карточка-112,карточка-112,,Пожар: Спорткомплекс,,,,карточка-112,,,карточка -112,,,,,Карточка-112,,,,,
1,99,0,141,1990141,,Не отображается оператору 112,,,,Пожар: Стадион,Пожар: Стадион,MCHS,Пожар: Стадион,,,,,,,пожар,,,,пожар,нет реагирования,,пожар,,карточка-112,карточка-112,карточка-112,карточка-112,карточка-112,,,,,,карточка-112,,,,,,,,,,,,,карточка-112,,Пожар: Стадион,,Пожар,Пожар,карточка-112,,,,,,карточка -112,,,,,,,,,карточка-112,карточка-112,карточка-112,,,,,,карточка-112,,карточка-112,карточка-112,,Пожар: Стадион,,,,,,,карточка -112,,,,,,,,,,
1,99,0,143,1990143,,Не отображается оператору 112,,,,Пожар: Станция телефонная,Пожар: Станция телефонная,MCHS,Пожар: Станция телефонная,,,,,,,пожар,,,,пожар,нет реагирования,,пожар,,карточка-112,карточка-112,карточка-112,карточка-112,карточка-112,,,,,,карточка-112,,,,,,,карточка-112,,,,,,,,Пожар: Станция телефонная,,Пожар,Пожар,карточка-112,,,,,,карточка -112,,,,,,,,,,карточка-112,карточка-112,,,,,,карточка-112,,карточка-112,карточка-112,,,,,,,,,карточка -112,,,,,Карточка-112,,,,,
1,99,0,144,1990144,,Не отображается оператору 112,,,,Пожар: Столовая,Пожар: Столовая,MCHS,Пожар: Столовая,,,,,,,пожар,,,,пожар,нет реагирования,,пожар,,карточка-112,карточка-112,карточка-112,карточка-112,,,,,,,карточка-112,,,,,,,,,,,,,,,Пожар: Столовая,,Пожар,Пожар,карточка-112,,,,,,карточка -112,,,,,,,,карточка-112,,карточка-112,карточка-112,,,,,,карточка-112,,карточка-112,карточка-112,,,,,,,,,карточка -112,,,,,,,,,,
1,99,0,145,1990145,,Не отображается оператору 112,,,,Пожар: Суд,Пожар: Суд,MCHS,Пожар: Суд,,,,,,,пожар,,,,пожар,нет реагирования,,пожар,,карточка-112,карточка-112,карточка-112,карточка-112,карточка-112,,,,,,карточка-112,,,,,,,,,,,,,карточка-112,,Пожар: Суд,,Пожар,Пожар,карточка-112,,,,,,карточка -112,,,,,,,,,,карточка-112,карточка-112,,,,,,карточка-112,,карточка-112,карточка-112,,,,,,,,,карточка -112,,,,,,,,,,
1,99,0,148,1990148,,Не отображается оператору 112,,,,Пожар: Таможня,Пожар: Таможня,MCHS,Пожар: Таможня,,,,,,,пожар,,,,пожар,нет реагирования,,пожар,,карточка-112,карточка-112,карточка-112,карточка-112,карточка-112,,,,,,,,,,,,,,,,,,,,,Пожар: Таможня,,Пожар,Пожар,карточка-112,,,,,,карточка -112,,,,,,,,,,карточка-112,карточка-112,,,,,,карточка-112,,карточка-112,карточка-112,,,,,,,,,,,,,,,,,,,
1,99,0,149,1990149,,Не отображается оператору 112,,,,Пожар: Телебашня,Пожар: Телебашня,MCHS,Пожар: Телебашня,,,,,,,пожар,,,,пожар,нет реагирования,,,,карточка-112,карточка-112,карточка-112,карточка-112,карточка-112,,,,,,карточка-112,,,,,,,,,,,,,карточка-112,,Пожар: Телебашня,,Пожар,Пожар,карточка-112,,,,,,карточка -112,,,,,,,,,карточка-112,карточка-112,карточка-112,,,,,,карточка-112,,карточка-112,карточка-112,,Пожар: Телебашня,,,,,,,карточка -112,,,,,Карточка-112,,,,,
1,99,0,150,1990150,,Не отображается оператору 112,,,,Пожар: Телецентр,Пожар: Телецентр,MCHS,Пожар: Телецентр,,,,,,,пожар,,,,пожар,нет реагирования,,пожар,,карточка-112,карточка-112,карточка-112,карточка-112,карточка-112,,,,,,карточка-112,,,,,,,,,,,,,карточка-112,,Пожар: Телецентр,,Пожар,Пожар,карточка-112,,,,,,карточка -112,,,,,,,,,карточка-112,карточка-112,карточка-112,,,,,,карточка-112,,карточка-112,карточка-112,,Пожар: Телецентр,,,,,,,карточка -112,,,,,Карточка-112,,,,,
1,99,0,151,1990151,,Не отображается оператору 112,,,,Пожар: Техникум,Пожар: Техникум,MCHS,Пожар: Техникум,,,,,,,пожар,,,,пожар,нет реагирования,,пожар,,карточка-112,карточка-112,карточка-112,карточка-112,карточка-112,,,,,,карточка-112,,,,,,,,,,,,,карточка-112,,Пожар: Техникум,,Пожар,Пожар,карточка-112,,,карточка-112,,,карточка -112,,,,,,,,,,карточка-112,карточка-112,,,,,,карточка-112,,карточка-112,карточка-112,,,,,,,,,карточка -112,,,,,,,,,,
1,99,0,152,1990152,,Не отображается оператору 112,,,,Пожар: Типография,Пожар: Типография,MCHS,Пожар: Типография,,,,,,,пожар,,,,пожар,нет реагирования,,пожар,,карточка-112,карточка-112,карточка-112,карточка-112,,,,,,,карточка-112,,,,,,,,,,,,,,,Пожар: Типография,,Пожар,Пожар,карточка-112,,,,,,карточка -112,,,,,,,,,,карточка-112,карточка-112,,,,,,карточка-112,,карточка-112,карточка-112,,,,,,,,,карточка -112,,,,,,,,,,
1,99,0,154,1990154,,Не отображается оператору 112,,,,Пожар: Торговый центр,Пожар: Торговый центр,MCHS,Пожар: Торговый центр,,,,,,,пожар,,,,пожар,нет реагирования,,пожар,,карточка-112,карточка-112,карточка-112,карточка-112,карточка-112,,,,,,карточка-112,,,,,,,,,,,,,карточка-112,,Пожар: Торговый центр,,Пожар,Пожар,карточка-112,,,,,,карточка -112,,,,,,,,карточка-112,,карточка-112,карточка-112,,,,,,карточка-112,,карточка-112,карточка-112,,,,,,,,,карточка -112,,,,,Карточка-112,,,,,
1,99,0,156,1990156,,Не отображается оператору 112,,,,Пожар: Трамвай,Пожар: Трамвай,MCHS,Пожар: Трамвай,,,,,,,горит автотранспортное средство,,,,пожар,нет реагирования,,,,карточка-112,карточка-112,карточка-112,карточка-112,,,,,карточка-112,,,,,,,,,,,карточка-112,,,,,,Пожар: Трамвай,,Пожар,Пожар,карточка-112,,,,,,карточка -112,,,,,,,,,,карточка-112,карточка-112,,,,,,карточка-112,,карточка-112,карточка-112,,,,,,,,,карточка -112,,,,,,,,,,
1,99,0,157,1990157,,Не отображается оператору 112,,,,Пожар: Трансформаторная будка,Пожар: Трансформаторная будка,MCHS,Пожар: Трансформаторная будка,,,,,,,пожар,,,,пожар,нет реагирования,,пожар,,карточка-112,карточка-112,карточка-112,карточка-112,,,,,,,карточка-112,,,,,,,,,,,,,карточка-112,,Пожар: Трансформаторная будка,,Пожар,Пожар,карточка-112,,,,,,карточка -112,,,,,,,,,,карточка-112,карточка-112,,,,,,карточка-112,,карточка-112,карточка-112,,,,Пожар: Трансформаторная будка,карточка-112,,,,карточка -112,,,,карточка-112,Карточка-112,,,,,
1,99,0,158,1990158,,Не отображается оператору 112,,,,Пожар: Троллейбус,Пожар: Троллейбус,MCHS,Пожар: Троллейбус,,,,,,,горит автотранспортное средство,,,,пожар,нет реагирования,,,,карточка-112,карточка-112,карточка-112,карточка-112,,,,,карточка-112,,,,,карточка-112,,,,,,,,,,,,Пожар: Троллейбус,,Пожар,Пожар,карточка-112,,,,,,карточка -112,,,,,,,,,,карточка-112,карточка-112,,,,,,карточка-112,,карточка-112,карточка-112,,,,,,,,карточка-112,,,,,,,,,,,
1,99,0,159,1990159,,Не отображается оператору 112,,,,Пожар: Тэц,Пожар: Тэц,MCHS,Пожар: Тэц,,,,,,,пожар,,,,пожар,нет реагирования,пожар,,,карточка-112,карточка-112,карточка-112,карточка-112,карточка-112,,,,,,карточка-112,,,,,,,,,,,карточка-112,,карточка-112,,Пожар: Тэц,карточка-112,Пожар,Пожар,карточка-112,,,,,,карточка -112,,карточка-112,,,,,,,,карточка-112,карточка-112,,,,,,карточка-112,,карточка-112,карточка-112,,Пожар: Тэц,,,,,,,карточка -112,,,,карточка-112,Карточка-112,,,,,
1,99,0,160,1990160,,Не отображается оператору 112,,,,Пожар: Тюрьма,Пожар: Тюрьма,MCHS,Пожар: Тюрьма,,,,,,,пожар,,,,пожар,нет реагирования,,пожар,,карточка-112,карточка-112,карточка-112,карточка-112,карточка-112,,,,,,карточка-112,,,,,,,,,,,,,,,Пожар: Тюрьма,,Пожар,Пожар,карточка-112,,,,,,карточка -112,,,,,,,,,карточка-112,карточка-112,карточка-112,,,,,,карточка-112,,карточка-112,карточка-112,,,,,,,,,карточка -112,,,,,,,,,,
1,99,0,161,1990161,,Не отображается оператору 112,,,,Пожар: Университет,Пожар: Университет,MCHS,Пожар: Университет,,,,,,,пожар,,,,пожар,нет реагирования,,пожар,,карточка-112,карточка-112,карточка-112,карточка-112,карточка-112,,,,,,карточка-112,,,,,,,,,,,,,карточка-112,,Пожар: Университет,,Пожар,Пожар,карточка-112,,,карточка-112,,,карточка -112,,,,,,,,,,карточка-112,карточка-112,,,,,,карточка-112,,карточка-112,карточка-112,,,,,,,,,карточка -112,,,,,,,,,,
1,99,0,162,1990162,,Не отображается оператору 112,,,,Пожар: Училище,Пожар: Училище,MCHS,Пожар: Училище,,,,,,,пожар,,,,пожар,нет реагирования,,пожар,,карточка-112,карточка-112,карточка-112,карточка-112,карточка-112,,,,,,карточка-112,,,,,,,,,,,,,карточка-112,,Пожар: Училище,,Пожар,Пожар,карточка-112,,,,,,карточка -112,,,,,,,,,,карточка-112,карточка-112,,,,,,карточка-112,,карточка-112,карточка-112,,,,,,,,,карточка -112,,,,,,,,,,
1,99,0,163,1990163,,Не отображается оператору 112,,,,Пожар: Фабрика,Пожар: Фабрика,MCHS,Пожар: Фабрика,,,,,,,пожар,,,,пожар,нет реагирования,,пожар,,карточка-112,карточка-112,карточка-112,карточка-112,карточка-112,,карточка-112,,,,карточка-112,,,,,,,,,,,,,,,Пожар: Фабрика,,Пожар,Пожар,карточка-112,,,,,,карточка -112,,,,,,,,карточка-112,,карточка-112,карточка-112,,,,,,карточка-112,,карточка-112,карточка-112,,,,,,,,,карточка -112,,,,,,,,,,
1,99,0,164,1990164,,Не отображается оператору 112,,,,Пожар: Хладокомбинат,Пожар: Хладокомбинат,MCHS,Пожар: Хладокомбинат,,,,,,,пожар,,,,пожар,нет реагирования,,пожар,,карточка-112,карточка-112,карточка-112,карточка-112,карточка-112,,,,,,карточка-112,,,,,,,,,,,,,,,Пожар: Хладокомбинат,,Пожар,Пожар,карточка-112,,,,,,карточка -112,,,,,,,,карточка-112,,карточка-112,карточка-112,,,,,,карточка-112,,карточка-112,карточка-112,,,,,,,,,карточка -112,,карточка-112,,,Карточка-112,,,,,
1,99,0,165,1990165,,Не отображается оператору 112,,,,Пожар: Хлебозавод,Пожар: Хлебозавод,MCHS,Пожар: Хлебозавод,,,,,,,пожар,,,,пожар,нет реагирования,,пожар,,карточка-112,карточка-112,карточка-112,карточка-112,карточка-112,,,,,,карточка-112,,,,,,,,,,,,,,,Пожар: Хлебозавод,,Пожар,Пожар,карточка-112,,,,,,карточка -112,,,,,,,,карточка-112,,карточка-112,карточка-112,,,,,,карточка-112,,карточка-112,карточка-112,,,,,,,,,карточка -112,,,,,,,,,,
1,99,0,166,1990166,,Не отображается оператору 112,,,,Пожар: Холодильник,Пожар: Холодильник,MCHS,Пожар: Холодильник,,,,,,,пожар,,,,пожар,нет реагирования,,,,карточка-112,карточка-112,карточка-112,карточка-112,,,,,,,,,,,,,,,,,,,,,,Пожар: Холодильник,,Пожар,Пожар,карточка-112,,,,,,,,,,,,,,,,карточка-112,карточка-112,,,,,,карточка-112,,карточка-112,карточка-112,,,,,,,,,,карточка-112,карточка-112,,,,,,,,
1,99,0,167,1990167,,Не отображается оператору 112,,,,Пожар: Храм,Пожар: Храм,MCHS,Пожар: Храм,,,,,,,пожар,,,,пожар,нет реагирования,,пожар,,карточка-112,карточка-112,карточка-112,карточка-112,карточка-112,,,,,,карточка-112,,,,,,,,,,,,,карточка-112,,Пожар: Храм,,Пожар,Пожар,карточка-112,,,,,,карточка -112,,,,,,,,,,карточка-112,карточка-112,,,,,,карточка-112,,карточка-112,карточка-112,,Пожар: Храм,,,,,,,карточка -112,,,,,Карточка-112,,,,,
1,99,0,168,1990168,,Не отображается оператору 112,,,,Пожар: Хранилище,Пожар: Хранилище,MCHS,Пожар: Хранилище,,,,,,,пожар,,,,пожар,нет реагирования,,пожар,,карточка-112,карточка-112,карточка-112,карточка-112,карточка-112,,карточка-112,,,,карточка-112,,,,,,,,,,,карточка-112,,,,Пожар: Хранилище,,Пожар,Пожар,карточка-112,,,,,,карточка -112,,,,,,,,,,карточка-112,карточка-112,,,,,,карточка-112,,карточка-112,карточка-112,,Пожар: Хранилище,,,,,,,карточка -112,карточка-112,,,карточка-112,,,,,,
1,99,0,169,1990169,,Не отображается оператору 112,,,,Пожар: Церковь,Пожар: Церковь,MCHS,Пожар: Церковь,,,,,,,пожар,,,,пожар,нет реагирования,,пожар,,карточка-112,карточка-112,карточка-112,карточка-112,карточка-112,,,,,,карточка-112,,,,,,,,,,,,,карточка-112,,Пожар: Церковь,,Пожар,Пожар,карточка-112,,,,,,карточка -112,,,,,,,,,,карточка-112,карточка-112,,,,,,карточка-112,,карточка-112,карточка-112,,Пожар: Церковь,,,,,,,карточка -112,,,,,Карточка-112,,,,,
1,99,0,170,1990170,,Не отображается оператору 112,,,,Пожар: Цех,Пожар: Цех,MCHS,Пожар: Цех,,,,,,,пожар,,,,пожар,нет реагирования,,пожар,,карточка-112,карточка-112,карточка-112,карточка-112,карточка-112,,карточка-112,,,,,,,,,,,,,,,,,,,Пожар: Цех,,Пожар,Пожар,карточка-112,,,,,,карточка -112,,,,,,,,,,карточка-112,карточка-112,,,,,,карточка-112,,карточка-112,карточка-112,,,,,,,,,,,,,,,,,,,
1,99,0,171,1990171,,Не отображается оператору 112,,,,Пожар: Цирк,Пожар: Цирк,MCHS,Пожар: Цирк,,,,,,,пожар,,,,пожар,нет реагирования,,пожар,,карточка-112,карточка-112,карточка-112,карточка-112,карточка-112,,,,,,карточка-112,,,,,,,,,,,,,карточка-112,,Пожар: Цирк,,Пожар,Пожар,карточка-112,,,,,,карточка -112,,,,,,,,,,карточка-112,карточка-112,,,,,,карточка-112,,карточка-112,карточка-112,,,,,,,,,карточка -112,,,,,,,,,,
1,99,0,172,1990172,,Не отображается оператору 112,,,,Пожар: Часовня,Пожар: Часовня,MCHS,Пожар: Часовня,,,,,,,пожар,,,,пожар,нет реагирования,,пожар,,карточка-112,карточка-112,карточка-112,карточка-112,,,,,,,карточка-112,,,,,,,,,,,,,,,Пожар: Часовня,,Пожар,Пожар,карточка-112,,,,,,карточка -112,,,,,,,,,,карточка-112,карточка-112,,,,,,карточка-112,,карточка-112,карточка-112,,,,,,,,,карточка -112,,,,,Карточка-112,,,,,
1,99,0,174,1990174,,Не отображается оператору 112,,,,Пожар: Чердак,Пожар: Чердак,MCHS,Пожар: Чердак,,,,,,,пожар,,,,пожар,нет реагирования,,пожар,,карточка-112,карточка-112,карточка-112,карточка-112,,,,,,,карточка-112,,,,,,,,,,,,,,,Пожар: Чердак,,Пожар,Пожар,карточка-112,,,,,,карточка -112,,,,,,,,,,карточка-112,карточка-112,,,,,,карточка-112,,карточка-112,карточка-112,,,,Пожар: Чердак,карточка-112,карточка-112,,,карточка -112,,,,,,,,,,
1,99,0,175,1990175,,Не отображается оператору 112,,,,Пожар: Шахта лифта,Пожар: Шахта лифта,MCHS,Пожар: Шахта лифта,,,,,,,пожар,пожар,пожар,,пожар,нет реагирования,,пожар,,карточка-112,карточка-112,карточка-112,карточка-112,,,,,,,,,,карточка-112,карточка-112,карточка-112,,,карточка-112,,,,,,карточка-112,Пожар: Шахта лифта,,Пожар,Пожар,карточка-112,,,,,,карточка -112,,,,,,,,,,карточка-112,карточка-112,,,,,,карточка-112,,карточка-112,карточка-112,,,,Пожар: Шахта лифта,карточка-112,карточка-112,,,,,,,,Карточка-112,,,,,
1,99,0,176,1990176,,Не отображается оператору 112,,,,Пожар: Шахта метро вентиляционная,Пожар: Шахта метро вентиляционная,MCHS,Пожар: Шахта метро вентиляционная,,,,,,,пожар,,,,пожар,нет реагирования,,пожар,,карточка-112,карточка-112,карточка-112,карточка-112,карточка-112,,,,,,,,,,,,,,,карточка-112,,,,,,Пожар: Шахта метро вентиляционная,,Пожар,Пожар,карточка-112,,,,,,карточка -112,,,,,,,,,,карточка-112,карточка-112,,,,,,карточка-112,,карточка-112,карточка-112,,,,,,карточка-112,,,,,,,,Карточка-112,,,,,
1,99,0,177,1990177,,Не отображается оператору 112,,,,Пожар: Шиномонтаж авто,Пожар: Шиномонтаж авто,MCHS,Пожар: Шиномонтаж авто,,,,,,,пожар,,,,пожар,нет реагирования,,,,карточка-112,карточка-112,карточка-112,карточка-112,,,,,,,карточка-112,,,,,,,,,,,,,,,Пожар: Шиномонтаж авто,,Пожар,Пожар,карточка-112,,,,,,карточка -112,,,,,,,,карточка-112,,карточка-112,карточка-112,,,,,,карточка-112,,карточка-112,карточка-112,,,,,,,,,карточка -112,,,,,,,,,,
1,99,0,179,1990179,,Не отображается оператору 112,,,,Пожар: Школа-интернат,Пожар: Школа-интернат,MCHS,Пожар: Школа-интернат,,,,,,,пожар,,,,пожар,нет реагирования,,пожар,,карточка-112,карточка-112,карточка-112,карточка-112,карточка-112,,,,,,карточка-112,,,,,,,,,,,,,карточка-112,,Пожар: Школа-интернат,,Пожар,Пожар,карточка-112,,,карточка-112,,,карточка -112,,,карточка-112,,,,,,,карточка-112,карточка-112,,,,,,карточка-112,,карточка-112,карточка-112,,,,,,,,,карточка -112,,,,,,,,,,
1,99,0,180,1990180,,Не отображается оператору 112,,,,Пожар: Шпалы,Пожар: Шпалы,MCHS,Пожар: Шпалы,,,,,,,пожар,,,,пожар,нет реагирования,,,,карточка-112,карточка-112,карточка-112,карточка-112,,,,,,,,,,,,,,,,,,,,,,Пожар: Шпалы,,Пожар,Пожар,карточка-112,,,,,,,,,,,,,,,,карточка-112,карточка-112,,,,,,карточка-112,,карточка-112,карточка-112,,Пожар: Шпалы,,,,,,,,,,,,,,,,,
1,99,0,181,1990181,,Не отображается оператору 112,,,,Пожар: Элеватор,Пожар: Элеватор,MCHS,Пожар: Элеватор,,,,,,,пожар,,,,пожар,нет реагирования,,,,карточка-112,карточка-112,карточка-112,карточка-112,карточка-112,,,,,,,,,,,,,,,,,,,,,Пожар: Элеватор,,Пожар,Пожар,карточка-112,,,,,,карточка -112,,,,,,,,,,карточка-112,карточка-112,,,,,,карточка-112,,карточка-112,карточка-112,,Пожар: Элеватор,,,,,,,,,,,,,,,,,
1,99,0,184,1990184,,Не отображается оператору 112,,,,Пожар: Электроподстанция,Пожар: Электроподстанция,MCHS,Пожар: Электроподстанция,,,,,,,пожар,,,,пожар,нет реагирования,,,,карточка-112,карточка-112,карточка-112,карточка-112,карточка-112,,,,карточка-112,,,,,карточка-112,карточка-112,карточка-112,,,,,,карточка-112,карточка-112,карточка-112,,Пожар: Электроподстанция,карточка-112,Пожар,Пожар,карточка-112,,,,,,карточка -112,,,,,,,,,,карточка-112,карточка-112,,,,,,карточка-112,,карточка-112,карточка-112,,Пожар: Электроподстанция,,,,карточка-112,,,карточка -112,,,,,Карточка-112,,,,,
1,99,0,188,1990188,,Не отображается оператору 112,,,,Пожар: Вагончик для жилья,Пожар: Вагончик для жилья,MCHS,Пожар: Вагончик для жилья,,,,,,,пожар,,,,пожар,нет реагирования,,,,карточка-112,карточка-112,карточка-112,карточка-112,,,,,,,,,,,,,,,,,,,,,,Пожар: Вагончик для жилья,,Пожар,Пожар,карточка-112,,,,,,карточка -112,,,,,,,,,,карточка-112,карточка-112,,карточка-112,,,,карточка-112,,карточка-112,карточка-112,,Пожар: Вагончик для жилья,,Пожар: Вагончик для жилья,карточка-112,,,,,,,,,Карточка-112,,,,,
1,99,0,189,1990189,,Не отображается оператору 112,,,,Пожар: Корт,Пожар: Корт,MCHS,Пожар: Корт,,,,,,,пожар,пожар,пожар,,пожар,нет реагирования,,,,карточка-112,карточка-112,карточка-112,карточка-112,,,,,,,,,,,,,,,,,,карточка-112,,,,Пожар: Корт,,Пожар,Пожар,карточка-112,,,,,,карточка -112,,,,,,,,,,карточка-112,карточка-112,,,,,,карточка-112,,карточка-112,карточка-112,,,,,,,,,,,,,,,,,,,
1,99,0,190,1990190,,Не отображается оператору 112,,,,Пожар: Санэпидстанция,Пожар: Санэпидстанция,MCHS,Пожар: Санэпидстанция,,,,,,,пожар,,,,пожар,нет реагирования,,пожар,,карточка-112,карточка-112,карточка-112,карточка-112,,,,,,,карточка-112,,,,,,,,,,,карточка-112,,,,Пожар: Санэпидстанция,,Пожар,Пожар,карточка-112,,,,,,карточка -112,,,,,,,,,,карточка-112,карточка-112,,,,,,карточка-112,,карточка-112,карточка-112,,,,,,,,,карточка -112,,,,,,,,,,
1,99,0,193,1990193,,Не отображается оператору 112,,,,Пожар: Электропроводка в подъезде,Пожар: Электропроводка в подъезде,MCHS,Пожар: Электропроводка в подъезде,,,,,,,пожар,пожар,пожар,,пожар,нет реагирования,,,,карточка-112,карточка-112,карточка-112,карточка-112,,,,,,,,,,,,,,,,,,,,,,Пожар: Электропроводка в подъезде,,Пожар,Пожар,карточка-112,,,,,,,,,,,,,,,,карточка-112,карточка-112,,,,,,карточка-112,,карточка-112,карточка-112,,,,,,карточка-112,,,,,,,,,,,,,
,,,,2,ДТП,,,,,,,,,,,,,,,,,,,,,,,,,,,,,,,,,,,,,,,,,,,,,,,,,,,,,карточка-112,,,,,,,,,,,,,,,,,,,,,,,,,,,,,,,,,,,,,,,,,,,,,
2,1,0,0,2010000,Дорожно-транспортные происшествия без пострадавших,ДТП,,,,ДТП без пострадавших,ДТП без пострадаших,Police,,,,,,,,ДТП без пострадавших,,,,,,,,,,,,,,,,,,,карточка-112,,,,,,,,,,,,,,,ДТП без пострадавших,,,,карточка-112,,,,,,,,,,,,,,,,,,,,,,,,,карточка-112,карточка-112,,,,,,карточка-112,,,карточка -112,,,,,,,,,,
2,1,1,0,2010100,,ДТП,Транспорт легковой,,,ДТП без пострадавших - легковой,ДТП без пострадаших,Police,,,,,,,,ДТП без пострадавших,,,,,,,,,,,,,,,,,,,карточка-112,,,,,,,,,,,,,,,ДТП без пострадавших,,,,карточка-112,,,,,,,,,,,,,,,,,,,,,,,,,карточка-112,карточка-112,,,,,,карточка-112,,,карточка -112,,,,,,,,,,
2,1,2,0,2010200,,ДТП,Транспорт общественный,,,ДТП без пострадаших - общественный,ДТП без пострадаших,Police,,,,,,,,ДТП без пострадавших,,,,,,,,,,,,,,,,,,,карточка-112,,,,,,,,,,,,,,,ДТП без пострадавших,,,,карточка-112,,,,,,,,,,,,,,,,карточка-112,карточка-112,,,,,,,,карточка-112,карточка-112,,,,,,карточка-112,,карточка-112,,,,,,,,,,,
2,1,3,0,2010300,,ДТП,Транспорт служебный,,"101, 102, 103, ФСБ, Росгвардия",ДТП без пострадавших - служебный,ДТП со служебным транспортом ГУВД,Police,,,,,,,,ДТП со служебным транспортом,,,,,,,,,,,,,,,,,,,карточка-112,,,,,,,,,,,,,,,ДТП со служебным транспортом ГУВД,,,,карточка-112,,,,,,,,,,,,,,,карточка-112,,,,,,,,,,карточка-112,карточка-112,,,,,,карточка-112,,,карточка -112,,,,,,,,,,
2,1,3,1,2010301,,ДТП,Транспорт служебный,104,,ДТП без пострадавших - служебный 104,ДТП со служебным транспортом ГУВД,Police,,,,,,,,ДТП со служебным транспортом,,,,,,ДТП служебный транспорт 104,,,,,,,,,,,,,карточка-112,,,,,,,,,,,,,,,ДТП со служебным транспортом ГУВД,,,,карточка-112,,,,,,,,,,,,,,,карточка-112,,,,,,,,,,карточка-112,карточка-112,,,,,,карточка-112,,,карточка -112,,,,,,,,,,
2,1,4,0,2010400,,ДТП,Транспорт грузовой,,,ДТП без пострадавших - грузовой,ДТП без пострадаших,Police,,,,,,,,ДТП без пострадавших,,,,,,,,,,,,,,,,,,,карточка-112,,,,,,,,,,,,,,,ДТП без пострадавших,,,,карточка-112,,,,,,,,,,,,,,,,,,,,,,,,,карточка-112,карточка-112,,,,,,карточка-112,,,карточка -112,,,,,,,,,,
2,1,5,0,2010500,Дорожно-транспортные происшествия без пострадавших с опасным грузом,ДТП,Опасный груз,,,ДТП без пострадаших - опасный груз,ДТП с перевозкой опасных грузов,MCHS,ДТП с перевозкой опасных грузов,ДТП с перевозкой опасных грузов,,,,,,ДТП с опасным грузом,,,,,,,,Карточка-112,,,,,,,,,,,карточка-112,,,,,,,,,,,,,,,ДТП с перевозкой опасных грузов,,ДТП,,карточка-112,,,,,,,,,,,,,,,карточка-112,карточка-112,карточка-112,,,,,,,,карточка-112,карточка-112,,,,,,карточка-112,,,карточка -112,карточка-112,карточка-112,карточка-112,,,,,,,
2,1,6,0,2010600,Дорожно-транспортные происшествия без пострадавших,ДТП,Драка,,,ДТП без пострадавших с дракой,ДТП с дракой,Police,,,,,,,,ДТП с дракой,,,,,,,,,,,,,,,,,,,карточка-112,,,,,,,,,,,,,,,ДТП с дракой,,ДТП,ДТП,карточка-112,,,,,,,,,,,,,,,карточка-112,,,,,,,,,,карточка-112,карточка-112,,,,,,карточка-112,,,карточка -112,,,,,,,,,,
2,1,6,1,2010601,,ДТП,Драка,Пострадавшие в результате драки,,ДТП с дракой с пострадавшими,ДТП с дракой,Police,,,,,,,,ДТП с дракой,,,Травма,,нет реагирования,,,,,,,,,,,,,,карточка-112,,,,,,,,,,,,,,,ДТП с дракой,,ДТП,ДТП,карточка-112,,,,,,,,,,,,,,,карточка-112,,,,,,,,,,карточка-112,карточка-112,,,,,,карточка-112,,,карточка -112,,,,,,,,,,
2,1,7,0,2010700,,ДТП,Разлив топлива,,,ДТП без пострадавших с разлитием,ДТП с разлитием горючих жидкостей,Police,ДТП легкового транспорта,,,,,,,ДТП с опасным грузом,,,,,,,,,,,,,,,,,,,карточка-112,,,,,,,,,,,,,,,ДТП с разлитием горючих жидкостей,,ДТП,ДТП,карточка-112,,,,,,,,,,,,,,,,карточка-112,карточка-112,,,,,,,,карточка-112,карточка-112,,,,,,карточка-112,,,карточка -112,,,,,,,,,,
2,1,8,0,2010800,,ДТП,Горит дымится,,,ДТП без пострадавших с пожаром,ДТП с пожаром,MCHS,Пожар: Транспортное средство,,,,,,,ДТП с пожаром,,,,,,,,Карточка-112,,,,,,,,,,,карточка-112,,,,,,,,,,,,,,,Пожар: машина,,ДТП,ДТП,карточка-112,,,,,,,,,,,,,,,,карточка-112,карточка-112,,,,,,,,карточка-112,карточка-112,,,,,,карточка-112,,,карточка -112,,,,,,,,,,
2,1,9,1,2010901,,ДТП,Наезд на препятствие,Столб мачта освещения,,ДТП наезд на опору освещения,"ДТП наезд на препятствия, Сбита опора",Police,,,,,,,,ДТП без пострадавших,,,,,,,,,,,,,,,,карточка-112,,,карточка-112,,,,,,,,,,,,,карточка-112,,ДТП наезд на препятствия,,,,карточка-112,,,,,,,,,,,,,,,,карточка-112,карточка-112,карточка-112,,,,,,,карточка-112,карточка-112,,,,,,карточка-112,,,карточка -112,,,,,,,,,,
2,1,9,2,2010902,,ДТП,Наезд на препятствие,Опора моста,,ДТП наезд на опору моста,ДТП наезд на препятствия,Police,,,,,,,,ДТП без пострадавших,,,,,,,,,,,,,,,,,,,карточка-112,,карточка-112,,,,,,,,,,,,,ДТП наезд на препятствия,,,,карточка-112,,,,,,,,,,,,,,,,карточка-112,карточка-112,,,,,,,,карточка-112,карточка-112,,,,,,карточка-112,,,карточка -112,,,,,,,,,,
2,1,9,3,2010903,,ДТП,Наезд на препятствие,Светофор,,ДТП наезд на светофор,ДТП наезд на препятствия,Police,,,,,,,,ДТП без пострадавших,,,,,,,,,,,,,,,,,,,карточка-112,,,,,,,,,,,,,,,ДТП наезд на препятствия,,,,карточка-112,,,,,,,,,,,,,,,,карточка-112,карточка-112,,,,,,,,карточка-112,карточка-112,,,,,,карточка-112,,,карточка -112,,,,,,,,,,
2,1,9,4,2010904,,ДТП,Наезд на препятствие,Столб контактная сеть,,ДТП наезд на опору освещения - повреждена контактная сеть,"ДТП наезд на препятствия, Сбита опора с повреждением контактной сети",Police,,,,,,,,ДТП без пострадавших,,,,,,,,,,,,,,,,,карточка-112,,,,,,,,,,,,,,,карточка-112,,Сбита опора с повреждением контактной сети,,,,карточка-112,,,,,,,,,,,,,,,,карточка-112,карточка-112,,,,,,,,карточка-112,карточка-112,,,,,,карточка-112,,,карточка -112,,,,,,,,,,
2,1,9,5,2010905,,ДТП,Наезд на препятствие,Открытый люк,,ДТП наезд на открытый люк,ДТП наезд на препятствия,Police,,,,,,,,ДТП без пострадавших,,,,,,Открыт колодец,,,,,,,,,,,,,карточка-112,,,,,,,,карточка-112,,открыт колодец,карточка-112,карточка-112,,,ДТП наезд на препятствия,,,,карточка-112,карточка-112,,,,,,карточка-112,,,,,,,,,карточка-112,карточка-112,,,,,,,,карточка-112,карточка-112,,,,,,карточка-112,,,карточка -112,,,,,,,,,,
2,1,9,6,2010906,,ДТП,Наезд на препятствие,Прочие посторонние предметы,,ДТП наезд на препятствия,ДТП наезд на препятствия,Police,,,,,,,,ДТП без пострадавших,,,,,,,,,,,,,,,,,,,карточка-112,,,,,,,,,,,,,,,ДТП наезд на препятствия,,,,карточка-112,,,,,,,,,,,,,,,,карточка-112,карточка-112,,,,,,,,карточка-112,карточка-112,,,,,,карточка-112,,,карточка -112,,,,,,,,,,
2,1,10,0,2011000,,ДТП,Тоннель эстакада путепровод,,,ДТП без пострадавших - тоннель путепровод,ДТП без пострадаших,Police,,,,,,,,ДТП без пострадавших,,,,,,,,,,,,,,,,,,,карточка-112,,карточка-112,карточка-112,,,,,,,,,,,,ДТП без пострадавших,,ДТП,ДТП,карточка-112,,,,,,,,,,,,,,,,карточка-112,карточка-112,,,,,,,,карточка-112,карточка-112,,,,,,карточка-112,,,карточка -112,,,,,,,,,,
2,1,11,0,2011100,,ДТП,Автоподстава,,,Автоподстава,Автоподстава,Police,,,,,,,,ДТП без пострадавших,,,,,,,,,,,,,,,,,,,карточка-112,,,,,,,,,,,,,,,Автоподстава,,,,карточка-112,,,,,,,,,,,,,,,,,,,,,,,,,карточка-112,карточка-112,,,,,,карточка-112,,,карточка -112,,,,,,,,,,
2,1,12,0,2011200,,ДТП,Сход трамвая с рельс,,,Трамвай сход с рельс,Сход вагона (городской транспорт) трамвай,Police,,ДТП общественного транспорта,,,,ДТП общественного транспорта,,ДТП без пострадавших,,,,,,,,,,,,,,,,,карточка-112,,карточка-112,,,,,,,,,карточка-112,,,,,,Сход вагона (городской транспорт) трамвай,,ДТП,ДТП,карточка-112,,,,,,,,,,,,,,,карточка-112,карточка-112,карточка-112,,,,,,,,карточка-112,карточка-112,,,,,,,,,,,,,,,,,,,
2,1,13,0,2011300,,ДТП,Разлитие негорючих жидкостей,,"Тосол, антифриз и др.",ДТП без пострадавших с разлитием негорючих веществ,Нет в ЕКП,,,,,,,,,ДТП без пострадавших,,,,,,,,,,,,,,,,карточка-112,,,карточка-112,,,,,,,,,,,,,,,ДТП без пострадавших,,,,карточка-112,,,,,,,,,,,,,,,,,карточка-112,карточка-112,,,,,,,карточка-112,карточка-112,,,,,,карточка-112,,,карточка -112,,,,,,,,,,
2,2,0,0,2020000,Дорожно-транспортные происшествия с пострадавшими,ДТП пострадавшие,,,,ДТП с пострадавшими,ДТП с пострадавшими,Police,,ДТП легкового транспорта,,,,ДТП легкового транспорта,,ДТП с пострадавшими,,,АВТО,АВТО,нет реагирования,,,ДТП,,,,,,,,,,,карточка-112,,,,,,,,,,,,,,,ДТП с пострадавшими,,ДТП,ДТП,карточка-112,,,,,,,,,,,,,,,карточка-112,,,,,,,,,,карточка-112,карточка-112,,,,,,карточка-112,,,карточка -112,,,,,,,,,,
2,2,1,0,2020100,,ДТП пострадавшие,Наезд на пешехода,,,ДТП наезд на пешехода,ДТП:наезд на пешехода,Police,,,,,,,,ДТП с пострадавшими,,,АВТО,АВТО,нет реагирования,,,ДТП,,,,,,,,,,,карточка-112,,,,,,,,,,,,,,,ДТП:наезд на пешехода,,ДТП,ДТП,карточка-112,,,,,,,,,,,,,,,,,,,,,,,,,карточка-112,карточка-112,,,,,,карточка-112,,,карточка -112,,,,,,,,,,
2,2,2,0,2020200,,ДТП пострадавшие,Автомашина скрылась,,,ДТП с пострадавшими (автомашина скрылась),ДТП с пострадавшими (автомашина скрылась),Police,,ДТП легкового транспорта,,,,ДТП легкового транспорта,,ДТП с пострадавшими (транспортное средство скрылось),,,АВТО,АВТО,нет реагирования,,,ДТП,,,,,,,,,,,карточка-112,,,,,,,,,,,,,,,ДТП с пострадавшими (а/м скрылась),,ДТП,ДТП,карточка-112,,,,,,,,,,,,,,,карточка-112,,,,,,,,,,карточка-112,карточка-112,,,,,,карточка-112,,,карточка -112,,,,,,,,,,
2,2,3,0,2020300,,ДТП пострадавшие,Транспорт легковой,,,ДТП с пострадавшими - легковой,"ДТП с пострадавшими, ДТП: легковой транспорт",Police,,ДТП легкового транспорта,,,,ДТП легкового транспорта,,ДТП с пострадавшими,,,АВТО,АВТО,нет реагирования,,,ДТП,,,,,,,,,,,карточка-112,,,,,,,,,,,,,,,ДТП с пострадавшими,,ДТП,ДТП,карточка-112,,,,,,,,,,,,,,,карточка-112,,,,,,,,,,карточка-112,карточка-112,,,,,,карточка-112,,,карточка -112,,,,,,,,,,
2,2,4,0,2020400,,ДТП пострадавшие,Транспорт грузовой,,,ДТП с пострадавшими - грузовой,"ДТП с пострадавшими, ДТП: грузовой транспорт",Police,,ДТП грузового транспорта,,,,ДТП грузового транспорта,,ДТП с пострадавшими,,,АВТО,АВТО,нет реагирования,,,ДТП,,,,,,,,,,,карточка-112,,,,,,,,,,,,,,,ДТП с пострадавшими,,ДТП,ДТП,карточка-112,,,,,,,,,,,,,,,карточка-112,,,,,,,,,,карточка-112,карточка-112,,,,,,карточка-112,,,карточка -112,,,,,,,,,,
2,2,5,0,2020500,,ДТП пострадавшие,Транспорт общественный,,,ДТП с пострадавшими - общественный,"ДТП с пострадавшими, ДТП: общественный транспорт",MCHS,ДТП общественного транспорта,,ДТП общественного транспорта,,,,,ДТП с пострадавшими,,,АВТО,АВТО,нет реагирования,,,ДТП на общественном транспорте,,,,,,,,,,,карточка-112,,,,,,,,,,,,,,,ДТП с пострадавшими,,ДТП,ДТП,карточка-112,,,,,,,,,,,,,,,карточка-112,карточка-112,карточка-112,,,,,,,,карточка-112,карточка-112,,,,,,карточка-112,,,карточка -112,,,,,,,,,,
2,2,6,0,2020600,,ДТП пострадавшие,Транспорт служебный,,МВД МЧС ФСБ Росгвардия 103,ДТП с пострадавшими - служебный,"ДТП с пострадавшими, ДТП: Служебный транспорт ГУ МВД",Police,,ДТП легкового транспорта,,,,ДТП легкового транспорта,,"ДТП со служебным транспортом полиции, ФСБ, Росгвардии, ""101"", ""103""",,,АВТО,АВТО,нет реагирования,,,ДТП бригад СМП,,,,,,,,,,,карточка-112,,,,,,,,,,,,,,,ДТП с пострадавшими,,ДТП,ДТП,карточка-112,,,,,,,,,,,,,,,карточка-112,,,,,,,,,,карточка-112,карточка-112,,,,,,карточка-112,,,карточка -112,,,,,,,,,,
2,2,6,1,2020601,,ДТП пострадавшие,Транспорт служебный,104,,ДТП с пострадавшими - служебный 104,"ДТП с пострадавшими, ДТП: Служебный транспорт ГУ МВД",Police,,,,,,,,"ДТП со служебным транспортом полиции, ФСБ, Росгвардии, ""101"", ""103""",,,АВТО,АВТО,нет реагирования,ДТП служебный транспорт 104,,,,,,,,,,,,,,,,,,,,,,,,,,,,ДТП с пострадавшими,,ДТП,ДТП,карточка-112,,,,,,,,,,,,,,,карточка-112,,,,,,,,,,карточка-112,карточка-112,,,,,,карточка-112,,,,,,,,,,,,,
2,2,7,0,2020700,Дорожно-транспортные происшествия с пострадавшими с опасным грузом,ДТП пострадавшие,Опасный груз,,,ДТП с пострадавшими - опасный груз,ДТП с пострадавшими ДТП с перевозкой опасных грузов,MCHS,ДТП с перевозкой опасных грузов,,ДТП с перевозкой опасных грузов,,,,,ДТП с пострадавшими,,,АВТО,АВТО,нет реагирования,,,ДТП,,,,,,,,,,,карточка-112,,,,,,,,,,,,,,,ДТП с пострадавшими,,ДТП,ДТП,карточка-112,,,,,,,,,,,,,,,карточка-112,карточка-112,карточка-112,,,,,,,,карточка-112,карточка-112,,,,,,карточка-112,,,карточка -112,карточка-112,карточка-112,карточка-112,,,,,,,
2,2,8,0,2020800,Дорожно-транспортные происшествия с пострадавшими,ДТП пострадавшие,Драка,,,ДТП с пострадавшими с дракой,ДТП с пострадавшими ДТП с дракой,Police,,ДТП легкового транспорта,,,,ДТП легкового транспорта,,ДТП с пострадавшими,,,АВТО,АВТО,нет реагирования,,,ДТП,,,,,,,,,,,карточка-112,,,,,,,,,,,,,,,ДТП с пострадавшими,,ДТП,ДТП,карточка-112,,,,,,,,,,,,,,,карточка-112,,,,,,,,,,карточка-112,карточка-112,,,,,,карточка-112,,,карточка -112,,,,,,,,,,
2,2,9,0,2020900,,ДТП пострадавшие,Разлив топлива,,,ДТП с пострадавшими - разлитие горючих жидкостей,"ДТП с пострадавшими, ДТП с разлитием горючих жидкостей",MCHS,ДТП легкового транспорта,,,,,ДТП легкового транспорта,,ДТП с пострадавшими,,,АВТО,АВТО,нет реагирования,,,ДТП:разлитие горючих веществ,,,,,,,,карточка-112,,,карточка-112,,,,,,,,,,,,,,,ДТП с пострадавшими,,ДТП,ДТП,карточка-112,,,,,,,,,,,,,,,карточка-112,карточка-112,карточка-112,карточка-112,,,,,,,карточка-112,карточка-112,,,,,,карточка-112,,,карточка -112,,,,,,,,,,
2,2,10,0,2021000,,ДТП пострадавшие,Горит дымится,,,ДТП с пострадавшими с пожаром,ДТП с пострадавшими ДТП с пожаром,MCHS,Пожар: Транспортное средство,,,,,Пожар: Транспортное средство,,ДТП с пострадавшими,,,АВТО,АВТО,нет реагирования,,,ДТП:пожар,,,,,,,,,,,карточка-112,,,,,,,,,,,,,,,ДТП с пострадавшими,,ДТП,ДТП,карточка-112,,,,,,,,,,,,,,,карточка-112,карточка-112,карточка-112,,,,,,,,карточка-112,карточка-112,,,,,,карточка-112,,,карточка -112,,,,,,,,,,
2,2,11,1,2021101,,ДТП пострадавшие,Наезд на препятствие ,Столб мачта освещения,,ДТП с пострадавшими - опора освещения,"ДТП с пострадавшими, Сбита опора",Police,,ДТП легкового транспорта,,,,ДТП легкового транспорта,,ДТП с пострадавшими,,,АВТО,АВТО,нет реагирования,,,ДТП,,,,,,,,карточка-112,карточка-112,,карточка-112,,,,,,,,,,,,,карточка-112,,ДТП с пострадавшими,,ДТП,ДТП,карточка-112,,,,,,,,,,,,,,,карточка-112,карточка-112,карточка-112,карточка-112,,,,,,,карточка-112,карточка-112,,,,,,карточка-112,,,карточка -112,,,,,,,,,,
2,2,11,2,2021102,,ДТП пострадавшие,Наезд на препятствие ,Опора моста,,ДТП с пострадавшими - опора моста,ДТП с пострадавшими,Police,,ДТП легкового транспорта,,,,ДТП легкового транспорта,,ДТП с пострадавшими,,,АВТО,АВТО,нет реагирования,,,ДТП,,,,,,,,,,,карточка-112,,,,,,,,,,,,,,,ДТП с пострадавшими,,ДТП,ДТП,карточка-112,,,,,,,,,,,,,,,карточка-112,карточка-112,карточка-112,,,,,,,,карточка-112,карточка-112,,,,,,карточка-112,,,карточка -112,,,,,,,,,,
2,2,11,3,2021103,,ДТП пострадавшие,Наезд на препятствие ,Светофор,,ДТП с пострадавшими - наезд на светофор,ДТП с пострадавшими,Police,,ДТП легкового транспорта,,,,ДТП легкового транспорта,,ДТП с пострадавшими,,,АВТО,АВТО,нет реагирования,,,ДТП,,,,,,,,,,,карточка-112,,,,,,,,,,,,,,,ДТП с пострадавшими,,ДТП,ДТП,карточка-112,,,,,,,,,,,,,,,карточка-112,карточка-112,карточка-112,,,,,,,,карточка-112,карточка-112,,,,,,карточка-112,,,карточка -112,,,,,,,,,,
2,2,11,4,2021104,,ДТП пострадавшие,Наезд на препятствие ,Столб контактная сеть,,"ДТП с пострадавшими - опора совещения, повреждена контактная сеть","ДТП с пострадавшими, Сбита опора с повреждением контактной сети",Police,,ДТП легкового транспорта,,,,ДТП легкового транспорта,,ДТП с пострадавшими,,,АВТО,АВТО,нет реагирования,,,ДТП,,,,,,,,,карточка-112,,карточка-112,,,,,,,,,,,,,,,ДТП с пострадавшими,,ДТП,ДТП,карточка-112,,,,,,,,,,,,,,,карточка-112,карточка-112,карточка-112,,,,,,,,карточка-112,карточка-112,,,,,,карточка-112,,,карточка -112,,,,,,,,,,
2,2,11,5,2021105,,ДТП пострадавшие,Наезд на препятствие,Открытый люк,,ДТП с пострадавшими - наезд на открытый люк,ДТП с пострадавшими,Police,,ДТП легкового транспорта,,,,ДТП легкового транспорта,,ДТП с пострадавшими,,,АВТО,АВТО,нет реагирования,,,ДТП,,,,,,,,,,,карточка-112,,,,,,,,,,,,,,,ДТП с пострадавшими,,ДТП,ДТП,карточка-112,карточка-112,,,,,,,,,,,,,,карточка-112,карточка-112,карточка-112,,,,,,,,карточка-112,карточка-112,,,,,,карточка-112,,,карточка -112,,,,,,,,,,
2,2,11,6,2021106,,ДТП пострадавшие,Наезд на препятствие ,Прочие посторонние предметы,,ДТП с пострадавшими - наезд на препятствие,ДТП с пострадавшими,Police,,ДТП легкового транспорта,,,,ДТП легкового транспорта,,ДТП с пострадавшими,,,АВТО,АВТО,нет реагирования,,,ДТП,,,,,,,,,,,карточка-112,,,,,,,,,,,,,,,ДТП с пострадавшими,,ДТП,ДТП,карточка-112,,,,,,,,,,,,,,,карточка-112,карточка-112,карточка-112,,,,,,,,карточка-112,карточка-112,,,,,,карточка-112,,,карточка -112,,,,,,,,,,
2,2,12,0,2021200,,ДТП пострадавшие,Движение перекрыто,,,ДТП с пострадавшими - перекрыто движение,ДТП с пострадавшими,Police,,ДТП легкового транспорта,,,,ДТП легкового транспорта,,ДТП с пострадавшими,,,АВТО,АВТО,нет реагирования,,,ДТП,,,,,,,,,,,карточка-112,,,,,,,,,,,,,,,ДТП с пострадавшими,,ДТП,ДТП,карточка-112,,,,,,,,,,,,,,,карточка-112,карточка-112,карточка-112,,,,,,,,карточка-112,карточка-112,,,,,,карточка-112,,,карточка -112,,,,,,,,,,
2,2,13,0,2021300,,ДТП пострадавшие,Тоннель эстакада путепровод,,,ДТП с пострадавшими - тоннель путепровод,ДТП с пострадавшими,Police,,ДТП легкового транспорта,,,,ДТП легкового транспорта,,ДТП с пострадавшими,,,АВТО,АВТО,нет реагирования,,,ДТП,,,,,,,,,,,карточка-112,,,,,,,,,,,,,,,ДТП с пострадавшими,,ДТП,ДТП,карточка-112,,,,,,,,,,,,,,,карточка-112,карточка-112,карточка-112,,,,,,,,карточка-112,карточка-112,,,,,,карточка-112,,,карточка -112,,,,,,,,,,
2,2,14,0,2021400,,ДТП пострадавшие,Падение с моста  в воду,,,Падение автомобиля в воду,Падение автомобиля в воду,MCHS,Извлечение транспортных средств,,,Извлечение транспортных средств,,,,ДТП с пострадавшими,,,АВТО,АВТО,нет реагирования,,,ДТП,,,,,,,,,,,карточка-112,,,,,,,,,,,,,,,Падение автомобиля в воду,,ДТП,ДТП,карточка-112,,,,,,,,,,,,,,,,карточка-112,карточка-112,,,,,,,,карточка-112,карточка-112,,,,,,карточка-112,,,карточка -112,,,,,,,,,,
2,2,15,0,2021500,,ДТП пострадавшие,Падение с моста на проезжую часть,,,Падение автомобиля на проезжую часть,ДТП с заблокированными,Police,,ДТП легкового транспорта,,,,ДТП легкового транспорта,,ДТП с пострадавшими,,,АВТО,АВТО,нет реагирования,,,ДТП,,,,,,,,,,,карточка-112,,,,,,,,,,,,,,,ДТП с заблокированными,,ДТП,ДТП,карточка-112,,,,,,,,,,,,,,,,карточка-112,карточка-112,,,,,,,,карточка-112,карточка-112,,,,,,карточка-112,,,карточка -112,,,,,,,,,,
2,2,16,0,2021600,,ДТП пострадавшие,Погибшие (до констатации смерти),,,ДТП с погибшими,ДТП с погибшими,Police,,ДТП легкового транспорта,,,,ДТП легкового транспорта,,ДТП с погибшими,,,АВТО,АВТО,нет реагирования,,,ДТП,,,,,,карточка-112,,,,,карточка-112,,,,,,,,,,,,,,,ДТП с погибшими,,ДТП,ДТП,карточка-112,,,,,,,,,,,,,,,карточка-112,,,,,,,,,,карточка-112,карточка-112,,,,,,карточка-112,,,карточка -112,,,,,,,,,,
2,2,17,0,2021700,,ДТП пострадавшие,Блокированные,,,ДТП с заблокированными,ДТП с заблокированными,MCHS,ДТП легкового транспорта,,ДТП легкового транспорта,,,,,ДТП с заблокированными,,,АВТО,АВТО,нет реагирования,,,ДТП,,,,,,,,,,,карточка-112,,,,,,,,,,,,,,,ДТП с заблокированными,,ДТП,ДТП,карточка-112,,,,,,,,,,,,,,,,,,,,,,,,,карточка-112,карточка-112,,,,,,карточка-112,,,карточка -112,,,,,,,,,,
2,2,18,0,2021800,,ДТП пострадавшие,Сход трамвая с рельс,,,Трамвай сход с рельс (пострадавшие),Сход вагона (городской транспорт) трамвай,Police,,ДТП общественного транспорта,,,ДТП общественного транспорта,ДТП общественного транспорта,,ДТП с пострадавшими,,,АВТО,АВТО,нет реагирования,,,,,карточка-112,карточка-112,,,,,,карточка-112,,карточка-112,карточка-112,,,,,,,,карточка-112,,,,,,Сход вагона (городской транспорт) трамвай,,ДТП,ДТП,карточка-112,,,,,,,,,,,,,,,карточка-112,карточка-112,карточка-112,,,,,,,,карточка-112,карточка-112,,,,,,,,,,,,,,,,,,,
2,2,19,0,2021900,,ДТП пострадавшие,Разлитие негорючих жидкостей,,"Тосол, антифриз и др.",ДТП с пострадавшими - разлитие негорючих веществ,Нет в ЕКП,,,ДТП легкового транспорта,,,,ДТП легкового транспорта,,ДТП с пострадавшими,,,АВТО,АВТО,нет реагирования,,,ДТП,,,,,,,,карточка-112,,,карточка-112,,,,,,,,,,,,,,,ДТП с пострадавшими,,ДТП,ДТП,карточка-112,,,,,,,,,,,,,,,,,карточка-112,карточка-112,,,,,,,карточка-112,карточка-112,,,,,,карточка-112,,,карточка -112,,,,,,,,,,
,,,,3,Взрывы,,,,,,,,,,,,,,,,,,,,,,,,,,,,,,,,,,,,,,,,,,,,,,,,,,,,,,,,,,,,,,,,,,,,,,,,,,,,,,,,,,,,,,,,,,,,,,,,,,
3,1,1,0,3010100,Взрыв,Взрыв объект,Дом многоквартирный,,уточнять наличие магистального газа или газа в баллонах обязательно!,Взрыв жилое здание,Взрыв жилое здание,MCHS,Прочие взрывы,,Прочие взрывы,,,,,Взрыв,,,Взрыв,Взрыв,,Взрыв,,,Карточка-112,Карточка-112,Карточка-112,Карточка-112,карточка-112,,Карточка-112,,,,Карточка-112,Карточка-112,,,,,,,,,Взрыв жилого здания,,,Карточка-112,,Взрыв жилое здание,,Взрыв,Взрыв,Карточка-112,,,,,,карточка -112,,,,,,,,,карточка-112,карточка-112,карточка-112,,карточка-112,,,карточка-112,карточка-112,,карточка-112,карточка-112,,,,Взрыв жилое здание,карточка-112,карточка-112,,,карточка -112,,,,,Карточка-112,,,,,
3,1,2,0,3010200,,Взрыв объект,Дом частный,,уточнять наличие магистального газа или газа в баллонах обязательно!,Взрыв частный дом,Взрыв жилое здание,MCHS,Прочие взрывы,,Прочие взрывы,,,,,Взрыв,,,Взрыв,Взрыв,,Взрыв,,,Карточка-112,Карточка-112,Карточка-112,Карточка-112,карточка-112,,Карточка-112,,,,Карточка-112,Карточка-112,,,,,,,,,Взрыв жилого здания,,,Карточка-112,,Взрыв жилое здание,,Взрыв,Взрыв,Карточка-112,,,,,,карточка -112,,,,,,,,,карточка-112,карточка-112,карточка-112,,карточка-112,,,,карточка-112,,карточка-112,карточка-112,,Взрыв частный дом,,,,,,,карточка -112,,,,,Карточка-112,,,,,
3,1,3,0,3010300,,Взрыв объект,Учебное заведение,,,Взрыв учебное заведение,Взрыв административное здание,MCHS,Прочие взрывы,,Прочие взрывы,,,,,Взрыв,,,Взрыв,Взрыв,,Взрыв,,,Карточка-112,Карточка-112,Карточка-112,Карточка-112,карточка-112,,,,,,Карточка-112,Карточка-112,,,,,,,,,Взрыв Административного здания,,,Карточка-112,,Взрыв административное здание,,Взрыв,Взрыв,Карточка-112,,,,,,карточка -112,,,,,,,,,карточка-112,карточка-112,карточка-112,,карточка-112,,,,карточка-112,,карточка-112,карточка-112,,,,,,карточка-112,,,карточка -112,,,,,Карточка-112,,,,,
3,1,4,0,3010400,,Взрыв объект,Административное здание,,,Взрыв административное здание,Взрыв административное здание,MCHS,Прочие взрывы,,Прочие взрывы,,,,,Взрыв,,,Взрыв,Взрыв,,Взрыв,,,Карточка-112,Карточка-112,Карточка-112,Карточка-112,карточка-112,,,,,,Карточка-112,Карточка-112,,карточка-112,карточка-112,,,,карточка-112,,Взрыв Административного здания,,,Карточка-112,,Взрыв административное здание,,Взрыв,Взрыв,Карточка-112,,,,,,карточка -112,,,,,,,,,карточка-112,карточка-112,карточка-112,,карточка-112,,,,карточка-112,,карточка-112,карточка-112,,,,,,карточка-112,,,карточка -112,,,,карточка-112,Карточка-112,,,,,
3,1,5,0,3010500,,Взрыв объект,Лечебное заведение,,,Взрыв лечебное учреждение,Взрыв административное здание,MCHS,Прочие взрывы,,Прочие взрывы,,,,,Взрыв,,,Взрыв,Взрыв,,Взрыв,,Карточка-112,Карточка-112,Карточка-112,Карточка-112,Карточка-112,карточка-112,,,,,,Карточка-112,Карточка-112,,карточка-112,карточка-112,,,,,,Взрыв Административного здания,,,Карточка-112,,Взрыв административное здание,,Взрыв,Взрыв,Карточка-112,,,,,,карточка -112,,,,,,,,,карточка-112,карточка-112,карточка-112,,карточка-112,,,,карточка-112,,карточка-112,карточка-112,,,,,,карточка-112,,,карточка -112,,,,,Карточка-112,,,,,
3,1,6,0,3010600,,Взрыв объект,Общественное место,,,Взрыв общественное место,Взрыв,MCHS,Прочие взрывы,,Прочие взрывы,,,,,Взрыв,,,Взрыв,Взрыв,,Взрыв,,,Карточка-112,Карточка-112,Карточка-112,Карточка-112,карточка-112,,,,,,Карточка-112,Карточка-112,,карточка-112,карточка-112,,,,карточка-112,,Взрыв Административного здания,,,Карточка-112,,Взрыв,,Взрыв,Взрыв,Карточка-112,,,,,,карточка -112,,,,,,,,,карточка-112,карточка-112,карточка-112,,карточка-112,,,,карточка-112,,карточка-112,карточка-112,,,,,,карточка-112,,,карточка -112,,,,,Карточка-112,,,,,
3,1,7,0,3010700,,Взрыв объект,Объект связи,,,Взрыв объект связи,Взрыв,MCHS,Прочие взрывы,,Прочие взрывы,,,,,Взрыв,,,Взрыв,Взрыв,,Взрыв,,,Карточка-112,Карточка-112,Карточка-112,Карточка-112,карточка-112,,Карточка-112,,,,Карточка-112,Карточка-112,,карточка-112,карточка-112,,,карточка-112,,,,,,,,Взрыв,,Взрыв,Взрыв,Карточка-112,,,,,,карточка -112,,,,,,,,,карточка-112,карточка-112,карточка-112,,карточка-112,,,,карточка-112,,карточка-112,карточка-112,,,,,,карточка-112,,,карточка -112,,,,,Карточка-112,,,,,
3,1,8,0,3010800,,Взрыв объект,Бытовой газ,,,Взрыв бытовой газ,Взрыв бытовой газ,MCHS,Взрывы бытового газа,,Взрывы бытового газа,,,,,Взрыв,,,Взрыв,Взрыв,,Взрыв,,Карточка-112,Карточка-112,Карточка-112,Карточка-112,Карточка-112,карточка-112,,Карточка-112,,,,Карточка-112,Карточка-112,,,,,,,,,,,,,,Взрыв бытовой газ,Карточка-112,Взрыв,Взрыв,Карточка-112,,,,,,карточка -112,,,,,,,,,карточка-112,карточка-112,карточка-112,,,карточка-112,,,карточка-112,,карточка-112,карточка-112,,Взрыв бытовой газ,,Взрыв бытовой газ,карточка-112,карточка-112,,,карточка -112,,,,,Карточка-112,,,,,
3,1,9,0,3010900,,Взрыв объект,Газовый баллон,,"где находится - балкон, кухня, частный дом и т.д.",Взрыв газовый баллон,Взрыв газовый баллон,MCHS,Взрывы бытового газа,,Взрывы бытового газа,,,,,Взрыв,,,Взрыв,Взрыв,,,,,Карточка-112,Карточка-112,Карточка-112,Карточка-112,,,,,,,Карточка-112,Карточка-112,,,,,,,,,,,,,,Взрыв газовый баллон,,Взрыв,Взрыв,Карточка-112,,,,,,карточка -112,,,,,,,,,карточка-112,карточка-112,карточка-112,,,карточка-112,,,карточка-112,,карточка-112,карточка-112,,Взрыв газовый баллон,,,,карточка-112,,,карточка -112,,,,,Карточка-112,,,,,
3,1,10,0,3011000,,Взрыв объект,АЗС,,,Взрыв АЗС,Взрыв,MCHS,Прочие взрывы,,Прочие взрывы,,,,,Взрыв,,,Взрыв,Взрыв,,Взрыв,,,Карточка-112,Карточка-112,Карточка-112,Карточка-112,карточка-112,,Карточка-112,,,,Карточка-112,Карточка-112,,,,,,,,,,,,,,Взрыв,,Взрыв,Взрыв,Карточка-112,,,,,,карточка -112,,,,,,,,,карточка-112,карточка-112,карточка-112,,,,,,карточка-112,,карточка-112,карточка-112,,Взрыв АЗС,,,,,,,карточка -112,карточка-112,,,,Карточка-112,,,,,
3,1,11,0,3011100,,Взрыв объект,Нефтепровод нефтехранилище,,,Взрыв нефтепровод (нефтехранилище),Взрыв,MCHS,Прочие взрывы,,Прочие взрывы,,,,,Взрыв,,,Взрыв,Взрыв,,Взрыв,,,Карточка-112,Карточка-112,Карточка-112,Карточка-112,карточка-112,,,,,,Карточка-112,Карточка-112,,,,,,,,,,,,,,Взрыв,,Взрыв,Взрыв,Карточка-112,,,,,,карточка -112,,,,,,,,,карточка-112,карточка-112,карточка-112,,,,,,карточка-112,,карточка-112,карточка-112,,Взрыв нефтепровод (нефтехранилище),,,,,,,карточка -112,,,,карточка-112,Карточка-112,,,,,
3,1,12,0,3011200,,Взрыв объект,Газопровод газохранилище,,,Взрыв газопровод (газохранилище),Взрыв ,MCHS,Взрывы бытового газа,,Взрывы бытового газа,,,,,Взрыв,,,Взрыв,Взрыв,,Взрыв,,,Карточка-112,Карточка-112,Карточка-112,Карточка-112,карточка-112,,Карточка-112,,,,Карточка-112,Карточка-112,,,,,,,,,,,,,,Взрыв,,Взрыв,Взрыв,Карточка-112,,,,,,карточка -112,,,,,,,,,карточка-112,карточка-112,карточка-112,,,,,,карточка-112,,карточка-112,карточка-112,,Взрыв газопровод (газохранилище),,,,,,,карточка -112,карточка-112,,,карточка-112,Карточка-112,,,,,
3,1,13,0,3011300,,Взрыв объект,Гидросооружение,,,Взрыв гидросооружение,Взрыв,MCHS,Прочие взрывы,,Прочие взрывы,,,,,Взрыв,,,Взрыв,Взрыв,,Взрыв,,,Карточка-112,Карточка-112,Карточка-112,Карточка-112,карточка-112,,,,,,Карточка-112,Карточка-112,,,,,,,,,,,,,,Взрыв,,Взрыв,Взрыв,Карточка-112,,,,,,карточка -112,,,,,,,,,карточка-112,карточка-112,карточка-112,,,,,,карточка-112,,карточка-112,карточка-112,,Взрыв гидросооружение,,,,,,,карточка -112,,,,,Карточка-112,,,,,
3,1,14,0,3011400,,Взрыв объект,Опасный объект производство,,,Взрыв опасный объект (производство),Взрыв,MCHS,Прочие взрывы,,Прочие взрывы,,,,,Взрыв,,,Взрыв,Взрыв,,Взрыв,,,Карточка-112,Карточка-112,Карточка-112,Карточка-112,карточка-112,,Карточка-112,,,,Карточка-112,Карточка-112,,карточка-112,карточка-112,,,,,,,,,,,Взрыв,,Взрыв,Взрыв,Карточка-112,,,,,,карточка -112,,,,,,,,карточка-112,карточка-112,карточка-112,карточка-112,,,,,,карточка-112,,карточка-112,карточка-112,,Взрыв опасный объект (производство),,,,,,,карточка -112,,карточка-112,карточка-112,,Карточка-112,,,,,
3,1,15,0,3011500,,Взрыв объект,Коммуникации подземные (Колодцы люки шахты)/наземные ,,,"Взрыв колодец (шахта, люк)",Взрыв,MCHS,Прочие взрывы,,Прочие взрывы,,,,,Взрыв,,,Взрыв,Взрыв,,Взрыв,,,Карточка-112,Карточка-112,Карточка-112,Карточка-112,карточка-112,,,,,,Карточка-112,Карточка-112,,карточка-112,,,,,карточка-112,,,,,,,Взрыв,,Взрыв,Взрыв,Карточка-112,карточка-112,,,,,карточка -112,,,,,,,,,карточка-112,карточка-112,карточка-112,,,,,,карточка-112,,карточка-112,карточка-112,,,,,,карточка-112,,,карточка -112,,,,,Карточка-112,,,,,
3,1,16,0,3011600,,Взрыв объект,Мачта освещения ЛЭП,,,"Взрыв ЛЭП, мачта освещения",Взрыв,MCHS,Прочие взрывы,,Прочие взрывы,,,,,Взрыв,,,Взрыв,Взрыв,,,,,Карточка-112,Карточка-112,Карточка-112,Карточка-112,,,,,,,Карточка-112,Карточка-112,,,,,,,,,,,,карточка-112,,Взрыв,,Взрыв,Взрыв,Карточка-112,,,,,,карточка -112,,,,,,,,,карточка-112,карточка-112,карточка-112,,,,,,карточка-112,,карточка-112,карточка-112,,,,,,,,,карточка -112,,,,,Карточка-112,,,,,
3,1,17,0,3011700,,Взрыв объект,Мост эстакада подземный/ наземный переход тоннель,,,"Взрыв мост (эстакада, подземный/ наземный переход, тоннель)",Взрыв,MCHS,Прочие взрывы,,Прочие взрывы,,,,,Взрыв,,,Взрыв,Взрыв,,Взрыв,,,Карточка-112,Карточка-112,Карточка-112,Карточка-112,карточка-112,,,,,,Карточка-112,Карточка-112,карточка-112,карточка-112,карточка-112,карточка-112,,,,,,,,,,Взрыв,,Взрыв,Взрыв,Карточка-112,карточка-112,,,,,карточка -112,,,,,,,,,карточка-112,карточка-112,карточка-112,,карточка-112,,,,карточка-112,,карточка-112,карточка-112,,,,,,карточка-112,,,карточка -112,,,,,Карточка-112,,,,,
3,1,18,0,3011800,,Взрыв объект,Улица,,,Взрыв на улице,Взрыв,MCHS,Прочие взрывы,,Прочие взрывы,,,,,Взрыв,,,Взрыв,Взрыв,,Взрыв,,,Карточка-112,Карточка-112,Карточка-112,Карточка-112,,,,,,,Карточка-112,Карточка-112,,,,,,,,,,,,,,Взрыв,,Взрыв,Взрыв,Карточка-112,,,,,,карточка -112,,,,,,,,,карточка-112,карточка-112,карточка-112,,,,,,карточка-112,,карточка-112,карточка-112,,,,,,карточка-112,,,карточка -112,,,,карточка-112,Карточка-112,,,,,
3,1,19,0,3011900,,Взрыв объект,Прочие объекты,,,Взрыв прочее,Взрыв,MCHS,Прочие взрывы,,Прочие взрывы,,,,,Взрыв,,,Взрыв,Взрыв,,Взрыв,,Карточка-112,Карточка-112,Карточка-112,Карточка-112,Карточка-112,,,,,,,Карточка-112,Карточка-112,,,,,,,карточка-112,,,,,,,Взрыв,,Взрыв,Взрыв,Карточка-112,,,,,,карточка -112,,,,,,,,,карточка-112,карточка-112,карточка-112,,,,,,карточка-112,,карточка-112,карточка-112,,,,Взрыв,карточка-112,карточка-112,,,карточка -112,,,,,Карточка-112,,,,,
3,2,1,0,3020100,Взрыв транспорт,Взрыв транспорт,Метро,,,Взрыв метро,Взрыв метро,MCHS,Прочие взрывы,,Прочие взрывы,,,,,Взрыв,,,Взрыв,Взрыв,,Взрыв,,Карточка-112,,,,,карточка-112,,,,Карточка-112,,,Карточка-112,,,,,,,,карточка-112,,,,Карточка-112,,Взрыв метро,,Взрыв,Взрыв,Карточка-112,,,,,,карточка -112,,,,,,,,,карточка-112,карточка-112,карточка-112,,,,,,карточка-112,,карточка-112,карточка-112,,,,,,карточка-112,,Карточка-112,,,,,,Карточка-112,,,,,
3,2,1,1,3020101,,Взрыв транспорт,Метро,Вагон/поезд,,Взрыв метро (поезд),Взрыв метро,MCHS,Прочие взрывы,,Прочие взрывы,,,,,Взрыв,,,Взрыв,Взрыв,,Взрыв,,Карточка-112,,,,,карточка-112,,,,Карточка-112,,,Карточка-112,,,,,,,,карточка-112,,,,Карточка-112,,Взрыв метро,,Взрыв,Взрыв,Карточка-112,,,,,,карточка -112,,,,,,,,,карточка-112,карточка-112,карточка-112,,,,,,карточка-112,,карточка-112,карточка-112,,,,,,карточка-112,,Карточка-112,,,,,,Карточка-112,,,,,
3,2,1,2,3020102,,Взрыв транспорт,Метро,Перегон /тоннель / вестибюль станции/ платформа/ переход/ эскалатор /депо,,"Взрыв метро (станция, тоннель)",Взрыв метро,MCHS,Прочие взрывы,,Прочие взрывы,,,,,Взрыв,,,Взрыв,Взрыв,,Взрыв,,Карточка-112,,,,,карточка-112,,,,Карточка-112,,,Карточка-112,,,,,,,,карточка-112,,,,Карточка-112,,Взрыв метро,,Взрыв,Взрыв,Карточка-112,,,,,,карточка -112,,,,,,,,,карточка-112,карточка-112,карточка-112,,,,,,карточка-112,,карточка-112,карточка-112,,,,,,карточка-112,,Карточка-112,,,,,,Карточка-112,,,,,
3,2,2,0,3020200,,Взрыв транспорт,МЦК,,,Взрыв МЦК,Взрыв жд транспорт,MCHS,Прочие взрывы,,Прочие взрывы,,,,,Взрыв,,,Взрыв,Взрыв,,Взрыв,,Карточка-112,Карточка-112,Карточка-112,Карточка-112,Карточка-112,карточка-112,,,,Карточка-112,,Карточка-112,Карточка-112,,карточка-112,,,,,,карточка-112,,,,,,Взрыв жд транспорт,,Взрыв,Взрыв,Карточка-112,,карточка-112,,,,карточка -112,,,,,,,,,карточка-112,карточка-112,карточка-112,,,,,,карточка-112,,карточка-112,карточка-112,,,,,,карточка-112,,Карточка-112,карточка -112,,,,,Карточка-112,,,,,
3,2,2,1,3020201,,Взрыв транспорт,МЦК,Вагон/поезд,,Взрыв МЦК (поезд),Взрыв жд транспорт,MCHS,Прочие взрывы,,Прочие взрывы,,,,,Взрыв,,,Взрыв,Взрыв,,Взрыв,,Карточка-112,Карточка-112,Карточка-112,Карточка-112,Карточка-112,карточка-112,,,,Карточка-112,,Карточка-112,Карточка-112,,карточка-112,,,,,,карточка-112,,,,,,Взрыв жд транспорт,,Взрыв,Взрыв,Карточка-112,,карточка-112,,,,карточка -112,,,,,,,,,карточка-112,карточка-112,карточка-112,,,,,,карточка-112,,карточка-112,карточка-112,,,,,,карточка-112,,Карточка-112,карточка -112,,,,,Карточка-112,,,,,
3,2,2,2,3020202,,Взрыв транспорт,МЦК,Перегон /тоннель / вестибюль станции/ платформа/ переход/ эскалатор /депо,,"Взрыв МЦК (станция, тоннель)",Взрыв жд транспорт,MCHS,Прочие взрывы,,Прочие взрывы,,,,,Взрыв,,,Взрыв,Взрыв,,Взрыв,,Карточка-112,Карточка-112,Карточка-112,Карточка-112,Карточка-112,карточка-112,,,,Карточка-112,,Карточка-112,Карточка-112,,карточка-112,,,,,,карточка-112,,,,,,Взрыв жд транспорт,,Взрыв,Взрыв,Карточка-112,,карточка-112,,,,карточка -112,,,,,,,,,карточка-112,карточка-112,карточка-112,,,,,,карточка-112,,карточка-112,карточка-112,,,,,,карточка-112,,Карточка-112,карточка -112,,,,,Карточка-112,,,,,
3,2,3,0,3020300,,Взрыв транспорт,"Транспорт автомашина (легковая, грузовая)",,Опасный груз,Взрыв автомашина,Взрыв транспортное средство,MCHS,Прочие взрывы,,Прочие взрывы,,,,,Взрыв,,,Взрыв,Взрыв,,,,,Карточка-112,Карточка-112,Карточка-112,Карточка-112,карточка-112,,,,,,Карточка-112,Карточка-112,,карточка-112,,,,,,,,,,,,Взрыв транспортное средство,,Взрыв,Взрыв,Карточка-112,,,,,,карточка -112,,,,,,,,,карточка-112,карточка-112,карточка-112,,,,,,карточка-112,,карточка-112,карточка-112,,,,,,карточка-112,,,карточка -112,,карточка-112,карточка-112,карточка-112,Карточка-112,,,,,
3,2,4,0,3020400,,Взрыв транспорт,"Спецтранспорт (МВД, Росграврия, МЧС, 103, 104, МГТС)",,Опасный груз,Взрыв спецтранспорт,Взрыв транспортное средство,MCHS,Прочие взрывы,,Прочие взрывы,,,,,Взрыв,,,Взрыв,Взрыв,,Взрыв,,,Карточка-112,Карточка-112,Карточка-112,Карточка-112,карточка-112,,,,,,Карточка-112,Карточка-112,,карточка-112,,,,,,,,,,,,Взрыв транспортное средство,,Взрыв,Взрыв,Карточка-112,,,,,,карточка -112,,,,,,,,,карточка-112,карточка-112,карточка-112,,,,,,карточка-112,,карточка-112,карточка-112,,,,,,карточка-112,,,карточка -112,,карточка-112,карточка-112,,Карточка-112,,,,,
3,2,5,0,3020500,,Взрыв транспорт,Транспорт общественный,,,Взрыв общественный транспорт,Взрыв транспортное средство,MCHS,Прочие взрывы,,Прочие взрывы,,,,,Взрыв,,,Взрыв,Взрыв,,,,,Карточка-112,Карточка-112,Карточка-112,Карточка-112,карточка-112,,,,Карточка-112,,,Карточка-112,,карточка-112,,,,,,,,,,,,Взрыв транспортное средство,,Взрыв,Взрыв,Карточка-112,,,,,,карточка -112,,,,,,,,,карточка-112,карточка-112,карточка-112,,,,,,карточка-112,,карточка-112,карточка-112,,,,,,карточка-112,,Карточка-112,,,,,,Карточка-112,,,,,
3,2,5,1,3020501,,Взрыв транспорт,Транспорт общественный,"Автобус, троллейбус, трамвай, маршрутка",,Взрыв общественный транспорт (ТС),Взрыв транспортное средство,MCHS,Прочие взрывы,,Прочие взрывы,,,,,Взрыв,,,Взрыв,Взрыв,,,,,Карточка-112,Карточка-112,Карточка-112,Карточка-112,карточка-112,,,,Карточка-112,,,Карточка-112,,карточка-112,,,,,,,,,,,,Взрыв транспортное средство,,Взрыв,Взрыв,Карточка-112,,,,,,карточка -112,,,,,,,,,карточка-112,карточка-112,карточка-112,,,,,,карточка-112,,карточка-112,карточка-112,,,,,,карточка-112,,Карточка-112,,,,,,Карточка-112,,,,,
3,2,5,2,3020502,,Взрыв транспорт,Транспорт общественный,Автовокзал,,Взрыв автовокзал,Взрыв административное здание,MCHS,Прочие взрывы,,Прочие взрывы,,,,,Взрыв,,,Взрыв,Взрыв,,взрыв,,,Карточка-112,Карточка-112,Карточка-112,Карточка-112,карточка-112,,,,,,Карточка-112,Карточка-112,,,,,,,,,Взрыв Административного здания,,,карточка-112,,Взрыв административное здание,,Взрыв,Взрыв,Карточка-112,,,,,,карточка -112,,,,,,,,,карточка-112,карточка-112,карточка-112,,,,,,карточка-112,,карточка-112,карточка-112,,,,,,,,Карточка-112,,,,,,Карточка-112,,,,,
3,2,5,3,3020503,,Взрыв транспорт,Транспорт общественный,Остановка / конечная станция,,"Взрыв на остановке, конечной станции",взрыв,MCHS,Прочие взрывы,,Прочие взрывы,,,,,Взрыв,,,Взрыв,Взрыв,,взрыв,,,Карточка-112,Карточка-112,Карточка-112,Карточка-112,карточка-112,,,,,,Карточка-112,Карточка-112,,,,,,,,,,,,,,взрыв,,Взрыв,Взрыв,Карточка-112,,,,,,карточка -112,,,,,,,,,карточка-112,карточка-112,карточка-112,,,,,,карточка-112,,карточка-112,карточка-112,,,,,,карточка-112,,Карточка-112,,,,,,Карточка-112,,,,,
3,2,6,0,3020600,,Взрыв транспорт,Мост эстакада подземный/ наземный переход тоннель,,,"Взрыв транспорт мост (эстакада, подземный/ наземный переход, тоннель)",Взрыв,MCHS,Прочие взрывы,,Прочие взрывы,,,,,Взрыв,,,Взрыв,Взрыв,,Взрыв,,,Карточка-112,Карточка-112,Карточка-112,Карточка-112,карточка-112,,,,,,Карточка-112,Карточка-112,карточка-112,карточка-112,карточка-112,карточка-112,,,,,,,,,,Взрыв,,Взрыв,Взрыв,Карточка-112,карточка-112,,,,,карточка -112,,,,,,,,,карточка-112,карточка-112,карточка-112,,,,,,карточка-112,,карточка-112,карточка-112,,,,,,карточка-112,,,карточка -112,,,,,Карточка-112,,,,,
3,2,7,0,3020700,,Взрыв транспорт,Улица,,,Взрыв транспорт на улице,Взрыв,MCHS,Прочие взрывы,,Прочие взрывы,,,,,Взрыв,,,Взрыв,Взрыв,,Взрыв,,,Карточка-112,Карточка-112,Карточка-112,Карточка-112,карточка-112,,,,,,Карточка-112,Карточка-112,,,,,,,,,,,,,,Взрыв,,Взрыв,Взрыв,Карточка-112,,,,,,карточка -112,,,,,,,,,карточка-112,карточка-112,карточка-112,,,,,,карточка-112,,карточка-112,карточка-112,,,,,,карточка-112,,,карточка -112,,,,,Карточка-112,,,,,
3,2,8,0,3020800,,Взрыв транспорт,Транспорт жд,,Опасный груз,Взрыв жд транспорт,Взрыв жд транспорт,MCHS,Прочие взрывы,,Прочие взрывы,,,,,Взрыв,,,Взрыв,Взрыв,,,,,Карточка-112,Карточка-112,Карточка-112,Карточка-112,карточка-112,,,,,,Карточка-112,Карточка-112,,,,карточка-112,,,,,,,,,,Взрыв жд транспорт,,Взрыв,Взрыв,Карточка-112,,,,,,карточка -112,,,,,,,,,карточка-112,карточка-112,карточка-112,,,,,,карточка-112,,карточка-112,карточка-112,,,,,,карточка-112,,,карточка -112,карточка-112,карточка-112,карточка-112,,Карточка-112,,,,,
3,2,8,1,3020801,,Взрыв транспорт,Транспорт жд,"Пассажирский, грузовой",Опасный груз,Взрыв жд транспорт (состав),Взрыв жд транспорт,MCHS,Прочие взрывы,,Прочие взрывы,,,,,Взрыв,,,Взрыв,Взрыв,,,,,Карточка-112,Карточка-112,Карточка-112,Карточка-112,карточка-112,,,,,,Карточка-112,Карточка-112,,,,карточка-112,,,,,,,,,,Взрыв жд транспорт,,Взрыв,Взрыв,Карточка-112,,,,,,карточка -112,,,,,,,,,карточка-112,карточка-112,карточка-112,,,,,,карточка-112,,карточка-112,карточка-112,,,,,,карточка-112,,,карточка -112,,карточка-112,карточка-112,,Карточка-112,,,,,
3,2,8,2,3020802,,Взрыв транспорт,Транспорт жд,Вокзал жд платформа жд станция ,Опасный груз,Взрыв вокзал платформа жд,Взрыв жд транспорт,MCHS,Прочие взрывы,,Прочие взрывы,,,,,Взрыв,,,Взрыв,Взрыв,,взрыв,,,Карточка-112,Карточка-112,Карточка-112,Карточка-112,карточка-112,,,,,,Карточка-112,Карточка-112,,,,карточка-112,,,,,,,,,,Взрыв жд транспорт,,Взрыв,Взрыв,Карточка-112,,,,,,карточка -112,,,,,,,,,карточка-112,карточка-112,карточка-112,,,,,,карточка-112,,карточка-112,карточка-112,,,,,,карточка-112,,,карточка -112,,карточка-112,карточка-112,,Карточка-112,,,,,
3,2,8,3,3020803,,Взрыв транспорт,Транспорт жд,жд пути депо,Опасный груз,"Взрыв жд транспорт (пути, депо)",Взрыв жд транспорт,MCHS,Прочие взрывы,,Прочие взрывы,,,,,Взрыв,,,Взрыв,Взрыв,,взрыв,,,Карточка-112,Карточка-112,Карточка-112,Карточка-112,карточка-112,,,,,,Карточка-112,Карточка-112,,,,карточка-112,,,,,,,,,,Взрыв жд транспорт,,Взрыв,Взрыв,Карточка-112,,,,,,карточка -112,,,,,,,,,карточка-112,карточка-112,карточка-112,,,,,,карточка-112,,карточка-112,карточка-112,,,,,,карточка-112,,,карточка -112,,карточка-112,карточка-112,,Карточка-112,,,,,
3,2,9,0,3020900,,Взрыв транспорт,Транспорт воздушный,,Опасный груз,Взрыв воздушный транспорт,Взрыв транспортное средство,MCHS,Прочие взрывы,,Прочие взрывы,,,,,Взрыв,,,Взрыв,Взрыв,,,,,Карточка-112,Карточка-112,Карточка-112,Карточка-112,карточка-112,,,,Карточка-112,,,Карточка-112,,,,,,,,,,,,,,Взрыв транспортное средство,,Взрыв,Взрыв,Карточка-112,,,,,,карточка -112,,,,,,,,,карточка-112,карточка-112,карточка-112,,,,,,карточка-112,,карточка-112,карточка-112,,,,,,карточка-112,,,,,карточка-112,карточка-112,,Карточка-112,,,,,
3,2,9,1,3020901,,Взрыв транспорт,Транспорт воздушный,"Самолет, вертолет",Опасный груз,Взрыв воздушный транспорт (ТС),Взрыв транспортное средство,MCHS,Прочие взрывы,,Прочие взрывы,,,,,Взрыв,,,Взрыв,Взрыв,,,,,Карточка-112,Карточка-112,Карточка-112,Карточка-112,карточка-112,,,,Карточка-112,,,Карточка-112,,,,,,,,,,,,,,Взрыв транспортное средство,,Взрыв,Взрыв,Карточка-112,,,,,,карточка -112,,,,,,,,,карточка-112,карточка-112,карточка-112,,,,,,карточка-112,,карточка-112,карточка-112,,Взрыв воздушный транспорт (ТС),,,,карточка-112,,,,,карточка-112,карточка-112,,Карточка-112,,,,,
3,2,9,2,3020902,,Взрыв транспорт,Транспорт воздушный,"Аэропорт, взлетная полоса",Опасный груз,Взрыв Аэропорт,Взрыв,MCHS,Прочие взрывы,,Прочие взрывы,,,,,Взрыв,,,Взрыв,Взрыв,,Взрыв,,,Карточка-112,Карточка-112,Карточка-112,Карточка-112,карточка-112,,Карточка-112,,,,Карточка-112,Карточка-112,,,,,,,,,Взрыв Административного здания,,,,,Взрыв,,Взрыв,Взрыв,Карточка-112,,,,,,карточка -112,,,,,,,,,карточка-112,карточка-112,карточка-112,,,,,,карточка-112,,карточка-112,карточка-112,,,,,,,,,карточка -112,,карточка-112,карточка-112,,Карточка-112,,,,,
3,2,10,0,3021000,,Взрыв транспорт,Транспорт водный,,Опасный груз,Взрыв водный транспорт,Взрыв транспортное средство,MCHS,Прочие взрывы,,Прочие взрывы,,,,,Взрыв,,,Взрыв,Взрыв,,,,,Карточка-112,Карточка-112,Карточка-112,Карточка-112,карточка-112,,,,Карточка-112,,,Карточка-112,,,,,,,,,,,,,,Взрыв транспортное средство,,Взрыв,Взрыв,Карточка-112,,,,,,карточка -112,,,,,,,,,карточка-112,карточка-112,карточка-112,,,,,,карточка-112,,карточка-112,карточка-112,,,,,,карточка-112,,Карточка-112,,,карточка-112,карточка-112,,Карточка-112,,,,,
3,2,10,1,3021001,,Взрыв транспорт,Транспорт водный,"Пассажирский, грузовой",Опасный груз,Взрыв водный транспорт (судно),Взрыв транспортное средство,MCHS,Прочие взрывы,,Прочие взрывы,,,,,Взрыв,,,Взрыв,Взрыв,,,,,Карточка-112,Карточка-112,Карточка-112,Карточка-112,карточка-112,,,,Карточка-112,,,Карточка-112,,,,,,,,,,,,,,Взрыв транспортное средство,,Взрыв,Взрыв,Карточка-112,,,,,,карточка -112,,,,,,,,,карточка-112,карточка-112,карточка-112,,,,,,карточка-112,,карточка-112,карточка-112,,,,,,карточка-112,,Карточка-112,,,карточка-112,карточка-112,,Карточка-112,,,,,
3,2,10,2,3021002,,Взрыв транспорт,Транспорт водный,"Порт, причал",Опасный груз,Взрыв порт /причал,Взрыв,MCHS,Прочие взрывы,,Прочие взрывы,,,,,Взрыв,,,Взрыв,Взрыв,,Взрыв,,,Карточка-112,Карточка-112,Карточка-112,Карточка-112,карточка-112,,,,,,Карточка-112,Карточка-112,карточка-112,,,,,,,,,,,,,Взрыв,,Взрыв,Взрыв,Карточка-112,,,,,,карточка -112,,,,,,,,,карточка-112,карточка-112,карточка-112,,,,,,карточка-112,,карточка-112,карточка-112,,,,,,карточка-112,,Карточка-112,карточка -112,,карточка-112,карточка-112,,Карточка-112,,,,,
3,2,11,0,3021100,,Взрыв транспорт,Транспорт прочее,,Опасный груз,Взрыв транспорт прочее,Взрыв транспортное средство,MCHS,Прочие взрывы,,Прочие взрывы,,,,,Взрыв,,,Взрыв,Взрыв,,,,,Карточка-112,Карточка-112,Карточка-112,Карточка-112,карточка-112,,,,,,Карточка-112,Карточка-112,,карточка-112,,,,,,,,,,,,Взрыв транспортное средство,,Взрыв,Взрыв,Карточка-112,,,,,,карточка -112,,,,,,,,,карточка-112,карточка-112,карточка-112,,,,,,карточка-112,,карточка-112,карточка-112,,,,,,карточка-112,,,карточка -112,,карточка-112,карточка-112,,Карточка-112,,,,,
3,3,0,0,3030000,,"Звуки похожие на взрыв, что взорвалось сообщить не может",,,,Звуки похожие на взрыв,Взрыв,MCHS,Прочие взрывы,,Прочие взрывы,,,,,Взрыв,,,,Травма,,,,,Карточка-112,Карточка-112,Карточка-112,Карточка-112,,,,,,,Карточка-112,Карточка-112,,,,,,,,,,,,,,Взрыв,,Взрыв,Взрыв,Карточка-112,,,,,,,,,,,,,,,карточка-112,,,,,,,,карточка-112,,карточка-112,карточка-112,,,,Звуки похожие на взрыв,карточка-112,карточка-112,,,,,,,карточка-112,Карточка-112,,,,,
,,,,4,Угрозы взрывов и террористических актов,,,,,,,,,,,,,,,,,,,,,,,,,,,,,,,,,,,,,,,,,,,,,,,,,,,,,,,,,,,,,,,,,,,,,,,,,,,,,,,,,,,,,,,,,,,,,,,,,,
4,1,0,0,4010000,Угрозы взрывов и террористических актов,АЗС,,,,Угроза взрыва на АЗС,Угроза взрыва в общественном месте,MCHS,Угроза взрыва,,Угроза взрыва,,,,,Угроза взрыва в общественном месте,,,,Травма,нет реагирования,Угроза взрыва (террористический акт),,карточка-112,карточка-112,карточка-112,карточка-112,карточка-112,карточка-112,,,,,,Карточка-112,Карточка-112,,,,,,,,,,,,,,Угроза взрыва в общественном месте,,Угроза взрыва или террористического акта,Угроза взрыва или террористического акта,карточка-112,,,,,,,,,,,,,,,карточка-112,карточка-112,карточка-112,,,,,,карточка-112,,карточка-112,карточка-112,,,,,,,,,карточка -112,,,,,Карточка-112,,,,,
4,2,0,0,4020000,,Аэропорт,,,, Угроза взрыва в аэропорту, Угроза взрыва в аэропорту,MCHS,Угроза взрыва,,Угроза взрыва,,,,,Угроза взрыва в аэропорту,,,,Травма,нет реагирования,,Угроза взрыва (террористический акт),карточка-112,карточка-112,карточка-112,карточка-112,карточка-112,карточка-112,,,,,,Карточка-112,Карточка-112,,,,,,,,,,,,,, Угроза взрыва в аэропорту,,Угроза взрыва или террористического акта,Угроза взрыва или террористического акта,карточка-112,,,,,,,,,,,,,,,карточка-112,карточка-112,карточка-112,,,,,,карточка-112,,карточка-112,карточка-112,,,,,,,,,карточка -112,,,,,Карточка-112,,,,,
4,3,0,0,4030000,,Вокзал жд платформа жд переезд жд,,,,"Угроза взрыва на вокзале, на ж/д платформе","Угроза взрыва на вокзале, на ж/д платформе",MCHS,Угроза взрыва,,Угроза взрыва,,,,,"Угроза взрыва на вокзале, на ж/д платформе",,,,Травма,нет реагирования,,Угроза взрыва (террористический акт),карточка-112,карточка-112,карточка-112,карточка-112,карточка-112,карточка-112,,,,,,Карточка-112,Карточка-112,,,,карточка-112,,,,,,,,,,Угроза взрыва на вокзале,,Угроза взрыва или террористического акта,Угроза взрыва или террористического акта,карточка-112,,карточка-112,,,,,,,,,,,,,карточка-112,карточка-112,карточка-112,,,,,,карточка-112,,карточка-112,карточка-112,,,,,,карточка-112,,,карточка -112,,,,,Карточка-112,,,,,
4,4,0,0,4040000,,Транспорт воздушный,,,, Угроза взрыва на воздушном транспорте, Угроза взрыва в аэропорту,MCHS,Угроза взрыва,,Угроза взрыва,,,,,Угроза взрыва в аэропорту,,,,Травма,нет реагирования,,Угроза взрыва (террористический акт),карточка-112,карточка-112,карточка-112,карточка-112,карточка-112,карточка-112,,,,,,Карточка-112,Карточка-112,,,,,,,,,,,,,, Угроза взрыва в аэропорту,,Угроза взрыва или террористического акта,Угроза взрыва или террористического акта,карточка-112,,,,,,,,,,,,,,,карточка-112,карточка-112,карточка-112,,,,,,карточка-112,,карточка-112,карточка-112,,,,,,,,,,,,,,Карточка-112,,,,,
4,5,0,0,4050000,,"Транспорт жд (вагон, поезд)",,,,Угроза взрыва ж/д  транспорте,Угроза взрыва в вагоне поезда,MCHS,Угроза взрыва,,Угроза взрыва,,,,,"Угроза взрыва на вокзале, на ж/д платформе",,,,Травма,нет реагирования,,Угроза взрыва (террористический акт),карточка-112,карточка-112,карточка-112,карточка-112,карточка-112,карточка-112,,,,,,Карточка-112,Карточка-112,,,,карточка-112,,,,,,,,,,Угроза взрыва в вагоне поезда,,Угроза взрыва или террористического акта,Угроза взрыва или террористического акта,карточка-112,,карточка-112,,,,,,,,,,,,,карточка-112,карточка-112,карточка-112,,,,,,карточка-112,,карточка-112,карточка-112,,,,,,карточка-112,,,,,,,,Карточка-112,,,,,
4,6,0,0,4060000,,Транспорт водный,,,,Угроза взрыва на водном транспорте,Угроза взрыва транспортное средство,MCHS,Угроза взрыва,,Угроза взрыва,,,,,Угроза взрыва в общественном месте,,,,Травма,нет реагирования,,,карточка-112,карточка-112,карточка-112,карточка-112,карточка-112,карточка-112,,,,,,Карточка-112,Карточка-112,,,,,,,,,,,,,,Угроза взрыва транспортное средство,,Угроза взрыва или террористического акта,Угроза взрыва или террористического акта,карточка-112,,,,,,,,,,,,,,,карточка-112,карточка-112,карточка-112,,,,,,карточка-112,,карточка-112,карточка-112,,,,,,карточка-112,,Карточка-112,карточка -112,,,,,Карточка-112,,,,,
4,7,0,0,4070000,,Транспорт общественный,,,,Угроза взрыва на общественном транспорте,Угроза взрыва транспортное средство,MCHS,Угроза взрыва,,Угроза взрыва,,,,,Угроза взрыва в общественном месте,,,,Травма,нет реагирования,,,карточка-112,карточка-112,карточка-112,карточка-112,карточка-112,карточка-112,,,,Карточка-112,,,Карточка-112,,карточка-112,,,,,,,,,,,,Угроза взрыва транспортное средство,,Угроза взрыва или террористического акта,Угроза взрыва или террористического акта,карточка-112,,,,,,,,,,,,,,,карточка-112,карточка-112,карточка-112,,,,,,карточка-112,,карточка-112,карточка-112,,,,,,карточка-112,,Карточка-112,,,,,,Карточка-112,,,,,
4,8,0,0,4080000,,Транспорт автомашина,,,,Угроза взрыва автомашина,Угроза взрыва транспортное средство,MCHS,Угроза взрыва,,Угроза взрыва,,,,,Угроза взрыва в общественном месте,,,,Травма,нет реагирования,,,карточка-112,карточка-112,карточка-112,карточка-112,карточка-112,карточка-112,,,,,,Карточка-112,Карточка-112,,карточка-112,,,,,,,,,,,,Угроза взрыва транспортное средство,,Угроза взрыва или террористического акта,Угроза взрыва или террористического акта,карточка-112,,,,,,,,,,,,,,,карточка-112,карточка-112,карточка-112,,,,,,карточка-112,,карточка-112,карточка-112,,,,,,карточка-112,,,карточка -112,,,,,Карточка-112,,,,,
4,9,0,0,4090000,,Транспорт прочее,,,,Угроза взрыва транспорт,Угроза взрыва транспортное средство,MCHS,Угроза взрыва,,Угроза взрыва,,,,,Угроза взрыва в общественном месте,,,,Травма,нет реагирования,,,карточка-112,карточка-112,карточка-112,карточка-112,карточка-112,карточка-112,,,,,,Карточка-112,Карточка-112,,карточка-112,,,,,,,,,,,,Угроза взрыва транспортное средство,,Угроза взрыва или террористического акта,Угроза взрыва или террористического акта,карточка-112,,,,,,,,,,,,,,,карточка-112,карточка-112,карточка-112,,,,,,карточка-112,,карточка-112,карточка-112,,,,,,карточка-112,,,карточка -112,,,,,Карточка-112,,,,,
4,10,0,0,4100000,,"Метро (вагон, поезд)",,,,"Угроза взрыва в метро (вагон, поезд)", Угроза взрыва в метро,MCHS,Угроза взрыва,,Угроза взрыва,,,,,Угроза взрыва в метро,,,,Травма,нет реагирования,Угроза взрыва (террористический акт),,карточка-112,карточка-112,карточка-112,карточка-112,карточка-112,карточка-112,,,,,,Карточка-112,Карточка-112,,,,,,,,карточка-112,,,,,,Угроза взрыва в метро,,Угроза взрыва или террористического акта,Угроза взрыва или террористического акта,карточка-112,,,,,,,,,,,,,,,карточка-112,карточка-112,карточка-112,,,,,,карточка-112,,карточка-112,карточка-112,,,,,,карточка-112,,,,,,,,Карточка-112,,,,,
4,11,0,0,4110000,,"Метро (станция, тоннель, переход)",,,,"Угроза взрыва в метро (станция, тоннель)", Угроза взрыва в метро,MCHS,Угроза взрыва,,Угроза взрыва,,,,,Угроза взрыва в метро,,,,Травма,нет реагирования,Угроза взрыва (террористический акт),,карточка-112,карточка-112,карточка-112,карточка-112,карточка-112,карточка-112,,,,,,Карточка-112,Карточка-112,,,,,,,,карточка-112,,,,,,Угроза взрыва в метро,,Угроза взрыва или террористического акта,Угроза взрыва или террористического акта,карточка-112,,,,,,,,,,,,,,,карточка-112,карточка-112,карточка-112,,карточка-112,,,,карточка-112,,карточка-112,карточка-112,,,,,,карточка-112,,,,,,,,Карточка-112,,,,,
4,12,0,0,4120000,,"МЦК (вагон, поезд)",,,,"Угроза взрыва МЦК (вагон, поезд)", Угроза взрыва в метро,MCHS,Угроза взрыва,,Угроза взрыва,,,,,"Угроза взрыва на вокзале, на ж/д платформе",,,,Травма,нет реагирования,Угроза взрыва (террористический акт),,карточка-112,карточка-112,карточка-112,карточка-112,карточка-112,карточка-112,,,,,,Карточка-112,Карточка-112,,,,,,,,карточка-112,,,,,,Угроза взрыва в метро,,Угроза взрыва или террористического акта,Угроза взрыва или террористического акта,карточка-112,,карточка-112,,,,,,,,,,,,,карточка-112,карточка-112,карточка-112,,карточка-112,,,,карточка-112,,карточка-112,карточка-112,,,,,,карточка-112,,,,,,,,Карточка-112,,,,,
4,13,0,0,4130000,,"МЦК (станция, перегон, тоннель, переход)",,,,"Угроза взрыва МЦК (станция, перегон)", Угроза взрыва в метро,MCHS,Угроза взрыва,,Угроза взрыва,,,,,"Угроза взрыва на вокзале, на ж/д платформе",,,,Травма,нет реагирования,Угроза взрыва (террористический акт),,карточка-112,карточка-112,карточка-112,карточка-112,карточка-112,карточка-112,,,,,,Карточка-112,Карточка-112,,,,,,,,карточка-112,,,,,,Угроза взрыва в метро,,Угроза взрыва или террористического акта,Угроза взрыва или террористического акта,карточка-112,,карточка-112,,,,,,,,,,,,,карточка-112,карточка-112,карточка-112,,карточка-112,,,,карточка-112,,карточка-112,карточка-112,,,,,,карточка-112,,,,,,,,Карточка-112,,,,,
4,14,0,0,4140000,,Дом частный,,,,Угроза взрыва в частном доме,Угроза взрыва в жилом секторе,MCHS,Угроза взрыва,,Угроза взрыва,,,,,Угроза взрыва в жилом секторе,,,,Травма,нет реагирования,,Угроза взрыва (террористический акт),карточка-112,карточка-112,карточка-112,карточка-112,карточка-112,карточка-112,,,,,,Карточка-112,Карточка-112,,,,,,,,,,,,,,Угроза взрыва в жилом секторе,,Угроза взрыва или террористического акта,Угроза взрыва или террористического акта,карточка-112,,,,,,,,,,,,,,,карточка-112,карточка-112,карточка-112,,,,,,карточка-112,,карточка-112,карточка-112,,,,,,,,,,,,,,Карточка-112,,,,,
4,15,0,0,4150000,,Дом многоквартирный,,,,Угроза взрыва в жилом доме,Угроза взрыва в жилом секторе,MCHS,Угроза взрыва,,Угроза взрыва,,,,,Угроза взрыва в жилом секторе,,,,Травма,нет реагирования,,Угроза взрыва (террористический акт),карточка-112,карточка-112,карточка-112,карточка-112,карточка-112,карточка-112,,,,,,Карточка-112,Карточка-112,,,,,,,,,,,,,,Угроза взрыва в жилом секторе,,Угроза взрыва или террористического акта,Угроза взрыва или террористического акта,карточка-112,,,,,,,,,,,,,,,карточка-112,карточка-112,карточка-112,,,,,карточка-112,карточка-112,,карточка-112,карточка-112,,,,Угроза взрыва в жилом доме,карточка-112,карточка-112,,,,,,,,Карточка-112,,,,,
4,16,0,0,4160000,,Общественное место ,,,,Угроза взрыва в общественном месте,Угроза взрыва в общественном месте,MCHS,Угроза взрыва,,Угроза взрыва,,,,,Угроза взрыва в общественном месте,,,,Травма,нет реагирования,,Угроза взрыва (террористический акт),карточка-112,карточка-112,карточка-112,карточка-112,карточка-112,карточка-112,,,,,,Карточка-112,Карточка-112,,карточка-112,карточка-112,,,,,,,,,,,Угроза взрыва в общественном месте,,Угроза взрыва или террористического акта,Угроза взрыва или террористического акта,карточка-112,,,,,,,,,,,,,,карточка-112,карточка-112,карточка-112,карточка-112,,,,,,карточка-112,,карточка-112,карточка-112,,,,,,карточка-112,,,,,,,,Карточка-112,,,,,
4,17,0,0,4170000,,Административное здание,,,,Угроза взрыва в административном здании,Угроза взрыва в общественном месте,MCHS,Угроза взрыва,,Угроза взрыва,,,,,Угроза взрыва в общественном месте,,,,Травма,нет реагирования,,Угроза взрыва (террористический акт),карточка-112,карточка-112,карточка-112,карточка-112,карточка-112,карточка-112,,,,,,Карточка-112,Карточка-112,,карточка-112,карточка-112,,,,,,,,,,,Угроза взрыва в общественном месте,,Угроза взрыва или террористического акта,Угроза взрыва или террористического акта,карточка-112,,,,,,,,,,,,,,,карточка-112,карточка-112,карточка-112,,,,,,карточка-112,,карточка-112,карточка-112,,,,,,карточка-112,,,,,,,,Карточка-112,,,,,
4,18,0,0,4180000,,Учебное заведение,,,,Угроза взрыва в учебном заведении,Угроза взрыва в учебном заведении,MCHS,Угроза взрыва,,Угроза взрыва,,,,,Угроза взрыва в учебном заведении,,,,Травма,нет реагирования,,Угроза взрыва (террористический акт),карточка-112,карточка-112,карточка-112,карточка-112,карточка-112,карточка-112,,,,,,Карточка-112,Карточка-112,,,,,,,,,,,,,,Угроза взрыва в учебном заведении,,Угроза взрыва или террористического акта,Угроза взрыва или террористического акта,карточка-112,,,карточка-112,,,,,,,,,,,,карточка-112,карточка-112,карточка-112,,,,,,карточка-112,,карточка-112,карточка-112,,,,,,карточка-112,,,,,,,,Карточка-112,,,,,
4,19,0,0,4190000,,Лечебное заведение,,,,Угроза взрыва в лечебном заведении,Угроза взрыва в общественном месте,MCHS,Угроза взрыва,,Угроза взрыва,,,,,Угроза взрыва в общественном месте,,,,Травма,нет реагирования,,Угроза взрыва (террористический акт),карточка-112,карточка-112,карточка-112,карточка-112,карточка-112,карточка-112,,,,,,Карточка-112,Карточка-112,,,,,,,,,,,,,,Угроза взрыва в общественном месте,,Угроза взрыва или террористического акта,Угроза взрыва или террористического акта,карточка-112,,,,,,,,,,,,,,,карточка-112,карточка-112,карточка-112,,,,,,карточка-112,,карточка-112,карточка-112,,,,,,карточка-112,,,,,,,,Карточка-112,,,,,
4,20,0,0,4200000,,Опасный объект производство,,,,Угроза взрыва на опасном объекте,Угроза взрыва в общественном месте,MCHS,Угроза взрыва,,Угроза взрыва,,,,,Угроза взрыва в общественном месте,,,,Травма,нет реагирования,,Угроза взрыва (террористический акт),карточка-112,карточка-112,карточка-112,карточка-112,карточка-112,карточка-112,,,,,,Карточка-112,Карточка-112,,,,,,,,,,,,,,Угроза взрыва в общественном месте,,Угроза взрыва или террористического акта,Угроза взрыва или террористического акта,карточка-112,,,,,,,,,,,,,,карточка-112,карточка-112,карточка-112,карточка-112,,,,,,карточка-112,,карточка-112,карточка-112,,,,,,,,,,,карточка-112,карточка-112,карточка-112,Карточка-112,,,,,
4,21,0,0,4210000,,"Порт, причал",,,,"Угроза взрыва порт, причал",Угроза взрыва в общественном месте,MCHS,Угроза взрыва,,Угроза взрыва,,,,,Угроза взрыва в общественном месте,,,,Травма,нет реагирования,,Угроза взрыва (террористический акт),карточка-112,карточка-112,карточка-112,карточка-112,карточка-112,карточка-112,,,,,,Карточка-112,Карточка-112,,карточка-112,карточка-112,,карточка-112,,,,,,,,,Угроза взрыва в общественном месте,,Угроза взрыва или террористического акта,Угроза взрыва или террористического акта,карточка-112,,,,,,,,,,,,,,,карточка-112,карточка-112,карточка-112,,,,,,карточка-112,,карточка-112,карточка-112,,,,,,карточка-112,,,карточка -112,,,,,Карточка-112,,,,,
4,22,0,0,4220000,,Газопровод газохранилище,,,,Угроза взрыва на газопроводе,Угроза взрыва в общественном месте,MCHS,Угроза взрыва,,Угроза взрыва,,,,,Угроза взрыва в общественном месте,,,,Травма,нет реагирования,Угроза взрыва (террористический акт),,карточка-112,карточка-112,карточка-112,карточка-112,карточка-112,карточка-112,,,,,,Карточка-112,Карточка-112,,карточка-112,карточка-112,,,,,,,,,,,Угроза взрыва в общественном месте,,Угроза взрыва или террористического акта,Угроза взрыва или террористического акта,карточка-112,,,,,,,,,,,,,,,карточка-112,карточка-112,карточка-112,,,,,,карточка-112,,карточка-112,карточка-112,,,,,,,,,,,,,карточка-112,Карточка-112,,,,,
4,23,0,0,4230000,,Нефтепровод нефтехранилище,,,,Угроза взрыва на нефтепроводе,Угроза взрыва в общественном месте,MCHS,Угроза взрыва,,Угроза взрыва,,,,,Угроза взрыва в общественном месте,,,,Травма,нет реагирования,Угроза взрыва (террористический акт),,карточка-112,карточка-112,карточка-112,карточка-112,карточка-112,карточка-112,,,,,,Карточка-112,Карточка-112,,карточка-112,карточка-112,,,,,,,,,,,Угроза взрыва в общественном месте,,Угроза взрыва или террористического акта,Угроза взрыва или террористического акта,карточка-112,,,,,,,,,,,,,,,карточка-112,карточка-112,карточка-112,,,,,,карточка-112,,карточка-112,карточка-112,,,,,,,,,,,,,,Карточка-112,,,,,
4,24,0,0,4240000,,Коммуникации подземные наземные / Колодцы люки шахты,,,,Угроза взрыва в коммуникациях,Угроза взрыва в общественном месте,MCHS,Угроза взрыва,,Угроза взрыва,,,,,Угроза взрыва в общественном месте,,,,Травма,нет реагирования,Угроза взрыва (террористический акт),,карточка-112,карточка-112,карточка-112,карточка-112,карточка-112,карточка-112,,,,,,Карточка-112,Карточка-112,,карточка-112,карточка-112,,,,,,,,,,,Угроза взрыва в общественном месте,,Угроза взрыва или террористического акта,Угроза взрыва или террористического акта,карточка-112,карточка-112,,,,,,,,,,,,,,карточка-112,карточка-112,карточка-112,,,,,,карточка-112,,карточка-112,карточка-112,,,,,,,,,,,,,,Карточка-112,,,,,
4,25,0,0,4250000,,Гидросооружения,,,,Угроза взрыва гидросооружение,Угроза взрыва в общественном месте,MCHS,Угроза взрыва,,Угроза взрыва,,,,,Угроза взрыва в общественном месте,,,,Травма,нет реагирования,Угроза взрыва (террористический акт),,карточка-112,карточка-112,карточка-112,карточка-112,карточка-112,карточка-112,,,,,,Карточка-112,Карточка-112,,карточка-112,карточка-112,,карточка-112,,,,,,,,,Угроза взрыва в общественном месте,,Угроза взрыва или террористического акта,Угроза взрыва или террористического акта,карточка-112,,,,,,,,,,,,,,,карточка-112,карточка-112,карточка-112,,,,,,карточка-112,,карточка-112,карточка-112,,,,,,,,,,,,,,Карточка-112,,,,,
4,26,0,0,4260000,,Мост эстакада подземный наземный переход тоннель,,,,Угроза взрыва мост эстакада подземный переход тоннель,Угроза взрыва в общественном месте,MCHS,Угроза взрыва,,Угроза взрыва,,,,,Угроза взрыва в общественном месте,,,,Травма,нет реагирования,Угроза взрыва (террористический акт),,карточка-112,карточка-112,карточка-112,карточка-112,карточка-112,карточка-112,,,,,,Карточка-112,Карточка-112,,карточка-112,карточка-112,,,,,,,,,,,Угроза взрыва в общественном месте,,Угроза взрыва или террористического акта,Угроза взрыва или террористического акта,карточка-112,карточка-112,,,,,,,,,,,,,,карточка-112,карточка-112,карточка-112,,,,,,карточка-112,,карточка-112,карточка-112,,,,,,карточка-112,,,,,,,,Карточка-112,,,,,
4,27,0,0,4270000,,Прочие объекты,,,,Угроза взрыва прочие объекты,Угроза взрыва ,MCHS,Угроза взрыва,,Угроза взрыва,,,,,Угроза взрыва в общественном месте,,,,Травма,нет реагирования,,Угроза взрыва (террористический акт),карточка-112,карточка-112,карточка-112,карточка-112,карточка-112,карточка-112,,,,,,Карточка-112,Карточка-112,,карточка-112,карточка-112,,,,,,,,,,,Угроза взрыва,,Угроза взрыва или террористического акта,Угроза взрыва или террористического акта,карточка-112,карточка-112,,карточка-112,,,,,,,,,,,карточка-112,карточка-112,карточка-112,карточка-112,,,,,,карточка-112,,карточка-112,карточка-112,,,,,,,,,,,,,карточка-112,Карточка-112,,,,,
4,28,0,0,4280000,,"Угроза в адрес власти, представителей власти",,,,Угроза в адрес власти,Угроза  террористического акта,MCHS,Угроза взрыва,,Угроза взрыва,,,,,Угроза  террористического акта,,,,Травма,нет реагирования,,Угроза взрыва (террористический акт),карточка-112,карточка-112,карточка-112,карточка-112,карточка-112,карточка-112,,,,,,Карточка-112,Карточка-112,,карточка-112,карточка-112,Карточка-112,Карточка-112,,Карточка-112,,,,,,,Угроза террористического акта,,Угроза взрыва или террористического акта,Угроза взрыва или террористического акта,карточка-112,,,,,карточка-112,,,,,,,,,,карточка-112,карточка-112,карточка-112,,,,,,карточка-112,,карточка-112,карточка-112,,,,,,карточка-112,,,,,,,,Карточка-112,,,,,
4,29,0,0,4290000,,Угроза террористического акта (cообщение без адреса или вида объекта),,,,Угроза террористического акта без указания адреса или вида объекта,Угроза террористического акта,MCHS,Угроза взрыва,,Угроза взрыва,,,,,Угроза  террористического акта,,,,Травма,нет реагирования,,Угроза взрыва (террористический акт),карточка-112,карточка-112,карточка-112,карточка-112,карточка-112,карточка-112,,,,,,Карточка-112,Карточка-112,,карточка-112,карточка-112,Карточка-112,Карточка-112,,Карточка-112,,,,,,,Угроза террористического акта,,Угроза взрыва или террористического акта,Угроза взрыва или террористического акта,карточка-112,,,,,карточка-112,,,,,,,,,карточка-112,карточка-112,карточка-112,карточка-112,,,,,,карточка-112,,карточка-112,карточка-112,,,,,,карточка-112,,,,,,,карточка-112,Карточка-112,,,,,
,,,,5,Обрушения,,,,,,,,,,,,,,,,,,,,,,,,,,,,,,,,,,,,,,,,,,,,,,,,,,,,,,,,,,,,,,,,,,,,,,,,,,,,,,,,,,,,,,,,,,,,,,,,,,
5,1,1,0,5010100,,Аэропорт,Объект-полностью,,,Обрушение Аэропорт,Обрушение производственных зданий и сооружений,MCHS,Обрушение производственных зданий и сооружений,,Обрушение производственных зданий и сооружений,,,Обрушение производственных зданий и сооружений,,Аварии в городском хозяйстве,,,Придавило (обрушение),Придавило (обрушение),,,Обрушение (угроза обрушения) здания (фасада здания),Карточка-112,Карточка-112,Карточка-112,Карточка-112,Карточка-112,карточка-112,,,,,,Карточка-112,карточка-112,,,,,,,Карточка-112,,Взрыв,,,Карточка-112,,Обрушение производственных зданий и сооружений,,Обрушение,Обрушение,карточка-112,карточка-112,,,,,карточка -112,,,,,,,,,карточка-112,карточка-112,карточка-112,,карточка-112,,,,карточка-112,,карточка-112,карточка-112,,,,,,,,,карточка -112,,,,,,,,,,
5,1,2,0,5010200,,Аэропорт,Элементы конструкции здания Кровля крыша фасад балкон,,,Обрушение Аэропорт элементы,Обрушение наземных элементов зданий,MCHS,Обрушение наземных элементов зданий,,,Обрушение наземных элементов зданий,,Обрушение наземных элементов зданий,,Аварии в городском хозяйстве,,,,Придавило (обрушение),,,Обрушение (угроза обрушения) здания (фасада здания),,Карточка-112,Карточка-112,Карточка-112,Карточка-112,,,,,,,Карточка-112,карточка-112,,,,,,,,,Взрыв,,,Карточка-112,,Обрушение наземных элементов зданий,,Обрушение,Обрушение,карточка-112,,,,,,карточка -112,,,,,,,,,карточка-112,карточка-112,карточка-112,,карточка-112,,,,карточка-112,,карточка-112,карточка-112,,,,,,,,,карточка -112,,,,,,,,,,
5,2,1,0,5020100,,Вокзал жд платформа жд,Объект-полностью,,,Обрушение жд вокзал платформа,Обрушение производственных зданий и сооружений,MCHS,Обрушение производственных зданий и сооружений,,Обрушение производственных зданий и сооружений,,,Обрушение производственных зданий и сооружений,,Аварии в городском хозяйстве,,,Придавило (обрушение),Придавило (обрушение),,,Обрушение (угроза обрушения) здания (фасада здания),Карточка-112,Карточка-112,Карточка-112,Карточка-112,Карточка-112,карточка-112,,,,,,Карточка-112,карточка-112,,,,,,,Карточка-112,,Взрыв,,,Карточка-112,,Обрушение производственных зданий и сооружений,,Обрушение,Обрушение,карточка-112,,карточка-112,,,,карточка -112,,,,,,,,,карточка-112,карточка-112,карточка-112,,карточка-112,,,,карточка-112,,карточка-112,карточка-112,,,,,,карточка-112,,,карточка -112,,,,,,,,,,
5,2,2,0,5020200,,Вокзал жд платформа жд,Элементы конструкции здания Кровля крыша фасад балкон,,,Обрушение жд вокзал платформа элементы,Обрушение наземных элементов зданий,MCHS,Обрушение наземных элементов зданий,,,Обрушение наземных элементов зданий,,Обрушение наземных элементов зданий,,Аварии в городском хозяйстве,,,,Придавило (обрушение),,,Обрушение (угроза обрушения) здания (фасада здания),,Карточка-112,Карточка-112,Карточка-112,Карточка-112,,,,,,,Карточка-112,карточка-112,,,,,,,,,Взрыв,,,Карточка-112,,Обрушение наземных элементов зданий,,Обрушение,Обрушение,карточка-112,,карточка-112,,,,карточка -112,,,,,,,,,карточка-112,карточка-112,карточка-112,,карточка-112,,,,карточка-112,,карточка-112,карточка-112,,,,,,карточка-112,,,карточка -112,,,,,,,,,,
5,3,1,0,5030100,,"Метро (станция, тоннель, переход, эскалатор)",Объект-полностью,,,Обрушение метро,Обрушение производственных зданий и сооружений,MCHS,Обрушение производственных зданий и сооружений,,Обрушение производственных зданий и сооружений,,,Обрушение производственных зданий и сооружений,,Аварии в городском хозяйстве,,,Придавило (обрушение),Придавило (обрушение),,,Обрушение (угроза обрушения) здания (фасада здания),Карточка-112,Карточка-112,Карточка-112,Карточка-112,Карточка-112,карточка-112,,,,карточка-112,,Карточка-112,карточка-112,,,,,,,Карточка-112,карточка-112,Взрыв,,,Карточка-112,,Обрушение производственных зданий и сооружений,,Обрушение,Обрушение,карточка-112,,,,,,карточка -112,,,,,,,,,карточка-112,карточка-112,карточка-112,,карточка-112,,,,карточка-112,,карточка-112,карточка-112,,,,Обрушение метро,карточка-112,карточка-112,,карточка-112,карточка -112,,,,,Карточка-112,,,,,
5,3,2,0,5030200,,Метро,Элементы конструкции здания Кровля крыша фасад балкон,,,Обрушение метро элементы,Обрушение наземных элементов зданий,MCHS,Обрушение наземных элементов зданий,,,Обрушение наземных элементов зданий,,Обрушение наземных элементов зданий,,Аварии в городском хозяйстве,,,,Придавило (обрушение),,,Обрушение (угроза обрушения) здания (фасада здания),,Карточка-112,Карточка-112,Карточка-112,Карточка-112,,,,,карточка-112,,Карточка-112,карточка-112,,,,,,,,карточка-112,Взрыв,,,Карточка-112,,Обрушение наземных элементов зданий,,Обрушение,Обрушение,карточка-112,,,,,,карточка -112,,,,,,,,,карточка-112,карточка-112,карточка-112,,карточка-112,,,,карточка-112,,карточка-112,карточка-112,,,,Обрушение метро элементы,карточка-112,карточка-112,,карточка-112,карточка -112,,,,,Карточка-112,,,,,
5,4,1,0,5040100,,"МЦК (станция, тоннель, переход, эскалатор)",Объект-полностью,,,Обрушение МЦК,Обрушение производственных зданий и сооружений,MCHS,Обрушение производственных зданий и сооружений,,Обрушение производственных зданий и сооружений,,,Обрушение производственных зданий и сооружений,,Аварии в городском хозяйстве,,,Придавило (обрушение),Придавило (обрушение),,,Обрушение (угроза обрушения) здания (фасада здания),Карточка-112,Карточка-112,Карточка-112,Карточка-112,Карточка-112,карточка-112,,,,карточка-112,,Карточка-112,карточка-112,,,,,,,Карточка-112,карточка-112,Взрыв,,,Карточка-112,,Обрушение производственных зданий и сооружений,,Обрушение,Обрушение,карточка-112,,карточка-112,,,,карточка -112,,,,,,,,,карточка-112,карточка-112,карточка-112,,карточка-112,,,,карточка-112,,карточка-112,карточка-112,,,,,,карточка-112,,,карточка -112,,,,,,,,,,
5,4,2,0,5040200,,МЦК,Элементы конструкции здания Кровля крыша фасад балкон,,,Обрушение МЦК элементы,Обрушение наземных элементов зданий,MCHS,Обрушение наземных элементов зданий,,,Обрушение наземных элементов зданий,,Обрушение наземных элементов зданий,,Аварии в городском хозяйстве,,,,Придавило (обрушение),,,Обрушение (угроза обрушения) здания (фасада здания),,Карточка-112,Карточка-112,Карточка-112,Карточка-112,,,,,карточка-112,,Карточка-112,карточка-112,,,,,,,,карточка-112,Взрыв,,,Карточка-112,,Обрушение наземных элементов зданий,,Обрушение,Обрушение,карточка-112,,карточка-112,,,,карточка -112,,,,,,,,,карточка-112,карточка-112,карточка-112,,карточка-112,,,,карточка-112,,карточка-112,карточка-112,,,,,,карточка-112,,,карточка -112,,,,,,,,,,
5,5,1,0,5050100,,Дом частный,Объект-полностью,,,Обрушение частный дом,Обрушение жилых зданий,MCHS,Обрушение жилых зданий,,Обрушение жилых зданий,,,Обрушение жилых зданий,,Аварии в городском хозяйстве,,,Придавило (обрушение),Придавило (обрушение),,,Обрушение (угроза обрушения) здания (фасада здания),Карточка-112,,,,,,карточка-112,,,,,Карточка-112,карточка-112,,,,,,,,,Взрыв жилого здания,,,,,Обрушение жилых зданий,,Обрушение,Обрушение,карточка-112,,,,,,карточка -112,,,,,,,,,карточка-112,карточка-112,карточка-112,,,,,,карточка-112,,карточка-112,карточка-112,,,,,,,,,карточка -112,,,,,Карточка-112,,,,,
5,5,2,0,5050200,,Дом частный,Элементы конструкции здания Кровля крыша фасад балкон,,,Обрушение частный дом элементы,Обрушение наземных элементов зданий,MCHS,Обрушение наземных элементов зданий,,,Обрушение наземных элементов зданий,,Обрушение наземных элементов зданий,,Аварии в городском хозяйстве,,,,Придавило (обрушение),,,Обрушение (угроза обрушения) здания (фасада здания),,Карточка-112,Карточка-112,Карточка-112,Карточка-112,,,,,,,Карточка-112,карточка-112,,,,,,,,,Взрыв,,,,,Обрушение наземных элементов зданий,,Обрушение,Обрушение,карточка-112,,,,,,карточка -112,,,,,,,,,карточка-112,карточка-112,карточка-112,,,,,,карточка-112,,карточка-112,карточка-112,,,,,,,,,карточка -112,,,,,Карточка-112,,,,,
5,6,1,0,5060100,,Дом многоквартирный,Объект-полностью,,,Обрушение многоквартирный дом,Обрушение жилых зданий,MCHS,Обрушение жилых зданий,,Обрушение жилых зданий,,,Обрушение жилых зданий,,Аварии в городском хозяйстве,,,Придавило (обрушение),Придавило (обрушение),,Обрушение (угроза обрушения) здания (фасада здания),Обрушение (угроза обрушения) здания (фасада здания),Карточка-112,,,,,карточка-112,,,,,,Карточка-112,карточка-112,,,,,,,,,Взрыв жилого здания,,,Карточка-112,,Обрушение жилых зданий,,Обрушение,Обрушение,карточка-112,,,,,,карточка -112,,,,,,,,,карточка-112,карточка-112,карточка-112,,карточка-112,,,карточка-112,карточка-112,,карточка-112,карточка-112,,,,Обрушение многоквартирный дом,карточка-112,карточка-112,,,карточка -112,,,,,Карточка-112,,,,,
5,6,2,0,5060200,,Дом многоквартирный,Элементы конструкции здания Кровля крыша фасад балкон,,,Обрушение многоквартирный дом элементы,Обрушение наземных элементов зданий,MCHS,Обрушение наземных элементов зданий,,,Обрушение наземных элементов зданий,,Обрушение наземных элементов зданий,,Аварии в городском хозяйстве,,,,Придавило (обрушение),,,Обрушение (угроза обрушения) здания (фасада здания),,Карточка-112,Карточка-112,Карточка-112,Карточка-112,,,,,,,Карточка-112,карточка-112,,,,,,,,,Взрыв,,,Карточка-112,,Обрушение наземных элементов зданий,,Обрушение,Обрушение,карточка-112,,,,,,карточка -112,,,,,,,,,карточка-112,карточка-112,карточка-112,,карточка-112,,,карточка-112,карточка-112,,карточка-112,карточка-112,,,,Обрушение многоквартирный дом элементы,карточка-112,карточка-112,,,карточка -112,,,,,Карточка-112,,,,,
5,7,1,0,5070100,,Общественное место административное здание,Объект-полностью,,,"Обрушение общественное, административное здание",Обрушение жилых зданий,MCHS,Обрушение жилых зданий,,Обрушение жилых зданий,,,Обрушение жилых зданий,,Аварии в городском хозяйстве,,,Придавило (обрушение),Придавило (обрушение),,,Обрушение (угроза обрушения) здания (фасада здания),Карточка-112,,,,,карточка-112,,,,,,Карточка-112,карточка-112,,,,,,,,,Взрыв жилого здания,,,Карточка-112,,Обрушение жилых зданий,,Обрушение,Обрушение,карточка-112,,,,,,карточка -112,,,,,,,,,карточка-112,карточка-112,карточка-112,,карточка-112,,,,карточка-112,,карточка-112,карточка-112,,,,,,карточка-112,,,карточка -112,,,,,Карточка-112,,,,,
5,7,2,0,5070200,,Общественное место административное здание,Элементы конструкции здания Кровля крыша фасад балкон,,,"Обрушение общественное, административное здание элементы",Обрушение наземных элементов зданий,MCHS,Обрушение наземных элементов зданий,,,Обрушение наземных элементов зданий,,Обрушение наземных элементов зданий,,Аварии в городском хозяйстве,,,,Придавило (обрушение),,,Обрушение (угроза обрушения) здания (фасада здания),,Карточка-112,Карточка-112,Карточка-112,Карточка-112,,,,,,,Карточка-112,карточка-112,,,,,,,,,Взрыв,,,Карточка-112,,Обрушение наземных элементов зданий,,Обрушение,Обрушение,карточка-112,,,,,,карточка -112,,,,,,,,,карточка-112,карточка-112,карточка-112,,карточка-112,,,,карточка-112,,карточка-112,карточка-112,,,,,,карточка-112,,,карточка -112,,,,,Карточка-112,,,,,
5,8,1,0,5080100,,Учебное заведение,Объект-полностью,,,Обрушение учебное заведение,Обрушение жилых зданий,MCHS,Обрушение жилых зданий,,Обрушение жилых зданий,,,Обрушение жилых зданий,,Аварии в городском хозяйстве,,,Придавило (обрушение),Придавило (обрушение),,,Обрушение (угроза обрушения) здания (фасада здания),Карточка-112,,,,,карточка-112,,,,,,Карточка-112,карточка-112,,,,,,,,,Взрыв жилого здания,,,Карточка-112,,Обрушение жилых зданий,,Обрушение,Обрушение,карточка-112,,,,,,карточка -112,,,,,,,,,карточка-112,карточка-112,карточка-112,,карточка-112,,,,карточка-112,,карточка-112,карточка-112,,,,Обрушение учебное заведение,карточка-112,карточка-112,,,карточка -112,,,,,Карточка-112,,,,,
5,8,2,0,5080200,,Учебное заведение,Элементы конструкции здания Кровля крыша фасад балкон,,,Обрушение учебное заведение элементы,Обрушение наземных элементов зданий,MCHS,Обрушение наземных элементов зданий,,,Обрушение наземных элементов зданий,,Обрушение наземных элементов зданий,,Аварии в городском хозяйстве,,,,Придавило (обрушение),,,Обрушение (угроза обрушения) здания (фасада здания),,Карточка-112,Карточка-112,Карточка-112,Карточка-112,,,,,,,Карточка-112,карточка-112,,,,,,,,,Взрыв,,,Карточка-112,,Обрушение наземных элементов зданий,,Обрушение,Обрушение,карточка-112,,,,,,карточка -112,,,,,,,,,карточка-112,карточка-112,карточка-112,,карточка-112,,,,карточка-112,,карточка-112,карточка-112,,,,Обрушение учебное заведение элементы,карточка-112,карточка-112,,,карточка -112,,,,,Карточка-112,,,,,
5,9,1,0,5090100,,Лечебное заведение,Объект-полностью,,,Обрушение лечебное заведение ,Обрушение жилых зданий,MCHS,Обрушение жилых зданий,,Обрушение жилых зданий,,,Обрушение жилых зданий,,Аварии в городском хозяйстве,,,Придавило (обрушение),Придавило (обрушение),,,Обрушение (угроза обрушения) здания (фасада здания),Карточка-112,,,,,карточка-112,,,,,,Карточка-112,карточка-112,,,,,,,,,Взрыв жилого здания,,,Карточка-112,,Обрушение жилых зданий,,Обрушение,Обрушение,карточка-112,,,,,,карточка -112,,,,,,,,,карточка-112,карточка-112,карточка-112,,карточка-112,,,,карточка-112,,карточка-112,карточка-112,,,,Обрушение лечебное заведение ,карточка-112,карточка-112,,,карточка -112,,,,,Карточка-112,,,,,
5,9,2,0,5090200,,Лечебное заведение,Элементы конструкции здания Кровля крыша фасад балкон,,,Обрушение лечебное заведение элементы,Обрушение наземных элементов зданий,MCHS,Обрушение наземных элементов зданий,,,Обрушение наземных элементов зданий,,Обрушение наземных элементов зданий,,Аварии в городском хозяйстве,,,,Придавило (обрушение),,,Обрушение (угроза обрушения) здания (фасада здания),,Карточка-112,Карточка-112,Карточка-112,Карточка-112,,,,,,,Карточка-112,карточка-112,,,,,,,,,Взрыв,,,Карточка-112,,Обрушение наземных элементов зданий,,Обрушение,Обрушение,карточка-112,,,,,,карточка -112,,,,,,,,,карточка-112,карточка-112,карточка-112,,карточка-112,,,,карточка-112,,карточка-112,карточка-112,,,,Обрушение лечебное заведение элементы,карточка-112,карточка-112,,,карточка -112,,,,,Карточка-112,,,,,
5,10,1,0,5100100,,Опасный объект производство,Объект-полностью,,,"Обрушение опсный объект, производство ",Обрушение производственных зданий и сооружений,MCHS,Обрушение производственных зданий и сооружений,,Обрушение производственных зданий и сооружений,,,Обрушение производственных зданий и сооружений,,Аварии в городском хозяйстве,,,,Придавило (обрушение),,,Обрушение (угроза обрушения) здания (фасада здания),Карточка-112,Карточка-112,Карточка-112,Карточка-112,Карточка-112,карточка-112,,,,,,Карточка-112,карточка-112,,,,,,,Карточка-112,,Взрыв,,,Карточка-112,,Обрушение производственных зданий и сооружений,,Обрушение,Обрушение,карточка-112,,,,,,карточка -112,,,,,,,,,карточка-112,карточка-112,карточка-112,,карточка-112,,,,карточка-112,,карточка-112,карточка-112,,,,,,,,,карточка -112,карточка-112,карточка-112,карточка-112,карточка-112,Карточка-112,,,,,
5,10,2,0,5100200,,Опасный объект производство,Элементы конструкции здания Кровля крыша фасад балкон,,,"Обрушение опасный объект, производство элементы",Обрушение наземных элементов зданий,MCHS,Обрушение наземных элементов зданий,,,Обрушение наземных элементов зданий,,Обрушение наземных элементов зданий,,Аварии в городском хозяйстве,,,,Придавило (обрушение),,Обрушение (угроза обрушения) здания (фасада здания),Обрушение (угроза обрушения) здания (фасада здания),,Карточка-112,Карточка-112,Карточка-112,Карточка-112,,,,,,,Карточка-112,карточка-112,,,,,,,,,Взрыв,,,Карточка-112,,Обрушение наземных элементов зданий,,Обрушение,Обрушение,карточка-112,,,,,,карточка -112,,,,,,,,карточка-112,карточка-112,карточка-112,карточка-112,,карточка-112,,,,карточка-112,,карточка-112,карточка-112,,,,,,,,,карточка -112,карточка-112,карточка-112,карточка-112,карточка-112,Карточка-112,,,,,
5,11,1,0,5110100,,Газопровод газохранилище,Объект-полностью,,,Обрушение газопровод,Обрушение производственных зданий и сооружений,MCHS,Обрушение производственных зданий и сооружений,,Обрушение производственных зданий и сооружений,,,Обрушение производственных зданий и сооружений,,Аварии в городском хозяйстве,,,,Придавило (обрушение),,Обрушение (угроза обрушения) здания (фасада здания),,Карточка-112,Карточка-112,Карточка-112,Карточка-112,Карточка-112,карточка-112,,,,,,Карточка-112,карточка-112,,,,,,,Карточка-112,,Взрыв,,,,,Обрушение производственных зданий и сооружений,,Обрушение,Обрушение,карточка-112,карточка-112,,,,,карточка -112,,,,,,,,,карточка-112,карточка-112,карточка-112,,,,,,карточка-112,,карточка-112,карточка-112,,,,,,,,,карточка -112,карточка-112,,,карточка-112,,,,,,
5,11,2,0,5110200,,Газопровод газохранилище,Элементы конструкции здания ,,,Обрушение газопровод элементы,Обрушение производственных зданий и сооружений,MCHS,Обрушение производственных зданий и сооружений,,Обрушение производственных зданий и сооружений,,,Обрушение производственных зданий и сооружений,,Аварии в городском хозяйстве,,,,Придавило (обрушение),,Обрушение (угроза обрушения) здания (фасада здания),,Карточка-112,Карточка-112,Карточка-112,Карточка-112,Карточка-112,карточка-112,,,,,,Карточка-112,карточка-112,,,,,,,Карточка-112,,Взрыв,,,,,Обрушение производственных зданий и сооружений,,Обрушение,Обрушение,карточка-112,,,,,,карточка -112,,,,,,,,,карточка-112,карточка-112,карточка-112,,,,,,карточка-112,,карточка-112,карточка-112,,,,,,,,,карточка -112,карточка-112,,,карточка-112,,,,,,
5,12,1,0,5120100,,Нефтепровод нефтехранилище,Объект-полностью,,,Обрушение нефтепровод ,Обрушение производственных зданий и сооружений,MCHS,Обрушение производственных зданий и сооружений,,Обрушение производственных зданий и сооружений,,,Обрушение производственных зданий и сооружений,,Аварии в городском хозяйстве,,,,Придавило (обрушение),,,Обрушение (угроза обрушения) здания (фасада здания),Карточка-112,Карточка-112,Карточка-112,Карточка-112,Карточка-112,карточка-112,,,,,,Карточка-112,карточка-112,,,,,,,Карточка-112,,Взрыв,,,,,Обрушение производственных зданий и сооружений,,Обрушение,Обрушение,карточка-112,,,,,,карточка -112,,,,,,,,,карточка-112,карточка-112,карточка-112,,,,,,карточка-112,,карточка-112,карточка-112,,,,,,,,,карточка -112,карточка-112,,,,,,,,,
5,12,2,0,5120200,,Нефтепровод нефтехранилище,Элементы конструкции здания ,,,Обрушение нефтепровод элементы,Обрушение производственных зданий и сооружений,MCHS,Обрушение производственных зданий и сооружений,,Обрушение производственных зданий и сооружений,,,Обрушение производственных зданий и сооружений,,Аварии в городском хозяйстве,,,,Придавило (обрушение),,,Обрушение (угроза обрушения) здания (фасада здания),Карточка-112,Карточка-112,Карточка-112,Карточка-112,Карточка-112,карточка-112,,,,,,Карточка-112,карточка-112,,,,,,,Карточка-112,,Взрыв,,,,,Обрушение производственных зданий и сооружений,,Обрушение,Обрушение,карточка-112,,,,,,карточка -112,,,,,,,,,карточка-112,карточка-112,карточка-112,,,,,,карточка-112,,карточка-112,карточка-112,,,,,,,,,карточка -112,карточка-112,,,,,,,,,
5,13,0,0,5130000,,"Коммуникации подземные (колодцы, шахты, люки)",,,,Обрушение коммуникации подземные ,Обрушение конструкций,MCHS,Обрушение конструкций,,Обрушение конструкций,,,Обрушение конструкций,,Аварии в городском хозяйстве,,,,Придавило (обрушение),,,Обрушение (угроза обрушения) здания (фасада здания),,Карточка-112,Карточка-112,Карточка-112,Карточка-112,,,,,,,Карточка-112,карточка-112,,карточка-112,карточка-112,карточка-112,,,Карточка-112,,Взрыв,Карточка-112,,,,Обрушение конструкций,,Обрушение,Обрушение,карточка-112,,,,,,карточка -112,карточка-112,,,,,,,,карточка-112,карточка-112,карточка-112,,,,,,карточка-112,,карточка-112,карточка-112,,,,,,,,,карточка -112,,,,карточка-112,,,,,,
5,14,0,0,5140000,,"Коммуникации наземные (элементы, конструкции) ",,,,Обрушение коммуникации наземные ,Обрушение конструкций,MCHS,Обрушение конструкций,,Обрушение конструкций,,,Обрушение конструкций,,Аварии в городском хозяйстве,,,,Придавило (обрушение),,Обрушение (угроза обрушения) здания (фасада здания),Обрушение (угроза обрушения) здания (фасада здания),Карточка-112,Карточка-112,Карточка-112,Карточка-112,Карточка-112,,,,,,,Карточка-112,карточка-112,Карточка-112,карточка-112,карточка-112,карточка-112,,,Карточка-112,,Взрыв,Карточка-112,,Карточка-112,,Обрушение конструкций,,Обрушение,Обрушение,карточка-112,,,,,,карточка -112,,,,,,,,,карточка-112,карточка-112,карточка-112,,,,,,карточка-112,,карточка-112,карточка-112,,,,,,,,,карточка -112,,,,карточка-112,,,,,,
5,15,1,0,5150100,,Гидросооружения,Объект-полностью,,,Обрушение гидросооружение,Обрушение производственных зданий и сооружений,MCHS,Обрушение производственных зданий и сооружений,,Обрушение производственных зданий и сооружений,,,Обрушение производственных зданий и сооружений,Обрушение производственных зданий и сооружений,Аварии в городском хозяйстве,,,,Придавило (обрушение),,,Обрушение (угроза обрушения) здания (фасада здания),Карточка-112,Карточка-112,Карточка-112,Карточка-112,Карточка-112,карточка-112,,,,,,Карточка-112,карточка-112,,,,,Карточка-112,,Карточка-112,,Взрыв,,,,,Обрушение производственных зданий и сооружений,,Обрушение,Обрушение,карточка-112,,,,,,карточка -112,,,,,,,,,карточка-112,карточка-112,карточка-112,,,,,,карточка-112,,карточка-112,карточка-112,,,,,,,,,карточка -112,,,,,Карточка-112,,,,,
5,15,2,0,5150200,,Гидросооружения,Элементы конструкции здания Кровля крыша фасад балкон,,,Обрушение гидросооружение (элементы),Обрушение производственных зданий и сооружений,MCHS,Обрушение производственных зданий и сооружений,,Обрушение производственных зданий и сооружений,,,Обрушение производственных зданий и сооружений,Обрушение производственных зданий и сооружений,Аварии в городском хозяйстве,,,,Придавило (обрушение),,,Обрушение (угроза обрушения) здания (фасада здания),Карточка-112,Карточка-112,Карточка-112,Карточка-112,Карточка-112,карточка-112,,,,,,Карточка-112,карточка-112,,,,,Карточка-112,,Карточка-112,,Взрыв,,,Карточка-112,,Обрушение производственных зданий и сооружений,,Обрушение,Обрушение,карточка-112,,,,,,карточка -112,,,,,,,,,карточка-112,карточка-112,карточка-112,,,,,,карточка-112,,карточка-112,карточка-112,,,,,,,,,карточка -112,карточка-112,,,,Карточка-112,,,,,
5,16,1,0,5160100,,Мост ,Весь объект,,,Обрушение мост,Обрушение элементов моста или моста,MCHS,Обрушение конструкций,,Обрушение конструкций,,,Обрушение конструкций,,Аварии в городском хозяйстве,,,,Придавило (обрушение),,Обрушение (угроза обрушения) здания (фасада здания),,Карточка-112,Карточка-112,Карточка-112,Карточка-112,Карточка-112,карточка-112,,,,карточка-112,,Карточка-112,карточка-112,карточка-112,,,,Карточка-112,,,,,,,Карточка-112,,Обрушение элементов моста или моста,,Обрушение,Обрушение,карточка-112,,,,,,карточка -112,,,,,,,,,карточка-112,карточка-112,карточка-112,,карточка-112,,,,карточка-112,,карточка-112,карточка-112,,,,Обрушение мост,карточка-112,карточка-112,,,карточка -112,,,,,Карточка-112,,,,,
5,16,2,0,5160200,,Мост ,Элементы конструкции,,,Обрушение мост элементы,Обрушение элементов моста или моста,MCHS,Обрушение конструкций,,Обрушение конструкций,,,Обрушение конструкций,,Аварии в городском хозяйстве,,,,Придавило (обрушение),,Обрушение (угроза обрушения) здания (фасада здания),,,Карточка-112,Карточка-112,Карточка-112,Карточка-112,,,,,,,Карточка-112,карточка-112,карточка-112,,,,Карточка-112,,,,,,,Карточка-112,,Обрушение элементов моста или моста,,Обрушение,Обрушение,карточка-112,,,,,,карточка -112,,,,,,,,,карточка-112,карточка-112,карточка-112,,карточка-112,,,,карточка-112,,карточка-112,карточка-112,,,,Обрушение мост элементы,карточка-112,карточка-112,,,карточка -112,,,,,Карточка-112,,,,,
5,17,1,0,5170100,,Эстакада,Весь объект,,,Обрушение эстакада ,Обрушение элементов эстакады или эстакады,MCHS,Обрушение конструкций,,Обрушение конструкций,,,Обрушение конструкций,,Аварии в городском хозяйстве,,,,Придавило (обрушение),,Обрушение (угроза обрушения) здания (фасада здания),,Карточка-112,Карточка-112,Карточка-112,Карточка-112,Карточка-112,карточка-112,,,,карточка-112,,Карточка-112,карточка-112,карточка-112,,,,,,,,,,,Карточка-112,,Обрушение элементов эстакады или эстакады,,Обрушение,Обрушение,карточка-112,,,,,,карточка -112,,,,,,,,,карточка-112,карточка-112,карточка-112,,карточка-112,,,,карточка-112,,карточка-112,карточка-112,,,,Обрушение эстакада ,карточка-112,карточка-112,,,карточка -112,,,,,Карточка-112,,,,,
5,17,2,0,5170200,,Эстакада,Элементы конструкции,,,Обрушение эстакада элементы,Обрушение элементов эстакады или эстакады,MCHS,Обрушение конструкций,,Обрушение конструкций,,,Обрушение конструкций,,Аварии в городском хозяйстве,,,,Придавило (обрушение),,Обрушение (угроза обрушения) здания (фасада здания),,,Карточка-112,Карточка-112,Карточка-112,Карточка-112,,,,,,,Карточка-112,карточка-112,карточка-112,,,,,,,,,,,Карточка-112,,Обрушение элементов эстакады или эстакады,,Обрушение,Обрушение,карточка-112,,,,,,карточка -112,,,,,,,,,карточка-112,карточка-112,карточка-112,,карточка-112,,,,карточка-112,,карточка-112,карточка-112,,,,Обрушение эстакада элементы,карточка-112,карточка-112,,,карточка -112,,,,,Карточка-112,,,,,
5,18,0,0,5180000,,Подземный/наземный переход тоннель,,,Весь объект / Элементы конструкции,Обрушение подземный/наземный переход тоннель,Обрушение элементов транспортных коммуникаций,MCHS,Обрушение элементов транспортных коммуникаций,,Обрушение элементов транспортных коммуникаций,,,Обрушение элементов транспортных коммуникаций,,Аварии в городском хозяйстве,,,,Придавило (обрушение),,Обрушение (угроза обрушения) здания (фасада здания),,Карточка-112,Карточка-112,Карточка-112,Карточка-112,Карточка-112,карточка-112,,,,,,Карточка-112,карточка-112,карточка-112,,,,,,,,Взрыв,,,Карточка-112,,Обрушение элементов транспортных коммуникаций,,Обрушение,Обрушение,карточка-112,,,,,,карточка -112,,,,,,,,,карточка-112,карточка-112,карточка-112,,карточка-112,,,,карточка-112,,карточка-112,карточка-112,,,,Обрушение подземный/наземный переход тоннель,карточка-112,карточка-112,,,карточка -112,,,,,Карточка-112,,,,,
5,19,0,0,5190000,,Мачта освещения ЛЭП,,, Весь объект / Элементы конструкции,Обрушение ЛЭП,Обрушение конструкций,MCHS,Обрушение конструкций,,Обрушение конструкций,,,Обрушение конструкций,,Аварии в городском хозяйстве,,,,Придавило (обрушение),,,Обрушение (угроза обрушения) здания (фасада здания),,Карточка-112,Карточка-112,Карточка-112,Карточка-112,,,,,,,Карточка-112,карточка-112,,,,,,,Карточка-112,,Взрыв,,,Карточка-112,,Обрушение конструкций,,Обрушение,Обрушение,карточка-112,,,,,,карточка -112,,,,,,,,,карточка-112,карточка-112,карточка-112,,карточка-112,,,,карточка-112,,карточка-112,карточка-112,,,,,,,,,карточка -112,,,,,,,,,,
5,20,1,0,5200100,,Котлован,Весь объект,,,Обрушение котлован,Происшествие на стройке: обрушения котлована ,MCHS,Происшествие на стройке: обрушения котлована ,,Происшествие на стройке: обрушения котлована ,,,Происшествие на стройке: обрушения котлована ,,Аварии в городском хозяйстве,,,,Придавило (обрушение),,Обрушение котлована,,Карточка-112,Карточка-112,Карточка-112,Карточка-112,Карточка-112,,,,,,,Карточка-112,карточка-112,,,,,,,,,,Карточка-112,,,,Происшествия на стройке: обрушение котлована ,,Обрушение,Обрушение,карточка-112,,,,,,карточка -112,,,,,,,,,карточка-112,карточка-112,карточка-112,,карточка-112,,,,карточка-112,,карточка-112,карточка-112,,,,Обрушение котлован,карточка-112,,,,карточка -112,,,,,Карточка-112,,,,,
5,20,2,0,5200200,,Котлован,Элементы конструкции,,,Обрушение котлован элементы,Обрушение котлована,MCHS,Происшествие на стройке: обрушения котлована ,,,Происшествие на стройке: обрушения котлована ,Происшествие на стройке: обрушения котлована ,Происшествие на стройке: обрушения котлована ,,,Аварии в городском хозяйстве,Аварии в городском хозяйстве,,Придавило (обрушение),,Обрушение котлована,,,Карточка-112,Карточка-112,Карточка-112,Карточка-112,,,,,,,Карточка-112,карточка-112,,,,,,,,,,,,,,Обрушение котлована,,Обрушение,Обрушение,карточка-112,,,,,,карточка -112,,,,,,,,,карточка-112,карточка-112,карточка-112,,карточка-112,,,,карточка-112,,карточка-112,карточка-112,,,,Обрушение котлован элементы,карточка-112,,,,карточка -112,,,,,Карточка-112,,,,,
5,21,0,0,5210000,,Строительные леса,,,Весь объект / Элементы конструкции,Обрушение строительные леса,"Происшествие на стройке: обрушение ""лесов""",MCHS,"Происшествие на стройке: обрушение ""лесов""",,"Происшествие на стройке: обрушение ""лесов""",,,"Происшествие на стройке: обрушение ""лесов""",,Аварии в городском хозяйстве,,,,Придавило (обрушение),,,Обрушение (угроза обрушения) здания (фасада здания),,Карточка-112,Карточка-112,Карточка-112,Карточка-112,,,,,,,Карточка-112,карточка-112,,,,,,,,,,,,,,"Происшествия на стройке: обрушение ""лесов""",,Обрушение,Обрушение,карточка-112,,,,,,карточка-112,,,,,,,,,карточка-112,карточка-112,карточка-112,,карточка-112,,,,карточка-112,,карточка-112,карточка-112,,,,Обрушение строительные леса,карточка-112,,,,карточка -112,,,,,Карточка-112,,,,,
5,22,0,0,5220000,,Башенный кран,,,Весь объект / Элементы конструкции,Падение башенного крана,Происшествие на стройке: падение крана,MCHS,Происшествие на стройке: падение крана,,Происшествие на стройке: падение крана,,,Происшествие на стройке: падение крана,,Аварии в городском хозяйстве,,,,Придавило (обрушение),,,Обрушение (угроза обрушения) здания (фасада здания),,Карточка-112,Карточка-112,Карточка-112,Карточка-112,,,,,,,Карточка-112,карточка-112,,,,,,,,,,,,,,Происшествия на стройке: падение крана,,Обрушение,Обрушение,карточка-112,,,,,,карточка -112,,,,,,,,,карточка-112,карточка-112,карточка-112,,карточка-112,,,,карточка-112,,карточка-112,карточка-112,,,,Падение башенного крана,карточка-112,,,,карточка -112,,,,,Карточка-112,,,,,
5,23,1,0,5230100,,Прочие объекты,Весь объект,,,Обрушение прочее,Обрушение,MCHS,Обрушение наземных элементов зданий,,Обрушение наземных элементов зданий,,,Обрушение наземных элементов зданий,,Аварии в городском хозяйстве,,,,Придавило (обрушение),,,Обрушение (угроза обрушения) здания (фасада здания),Карточка-112,Карточка-112,Карточка-112,Карточка-112,Карточка-112,,,,,,,Карточка-112,карточка-112,,Карточка-112,Карточка-112,Карточка-112,,,,,Взрыв,Карточка-112,,,,Обрушение,,Обрушение,Обрушение,карточка-112,,,,,,карточка -112,,,,,,,,карточка-112,карточка-112,карточка-112,карточка-112,,,,,,карточка-112,,карточка-112,карточка-112,,,,Обрушение прочее,карточка-112,карточка-112,,,карточка -112,,,,,Карточка-112,,,,,
5,23,2,0,5230200,,Прочие объекты,Элементы конструкции здания ,,,Обрушение прочее элементы,Обрушение наземных элементов зданий,MCHS,Обрушение наземных элементов зданий,,,Обрушение наземных элементов зданий,,Обрушение наземных элементов зданий,,Аварии в городском хозяйстве,,,,Придавило (обрушение),,,Обрушение (угроза обрушения) здания (фасада здания),,Карточка-112,Карточка-112,Карточка-112,Карточка-112,,,,,,,Карточка-112,карточка-112,,,,,,,,,Взрыв,,,Карточка-112,,Обрушение наземных элементов зданий,,Обрушение,Обрушение,карточка-112,,,,,,карточка -112,,,,,,,,карточка-112,карточка-112,карточка-112,карточка-112,,карточка-112,,,карточка-112,карточка-112,,карточка-112,карточка-112,,,,Обрушение прочее элементы,карточка-112,карточка-112,,,карточка -112,,,,,Карточка-112,,,,,
,,,,6,Угрозы обрушений,,,,,,,,,,,,,,,,,,,,,,,,,,,,,,,,,,,,,,,,,,,,,,,,,,,,,,,,,,,,,,,,,,,,,,,,,,,,,,,,,,,,,,,,,,,,,,,,,,
6,1,1,0,6010100,Угрозы обрушений,Аэропорт,"Объект имеет только трещину, которая появилась некоторе время назад. Других признаков обрушения нет.",,,Аэропорт угроза обрушения (трещины в зданиях),Угроза обрушения - трещина в зданиях,MCHS,Угроза обрушения - трещина в зданиях,,Угроза обрушения - трещина в зданиях,,,,,,Аварии в городском хозяйстве,Аварии в городском хозяйстве,,Травма,нет реагирования,,Обрушение (угроза обрушения) здания (фасада здания),,Карточка-112,Карточка-112,Карточка-112,Карточка-112,,,,,,,Карточка-112,Карточка-112,,,,,,,Карточка-112,,,,,,,Угроза обрушения - трещина в зданиях,,,,карточка-112,,,,,,,,,,,,,,,карточка-112,карточка-112,карточка-112,,,,,,карточка-112,,карточка-112,карточка-112,,,,,,,,,,,,,,,,,,,
6,1,2,0,6010200,,Аэропорт,"Нарушение целостности конструкций объекта происходит в текущее время (например, один большой кусок штукатурки упал, падают другие), при наличие вибрации - от метро или стройки рядом",,,Аэропорт угроза обрушения ,Угроза обрушения,MCHS,Угроза обрушения,,Угроза обрушения,,,,,,Аварии в городском хозяйстве,Аварии в городском хозяйстве,,Травма,нет реагирования,,Обрушение (угроза обрушения) здания (фасада здания),,Карточка-112,Карточка-112,Карточка-112,Карточка-112,,,,,,,Карточка-112,Карточка-112,,,,,,,Карточка-112,,,,,,,Угроза обрушения,,,,карточка-112,,,,,,,,,,,,,,,карточка-112,карточка-112,карточка-112,,,,,,карточка-112,,карточка-112,карточка-112,,,,,,,,,,,,,,,,,,,
6,2,1,0,6020100,,Вокзал жд платформа жд,"Объект имеет только трещину, которая появилась некоторе время назад. Других признаков обрушения нет.",,,Вокзал платформа жд угроза обрушения (трещины в зданиях),Угроза обрушения - трещина в зданиях,MCHS,Угроза обрушения - трещина в зданиях,,Угроза обрушения - трещина в зданиях,,,,,,Аварии в городском хозяйстве,Аварии в городском хозяйстве,,Травма,нет реагирования,,Обрушение (угроза обрушения) здания (фасада здания),,Карточка-112,Карточка-112,Карточка-112,Карточка-112,,,,,,,Карточка-112,Карточка-112,,,,,,,Карточка-112,,,,,,,Угроза обрушения - трещина в зданиях,,,,карточка-112,,карточка-112,,,,,,,,,,,,,карточка-112,карточка-112,карточка-112,,,,,,карточка-112,,карточка-112,карточка-112,,,,,,,,,,,,,,,,,,,
6,2,2,0,6020200,,Вокзал жд платформа жд,"Нарушение целостности конструкций объекта происходит в текущее время (например, один большой кусок штукатурки упал, падают другие), при наличие вибрации - от метро или стройки рядом",,,Вокзал платформа жд угроза обрушения,Угроза обрушения,MCHS,Угроза обрушения,,Угроза обрушения,,,,,,Аварии в городском хозяйстве,Аварии в городском хозяйстве,,Травма,нет реагирования,,Обрушение (угроза обрушения) здания (фасада здания),,Карточка-112,Карточка-112,Карточка-112,Карточка-112,,,,,,,Карточка-112,Карточка-112,,Карточка-112,Карточка-122,Карточка-112,,,Карточка-112,,,,,,,Угроза обрушения,,,,карточка-112,,карточка-112,,,,,,,,,,,,,карточка-112,карточка-112,карточка-112,,,,,,карточка-112,,карточка-112,карточка-112,,,,,,карточка-112,,,,,,,,,,,,,
6,3,0,0,6030000,,МЦК станция тоннель эскалатор переход,Трещина нарушение целостности конструкций вибрация,,,"МЦК угроза обрушения (трещины в зданиях, конструкциях)",Угроза обрушения,MCHS,Угроза обрушения,,Угроза обрушения,,,,,,Аварии в городском хозяйстве,Аварии в городском хозяйстве,,Травма,нет реагирования,,Обрушение (угроза обрушения) здания (фасада здания),,Карточка-112,Карточка-112,Карточка-112,Карточка-112,,,,,,,Карточка-112,Карточка-112,,Карточка-112,,,,,Карточка-112,карточка-112,,,,,,Угроза обрушения,,,,карточка-112,,карточка-112,,,,,,,,,,,,,карточка-112,карточка-112,карточка-112,,карточка-112,,,,карточка-112,,карточка-112,карточка-112,,,,,,карточка-112,,,карточка -112,,,,,Карточка-112,,,,,
6,4,0,0,6040000,,"Метро (станция, тоннель, эскалатор, переход)",Трещина нарушение целостности конструкций вибрация,,,"Метро угроза обрушения (трещины в зданиях, конструкциях)",Угроза обрушения,MCHS,Угроза обрушения,,Угроза обрушения,,,,,,Аварии в городском хозяйстве,Аварии в городском хозяйстве,,Травма,нет реагирования,,Обрушение (угроза обрушения) здания (фасада здания),,Карточка-112,Карточка-112,Карточка-112,Карточка-112,,,,,,,Карточка-112,Карточка-112,,Карточка-112,Карточка-122,,,,Карточка-112,карточка-112,,,,,,Угроза обрушения,,,,карточка-112,,,,,,,,,,,,,,,карточка-112,карточка-112,карточка-112,,карточка-112,,,,карточка-112,,карточка-112,карточка-112,,,,,,карточка-112,,,карточка -112,,,,,Карточка-112,,,,,
6,5,1,0,6050100,,Дом частный,"Объект имеет только трещину, которая появилась некоторе время назад. Других признаков обрушения нет.",,,Дом частный угроза обрушения (трещины в зданиях),Угроза обрушения - трещина в зданиях,MCHS,Угроза обрушения - трещина в зданиях,,Угроза обрушения - трещина в зданиях,,,,,,Аварии в городском хозяйстве,Аварии в городском хозяйстве,,Травма,нет реагирования,,Обрушение (угроза обрушения) здания (фасада здания),,Карточка-112,Карточка-112,Карточка-112,Карточка-112,,,,,,,Карточка-112,Карточка-112,,,,,,,Карточка-112,,,,,,,Угроза обрушения - трещина в зданиях,,,,карточка-112,,,,,,,,,,,,,,,карточка-112,карточка-112,карточка-112,,,,,,карточка-112,,карточка-112,карточка-112,,,,,,,,,карточка -112,,,,,,,,,,
6,5,2,0,6050200,,Дом частный,"Нарушение целостности конструкций объекта происходит в текущее время (например, один большой кусок штукатурки упал, падают другие), при наличие вибрации - от метро или стройки рядом",,,Дом частный угроза обрушения,Угроза обрушения,MCHS,Угроза обрушения,,Угроза обрушения,,,,,,Аварии в городском хозяйстве,Аварии в городском хозяйстве,,Травма,нет реагирования,,Обрушение (угроза обрушения) здания (фасада здания),,Карточка-112,Карточка-112,Карточка-112,Карточка-112,,,,,,,Карточка-112,Карточка-112,,,,,,,Карточка-112,,,,,,,Угроза обрушения,,,,карточка-112,,,,,,,,,,,,,,,карточка-112,карточка-112,карточка-112,,,,,,карточка-112,,карточка-112,,,,,,,,,,,,,,,,,,,,
6,6,1,0,6060100,,Дом многоквартирный,"Объект имеет только трещину, которая появилась некоторе время назад. Других признаков обрушения нет.",,,Дом многоквартирный угроза обрушения (трещины в зданиях),Угроза обрушения - трещина в зданиях,MCHS,Угроза обрушения - трещина в зданиях,,Угроза обрушения - трещина в зданиях,,,,,,Аварии в городском хозяйстве,Аварии в городском хозяйстве,,Травма,нет реагирования,,Обрушение (угроза обрушения) здания (фасада здания),,Карточка-112,Карточка-112,Карточка-112,Карточка-112,,,,,,,Карточка-112,Карточка-112,,,,,,,Карточка-112,,,,,,,Угроза обрушения - трещина в зданиях,,,,карточка-112,,,,,,,,,,,,,,,карточка-112,карточка-112,карточка-112,,,,,карточка-112,карточка-112,,карточка-112,карточка-112,,,,Дом многоквартирный угроза обрушения (трещины в зданиях),карточка-112,карточка-112,,,карточка -112,,,,,Карточка-112,,,,,
6,6,2,0,6060200,,Дом многоквартирный,"Нарушение целостности конструкций объекта происходит в текущее время (например, один большой кусок штукатурки упал, падают другие), при наличие вибрации - от метро или стройки рядом",,,Дом многоквартирный угроза обрушения,Угроза обрушения,MCHS,Угроза обрушения,,Угроза обрушения,,,,,,Аварии в городском хозяйстве,Аварии в городском хозяйстве,,Травма,нет реагирования,,Обрушение (угроза обрушения) здания (фасада здания),,Карточка-112,Карточка-112,Карточка-112,Карточка-112,,,,,,,Карточка-112,Карточка-112,,Карточка-112,Карточка-122,Карточка-112,,,Карточка-112,,,,,,,Угроза обрушения,,,,карточка-112,,,,,,,,,,,,,,,карточка-112,карточка-112,карточка-112,,,,,карточка-112,карточка-112,,карточка-112,карточка-112,,,,Дом многоквартирный угроза обрушения,карточка-112,карточка-112,,,карточка -112,,,,,Карточка-112,,,,,
6,7,1,0,6070100,,Общественное место административное здание,"Объект имеет только трещину, которая появилась некоторе время назад. Других признаков обрушения нет.",,,Общественное административное здание угроза обрушения (трещины в зданиях),Угроза обрушения - трещина в зданиях,MCHS,Угроза обрушения - трещина в зданиях,,Угроза обрушения - трещина в зданиях,,,,,,Аварии в городском хозяйстве,Аварии в городском хозяйстве,,Травма,нет реагирования,,Обрушение (угроза обрушения) здания (фасада здания),,Карточка-112,Карточка-112,Карточка-112,Карточка-112,,,,,,,Карточка-112,Карточка-112,,,,,,,Карточка-112,,,,,,,Угроза обрушения - трещина в зданиях,,,,карточка-112,,,,,,,,,,,,,,,карточка-112,карточка-112,карточка-112,,,,,,карточка-112,,карточка-112,карточка-112,,,,,,карточка-112,,,,,,,,Карточка-112,,,,,
6,7,2,0,6070200,,Общественное место административное здание,"Нарушение целостности конструкций объекта происходит в текущее время (например, один большой кусок штукатурки упал, падают другие), при наличие вибрации - от метро или стройки рядом",,,Общественное административное здание угроза обрушения,Угроза обрушения,MCHS,Угроза обрушения,,Угроза обрушения,,,,,,Аварии в городском хозяйстве,Аварии в городском хозяйстве,,Травма,нет реагирования,,Обрушение (угроза обрушения) здания (фасада здания),,Карточка-112,Карточка-112,Карточка-112,Карточка-112,,,,,,,Карточка-112,Карточка-112,,Карточка-112,Карточка-122,Карточка-112,,,Карточка-112,,,,,,,Угроза обрушения,,,,карточка-112,,,,,,,,,,,,,,,карточка-112,карточка-112,карточка-112,,,,,,карточка-112,,карточка-112,карточка-112,,,,,,карточка-112,,,карточка -112,,,,,Карточка-112,,,,,
6,8,1,0,6080100,,Учебное заведение,"Объект имеет только трещину, которая появилась некоторе время назад. Других признаков обрушения нет.",,,Учебное заведение  угроза обрушения (трещины в зданиях),Угроза обрушения - трещина в зданиях,MCHS,Угроза обрушения - трещина в зданиях,,Угроза обрушения - трещина в зданиях,,,,,,Аварии в городском хозяйстве,Аварии в городском хозяйстве,,Травма,нет реагирования,,Обрушение (угроза обрушения) здания (фасада здания),,Карточка-112,Карточка-112,Карточка-112,Карточка-112,,,,,,,Карточка-112,Карточка-112,,,,,,,Карточка-112,,,,,,,Угроза обрушения - трещина в зданиях,,,,карточка-112,,,,,,,,,,,,,,,карточка-112,карточка-112,карточка-112,,,,,,карточка-112,,карточка-112,карточка-112,,,,,,карточка-112,,,карточка -112,,,,,Карточка-112,,,,,
6,8,2,0,6080200,,Учебное заведение,"Нарушение целостности конструкций объекта происходит в текущее время (например, один большой кусок штукатурки упал, падают другие), при наличие вибрации - от метро или стройки рядом",,,Учебное заведение  угроза обрушения,Угроза обрушения,MCHS,Угроза обрушения,,Угроза обрушения,,,,,,Аварии в городском хозяйстве,Аварии в городском хозяйстве,,Травма,нет реагирования,,Обрушение (угроза обрушения) здания (фасада здания),,Карточка-112,Карточка-112,Карточка-112,Карточка-112,,,,,,,Карточка-112,Карточка-112,,,,,,,Карточка-112,,,,,,,Угроза обрушения,,,,карточка-112,,,,,,,,,,,,,,,карточка-112,карточка-112,карточка-112,,,,,,карточка-112,,карточка-112,карточка-112,,,,,,карточка-112,,,карточка -112,,,,,Карточка-112,,,,,
6,9,1,0,6090100,,Лечебное заведение,"Объект имеет только трещину, которая появилась некоторе время назад. Других признаков обрушения нет.",,,Лечебное заведение  угроза обрушения (трещины в зданиях),Угроза обрушения - трещина в зданиях,MCHS,Угроза обрушения - трещина в зданиях,,Угроза обрушения - трещина в зданиях,,,,,,Аварии в городском хозяйстве,Аварии в городском хозяйстве,,Травма,нет реагирования,,Обрушение (угроза обрушения) здания (фасада здания),,Карточка-112,Карточка-112,Карточка-112,Карточка-112,,,,,,,Карточка-112,Карточка-112,,,,,,,Карточка-112,,,,,,,Угроза обрушения - трещина в зданиях,,,,карточка-112,,,,,,,,,,,,,,,карточка-112,карточка-112,карточка-112,,,,,,карточка-112,,карточка-112,карточка-112,,,,,,карточка-112,,,карточка -112,,,,,Карточка-112,,,,,
6,9,2,0,6090200,,Лечебное заведение,"Нарушение целостности конструкций объекта происходит в текущее время (например, один большой кусок штукатурки упал, падают другие), при наличие вибрации - от метро или стройки рядом",,,Лечебное заведение  угроза обрушения,Угроза обрушения,MCHS,Угроза обрушения,,Угроза обрушения,,,,,,Аварии в городском хозяйстве,Аварии в городском хозяйстве,,Травма,нет реагирования,,Обрушение (угроза обрушения) здания (фасада здания),,Карточка-112,Карточка-112,Карточка-112,Карточка-112,,,,,,,Карточка-112,Карточка-112,,Карточка-112,Карточка-122,Карточка-112,,,Карточка-112,,,,,,,Угроза обрушения,,,,карточка-112,,,,,,,,,,,,,,,карточка-112,карточка-112,карточка-112,,,,,,карточка-112,,карточка-112,карточка-112,,,,,,карточка-112,,,карточка -112,,,,,Карточка-112,,,,,
6,10,1,0,6100100,,Опасный объект производство,"Объект имеет только трещину, которая появилась некоторе время назад. Других признаков обрушения нет.",,,Опасный объект  угроза обрушения (трщина в зданиях),Угроза обрушения - трещина в зданиях,MCHS,Угроза обрушения - трещина в зданиях,,Угроза обрушения - трещина в зданиях,,,,,,Аварии в городском хозяйстве,Аварии в городском хозяйстве,,Травма,нет реагирования,,Обрушение (угроза обрушения) здания (фасада здания),,Карточка-112,Карточка-112,Карточка-112,Карточка-112,,,,,,,Карточка-112,Карточка-112,,,,,,,Карточка-112,,,Карточка-112,,,,Угроза обрушения - трещина в зданиях,,,,карточка-112,,,,,,,,,,,,,,карточка-112,карточка-112,карточка-112,карточка-112,,,,,,карточка-112,,карточка-112,карточка-112,,,,,,карточка-112,,,карточка -112,,карточка-112,карточка-112,карточка-112,,,,,,
6,10,2,0,6100200,,Опасный объект производство,"Нарушение целостности конструкций объекта происходит в текущее время (например, один большой кусок штукатурки упал, падают другие), при наличие вибрации - от метро или стройки рядом",,,Опасный объект  угроза обрушения,Угроза обрушения,MCHS,Угроза обрушения,,Угроза обрушения,,,,,,Аварии в городском хозяйстве,Аварии в городском хозяйстве,,Травма,нет реагирования,,Обрушение (угроза обрушения) здания (фасада здания),,Карточка-112,Карточка-112,Карточка-112,Карточка-112,,,,,,,Карточка-112,Карточка-112,,Карточка-112,Карточка-122,Карточка-112,,,Карточка-112,,,,,,,Угроза обрушения,,,,карточка-112,,,,,,,,,,,,,,карточка-112,карточка-112,карточка-112,карточка-112,,,,,,карточка-112,,карточка-112,карточка-112,,,,Опасный объект  угроза обрушения,карточка-112,карточка-112,,,карточка -112,,карточка-112,карточка-112,карточка-112,,,,,,
6,11,0,0,6110000,,Газопровод газохранилищ,,,,Газопровод  угроза обрушения (нарушение конструкций),Угроза обрушения,MCHS,Угроза обрушения,,Угроза обрушения,,,,,,Аварии в городском хозяйстве,Аварии в городском хозяйстве,,Травма,нет реагирования,Обрушение (угроза обрушения) здания (фасада здания),,,Карточка-112,Карточка-112,Карточка-112,Карточка-112,,,карточка-112,,,,Карточка-112,Карточка-112,,Карточка-112,Карточка-122,Карточка-112,,,Карточка-112,,,,,,,Угроза обрушения,,,,карточка-112,,,,,,,,,,,,,,,карточка-112,карточка-112,карточка-112,,,,,,карточка-112,,карточка-112,карточка-112,,,,,,,,,карточка -112,,,,карточка-112,,,,,,
6,12,0,0,6120000,,Нефтепровод нефтехранилище,,,,Нефтепровод  угроза обрушения (нарушение конструкций),Угроза обрушения,MCHS,Угроза обрушения,,Угроза обрушения,,,,,,Аварии в городском хозяйстве,Аварии в городском хозяйстве,,Травма,нет реагирования,,Обрушение (угроза обрушения) здания (фасада здания),,Карточка-112,Карточка-112,Карточка-112,Карточка-112,,,,,,,Карточка-112,Карточка-112,,,,,,,Карточка-112,,,,,,,Угроза обрушения,,,,карточка-112,,,,,,,,,,,,,,,карточка-112,карточка-112,карточка-112,,,,,,карточка-112,,карточка-112,карточка-112,,,,,,,,,карточка -112,,,,,,,,,,
6,13,0,0,6130000,,Коммуникации подземные наземные,,,,Коммуникации подземные наземные  угроза обрушения  (нарушение конструкций),Угроза обрушения,MCHS,Угроза обрушения,,Угроза обрушения,,,,,,Аварии в городском хозяйстве,Аварии в городском хозяйстве,,Травма,нет реагирования,,Обрушение (угроза обрушения) здания (фасада здания),,Карточка-112,Карточка-112,Карточка-112,Карточка-112,,,,,,,Карточка-112,Карточка-112,,Карточка-112,Карточка-122,Карточка-112,,,Карточка-112,,,,,,,Угроза обрушения,,,,карточка-112,карточка-112,,,,,,карточка-112,,,,,,,,карточка-112,карточка-112,карточка-112,,,,,,карточка-112,,карточка-112,карточка-112,,,,,,карточка-112,,,карточка -112,,,,,,,,,,
6,14,0,0,6140000,,Гидросооружения,,,,Гидросооружение  угроза обрушения (нарушение конструкций),Угроза обрушения,MCHS,Угроза обрушения,,Угроза обрушения,,,,Угроза обрушения,,Аварии в городском хозяйстве,Аварии в городском хозяйстве,,Травма,нет реагирования,,Обрушение (угроза обрушения) здания (фасада здания),,Карточка-112,Карточка-112,Карточка-112,Карточка-112,,,,,,,Карточка-112,Карточка-112,,Карточка-112,Карточка-122,Карточка-112,карточка-112,,Карточка-112,,,,,,,Угроза обрушения,,,,карточка-112,,,,,,,,,,,,,,,карточка-112,карточка-112,карточка-112,,,,,,карточка-112,,карточка-112,карточка-112,,,,,,,,,карточка -112,,,,,,,,,,
6,15,1,0,6150100,,Мост эстакада подземный/наземный переход тоннель,Трещина нарушение целостности конструкций вибрация,,,Мост эстакада тоннель подземный переход угроза обрушения  (нарушение конструкций),Угроза обрушения,MCHS,Угроза обрушения,,Угроза обрушения,,,,,,Аварии в городском хозяйстве,Аварии в городском хозяйстве,,Травма,нет реагирования,,Обрушение (угроза обрушения) здания (фасада здания),,Карточка-112,Карточка-112,Карточка-112,Карточка-112,,,,,,,Карточка-112,Карточка-112,,Карточка-112,Карточка-122,Карточка-112,,,Карточка-112,,,,,,,Угроза обрушения,,,,карточка-112,карточка-112,,,,,,,,,,,,,,карточка-112,карточка-112,карточка-112,,карточка-112,,,,карточка-112,,карточка-112,карточка-112,,,,Мост эстакада тоннель подземный переход угроза обрушения  (нарушение конструкций),карточка-112,карточка-112,,,карточка -112,,,,,Карточка-112,,,,,
6,15,2,0,6150200,,Мост эстакада подземный/наземный переход тоннель,Трещина нарушение целостности конструкций вибрация - сообщение от специалиста (официального лица),,,Мост эстакада тоннель подземный переход угроза обрушения  вызов ОТ СПЕЦИАЛИСТА,Угроза обрушения,MCHS,Угроза обрушения,,Угроза обрушения,,,,,Аварии в городском хозяйстве,,,,Травма,нет реагирования,,Обрушение (угроза обрушения) здания (фасада здания),,Карточка-112,Карточка-112,Карточка-112,Карточка-112,,,,,,,Карточка-112,Карточка-112,,Карточка-112,Карточка-122,Карточка-112,,,Карточка-112,,,,,,,Угроза обрушения,,,,карточка-112,карточка-112,,,,,,,,,,,,,,карточка-112,карточка-112,карточка-112,,карточка-112,,,,карточка-112,,карточка-112,карточка-112,,,,Мост эстакада тоннель подземный переход угроза обрушения  вызов ОТ СПЕЦИАЛИСТА,карточка-112,карточка-112,,,карточка -112,,,,,Карточка-112,,,,,
6,16,0,0,6160000,,Мачта освещения ЛЭП,,,,ЛЭП мачта освещение угроза обрушения,Угроза обрушения,MCHS,Угроза обрушения,,Угроза обрушения,,,,,,Аварии в городском хозяйстве,Аварии в городском хозяйстве,,Травма,нет реагирования,,Обрушение (угроза обрушения) здания (фасада здания),,Карточка-112,Карточка-112,Карточка-112,Карточка-112,,,,,,,Карточка-112,Карточка-112,,Карточка-112,Карточка-122,Карточка-112,,,Карточка-112,,,,,Карточка-112,,Угроза обрушения,,,,карточка-112,,,,,,,,,,,,,,,карточка-112,карточка-112,карточка-112,,карточка-112,,,,карточка-112,,карточка-112,карточка-112,,,,,,,,,карточка -112,,,,,,,,,,
6,17,1,0,6170100,,Котлован,Ограждение нарушение повреждение,,,Котлован повреждение ограждения,Нарушение ограждений котлована,,,,,,,,,,Аварии в городском хозяйстве,Аварии в городском хозяйстве,,Травма,нет реагирования,Нарушение ограждений котлована,,,Карточка-112,Карточка-112,Карточка-112,Карточка-112,,,,,,,Карточка-112,Карточка-112,,,,,,,,,,,,,,,,,,карточка-112,,,,,,карточка-112,,,,,,,,,карточка-112,карточка-112,карточка-112,,карточка-112,,,,карточка-112,,карточка-112,карточка-112,,,,Котлован повреждение ограждения,карточка-112,,,,карточка -112,,,,,Карточка-112,,,,,
6,17,2,0,6170200,,Котлован,Вода затопление,,,Котлован угроза обрушения затопление,Угроза обрушения,MCHS,Угроза обрушения,,Угроза обрушения,,,,,,Аварии в городском хозяйстве,Аварии в городском хозяйстве,,Травма,нет реагирования,,Обрушение (угроза обрушения) здания (фасада здания),,Карточка-112,Карточка-112,Карточка-112,Карточка-112,,,,,,,Карточка-112,Карточка-112,Карточка-112,,,,,,Карточка-112,,,,,,,Угроза обрушения,,,,карточка-112,,,,,,,,,,,,,,,карточка-112,карточка-112,карточка-112,,карточка-112,,,,карточка-112,,карточка-112,карточка-112,,,,Котлован угроза обрушения затопление,карточка-112,,,,карточка -112,,,,,Карточка-112,,,,,
6,18,0,0,6180000,,Строительные леса,,,,Строительные леса угроза обрушения,Угроза обрушения,MCHS,Угроза обрушения,,Угроза обрушения,,,,,,Аварии в городском хозяйстве,Аварии в городском хозяйстве,,Травма,нет реагирования,,Обрушение (угроза обрушения) здания (фасада здания),,Карточка-112,Карточка-112,Карточка-112,Карточка-112,,,,,,,Карточка-112,Карточка-112,,Карточка-112,Карточка-122,Карточка-112,,,Карточка-112,,,,,,,Угроза обрушения,,,,карточка-112,,,,,,,,,,,,,,,карточка-112,карточка-112,карточка-112,,карточка-112,,,,карточка-112,,карточка-112,карточка-112,,,,Строительные леса угроза обрушения,карточка-112,,,,карточка -112,,,,,Карточка-112,,,,,
6,19,0,0,6190000,,Башенный кран,,,,Башенный кран угроза падения,Угроза обрушения,MCHS,Угроза обрушения,,Угроза обрушения,,,,,,Аварии в городском хозяйстве,Аварии в городском хозяйстве,,Травма,нет реагирования,,Обрушение (угроза обрушения) здания (фасада здания),,Карточка-112,Карточка-112,Карточка-112,Карточка-112,,,,,,,Карточка-112,Карточка-112,Карточка-112,,,,,,Карточка-112,,,,,,,Угроза обрушения,,,,карточка-112,,,,,,,,,,,,,,,карточка-112,карточка-112,карточка-112,,карточка-112,,,,карточка-112,,карточка-112,карточка-112,,,,Башенный кран угроза падения,карточка-112,,,,карточка -112,,,,,Карточка-112,,,,,
6,20,0,0,6200000,,Прочие объекты,,,"В: Уточнить, что конкретно",Угроза обрушения прочие объекты,Угроза обрушения,MCHS,Угроза обрушения,,Угроза обрушения,,,,,Аварии в городском хозяйстве,Аварии в городском хозяйстве,Аварии в городском хозяйстве,,Травма,нет реагирования,,Обрушение (угроза обрушения) здания (фасада здания),Карточка-112,Карточка-112,Карточка-112,Карточка-112,Карточка-112,,,,,,,Карточка-112,Карточка-112,,Карточка-112,Карточка-122,Карточка-112,,,Карточка-112,,,,,,,Угроза обрушения,,,,карточка-112,,,,,,,,,,,,,,карточка-112,карточка-112,карточка-112,карточка-112,,,,,,карточка-112,,карточка-112,карточка-112,,,,Угроза обрушения прочие объекты,карточка-112,,,,карточка -112,,,,,Карточка-112,,,,,
,,,,7,"Опасные геологические, гидрологические и метеорологические явления",,,,,,,,,,,,,,,,,,,,,,,,,,,,,,,,,,,,,,,,,,,,,,,,,,,,,,,,,,,,,,,,,,,,,,,,,,,,,,,,,,,,,,,,,,,,,,,,,,
7,1,1,0,7010100,Природная стихия,Природная стихия,Ураган буря смерч сильный ветер,,Последствия,Ураган буря смерч,НЕТ В ЕКП,MCHS,,Прочие происшествия,,,,,,,,Природные и экологические катастрофы,,Травма,,,,Карточка-112,,,,,,,,,,,,Карточка-112,,,,,,,,,,,,,,Ураган буря смерч,,,,,,,,,,,,,,,,,,карточка-112,,карточка-112,карточка-112,,,,,,карточка-112,,карточка-112,карточка-112,,,,Ураган буря смерч,карточка-112,карточка-112,,,,карточка-112,карточка-112,карточка-112,,Карточка-112,,,,,
7,1,2,0,7010200,,Природная стихия,Землетрясение до 5 баллов (возможно малое колебание окон и дверей),,Последствия,Землетрясение до 5 баллов,НЕТ В ЕКП,MCHS,,Прочие происшествия,,,,,,,,Природные и экологические катастрофы,,Травма,,,,Карточка-112,,,,,,,,,,,,Карточка-112,,,,,,,,,,,,,,Землетрясение до 5 баллов,,,,,,,,,,,,,,,,,,карточка-112,,карточка-112,карточка-112,,,,,,карточка-112,,карточка-112,карточка-112,,,,,,карточка-112,,,,,карточка-112,карточка-112,,,,,,,
7,1,3,0,7010300,,Природная стихия,"Землетрясение более 5 баллов (качаются предметы, обрушение перегородок, стен, кровли)",,Последствия,Землетрясение более 5 баллов,НЕТ В ЕКП,MCHS,,Прочие происшествия,,,,,,,,Природные и экологические катастрофы,,Травма,,,,Карточка-112,,,,,,,,,,,,Карточка-112,,,,,,,,,,,,,,Землетрясение более 5 баллов,,,,,,,,,,,,,,,,,,карточка-112,,карточка-112,карточка-112,,,,,,карточка-112,,карточка-112,карточка-112,,,,,,карточка-112,,,,,карточка-112,карточка-112,,,,,,,
7,1,4,0,7010400,,Природная стихия,Метеорит,,Последствия,Метеорит,НЕТ В ЕКП,MCHS,,Прочие происшествия,,,,,,,,Природные и экологические катастрофы,,Травма,,,,Карточка-112,,,,,,,,,,,,Карточка-112,,,,,,,,,,,,,,Метеорит,,,,,,,,,,,,,,,,,,карточка-112,,карточка-112,карточка-112,,,,,,карточка-112,,карточка-112,карточка-112,,,,,,,,,,,,,,,,,,,
7,1,5,0,7010500,,Природная стихия,Ливень град гроза,,Последствия,Ливень град гроза,НЕТ В ЕКП,MCHS,,Прочие происшествия,,,,,,,,Природные и экологические катастрофы,,Травма,,,,Карточка-112,,,,,,,,,,,,Карточка-112,,,,,,,,,,,,,,,,,,,,,,,,,,,,,,,,карточка-112,,карточка-112,карточка-112,,,,,,карточка-112,,карточка-112,,,,,,,карточка-112,,,,карточка-112,,,,Карточка-112,,,,,
7,1,6,1,7010601,,Природная стихия,Ледяной дождь гололедно-изморозевое отложение,ЛЭП провода,,Ледяной дождь ЛЭП провода ,Обледенение линий связи и ЛЭП (для введения в ЕКП),MCHS,,Прочие происшествия,,,,,,,,Природные и экологические катастрофы,,Травма,,,,Карточка-112,,,,,,,,,,,,Карточка-112,,,,,,,Карточка-112,,,,Карточка-112,,,,,,,,,,,,,,,,,карточка-112,,,,,,карточка-112,карточка-112,,,,,,карточка-112,,карточка-112,,,,,,,карточка-112,,,,,,,,,,,,,
7,1,6,2,7010602,,Природная стихия,Ледяной дождь гололедно-изморозевое отложение,контактная сеть,,Ледяной дождь контактная сеть,Обдеденение контактной сети (для введения в ЕКП),MCHS,,Прочие происшествия,,,,,,,,Природные и экологические катастрофы,,Травма,,,,Карточка-112,,,,,,,,,Карточка-112,,,,,,,,,,Карточка-112,карточка-112,,,,,,Обледенение контактной сети,,,,карточка-112,,,,,,,,,,,,,,,,карточка-112,карточка-112,,,,,,карточка-112,,карточка-112,,,,,,,карточка-112,,,,,,,,,,,,,
7,1,6,3,7010603,,Природная стихия,Ледяной дождь гололедно-изморозевое отложение,Жд провоода,,Ледяной дождь жд провода,Обледенение жд линий связи и ЛЭП (для введения в ЕКП),MCHS,,Прочие происшествия,,,,,,,,Природные и экологические катастрофы,,Травма,,,,Карточка-112,,,,,,,,,,,,,,,,,,,,,,,,,,Обледенение контактной сети,,,,,,карточка-112,,,,,,,,,,,,,,карточка-112,карточка-112,,,,,,карточка-112,,карточка-112,,,,,,,,,,,,,,,,,,,,
7,1,6,4,7010604,,Природная стихия,Ледяной дождь гололедно-изморозевое отложение,Газопровод,,Ледяной дождь  газопровод,"Нарушение на настенном газопроводе (искрение кабеля, обледенение, провисание)",MCHS,,Прочие происшествия,,Прочие происшествия,Прочие происшествия,Прочие происшествия,,,,Природные и экологические катастрофы,,Травма,,"Нарушение на настенном газопроводе (искрение кабеля, обледенение, провисание)",,,карточка-112,карточка-112,карточка-112,карточка-112,,,Карточка-112,,,,,,,,,,,,,,,,,,,,,,,карточка-112,,,,,,,,,,,,,,,,карточка-112,карточка-112,,,,,,карточка-112,,карточка-112,карточка-112,,,,,,,,,,,,,карточка-112,,,,,,
7,1,6,5,7010605,,Природная стихия,Ледяной дождь гололедно-изморозевое отложение,Нефтепровод,,Ледяной дождь нефтепровод,НЕТ В ЕКП,MCHS,,Прочие происшествия,,,,,,,,Природные и экологические катастрофы,,Травма,,,,Карточка-112,,,,,,,,,,,,,,,,,,,,,,,,,,,,,,,,,,,,,,,,,,,,,,карточка-112,карточка-112,,,,,,карточка-112,,карточка-112,карточка-112,,,,,,,,,,,,,,,,,,,
7,1,6,6,7010606,,Природная стихия,Ледяной дождь гололедно-изморозевое отложение,Прочее,"В: Уточнить, что конкретно",Ледяной дождь прочее,НЕТ В ЕКП,MCHS,,,,,,,,,,Природные и экологические катастрофы,,,,,,,,,,,,,,,,,,,,,,,,,,,,,,,,,,,,,,,,,,,,,,,,,,,,карточка-112,карточка-112,,,,,,карточка-112,,карточка-112,,,,,,,,,,,карточка-112,,,,,,,,,
7,1,7,0,7010700,,Природная стихия,Оползень селевой поток снежная лавина,,,Оползень селевой поток снежная лавина,НЕТ В ЕКП,MCHS,,Прочие происшествия,,,,,,,,Природные и экологические катастрофы,,Травма,,,,Карточка-112,,,,,,,,,,,,,,,,,,,,,,,,,,Провалы грунта с угрозой людям,,,,,,,,,,,,,,,,,,,,карточка-112,карточка-112,,,,,,карточка-112,,карточка-112,карточка-112,,,,,,,,,,карточка-112,,,,,,,,,
7,1,8,0,7010800,,Природная стихия,Лед скопление ледостав ледоход,,,Лед скопление ледостав ледоход,НЕТ В ЕКП,MCHS,,Прочие происшествия,,,,,,,,Природные и экологические катастрофы,,Травма,,,,Карточка-112,,,,,,,,,,,,,,,,,,,,,,,,,,,,,,,,,,,,,,,,,,,,,,карточка-112,карточка-112,,,,,,карточка-112,,карточка-112,,,,,,,,,,,карточка-112,,,,,,,,,
7,1,9,0,7010900,,Природная стихия,Туман плохая видимость,,В: видимость менее 50 м?,Туман плохая видимость,НЕТ В ЕКП,MCHS,,Прочие происшествия,,,,,,,,Природные и экологические катастрофы,,Травма,,,,Карточка-112,,,,,,,,,,,,,,,,,,,,,,,,,,Туман плохая видимость,,,,,,,,,,,,,,,,,,,,карточка-112,карточка-112,,,,,,карточка-112,,карточка-112,,,,,,,карточка-112,,,,карточка-112,,,,,,,,,
7,1,10,0,7011000,,Природная стихия,Прочие явления,,,Прочие природные явления,НЕТ В ЕКП,MCHS,,Прочие происшествия,,,,,,,,Природные и экологические катастрофы,,Травма,,,,Карточка-112,,,,,,,,,,,,,,,,,,,,,прочее,,,,,,,,,,,,,,,,карточка-112,,,,,,,,,карточка-112,карточка-112,,,,,,карточка-112,,карточка-112,,,,,,,карточка-112,,,,карточка-112,,,,,,,,,
7,1,11,0,7011100,,Природная стихия,"Повреждение автомашины в результате падения дерева, предмета и т.д.",,,Повреждение автомашины (стихия),Повреждение автомобиля в результате падения предмета либо действий людей,MCHS,,деблокация,,,,,,Повреждение автомобиля в результате падения предмета либо действий людей,,,,Травма,,,,,Карточка-112,карточка-112,Карточка-112,Карточка-112,,,,,,,,,,,,,,,,,,,,,,,,,,карточка-112,,,,,,,,,,,,,,,,,,,,,,,карточка-112,,карточка-112,,,,,,,карточка-112,,,,,,,,,,,,,
7,2,1,0,7020100,Скопление воды Подтопление Паводок,Скопление воды,Паводок разлив,,"В: Река ручей водоем озеро пруд; В: близость объектов и жилых домов, кладбищ",Подтопление территорий      ,Подтопление территорий                                                   ,MCHS,Подтопление территорий,,Подтопление территорий,,,,,,,Природные и экологические катастрофы,,Травма,,,,,Карточка-112,карточка-112,Карточка-112,Карточка-112,,,,,,,,Карточка-112,,карточка-112,карточка-112,,,,,,ПОДТОПЛЕНИЕ,,,,,Подтопление территорий,,,,карточка-112,карточка-112,,,карточка-112,,,карточка-112,карточка-112,,,,,,,,карточка-112,карточка-112,,,,,,карточка-112,,карточка-112,карточка-112,,,,Подтопление территорий      ,карточка-112,карточка-112,,,,,карточка-112,карточка-112,,,,,,,
7,2,2,0,7020200,,Скопление воды,Населенный пункт квартал улица,,В: наличие кладбищ,Подтопление населенный пункт,Подтопление территорий                                                   ,MCHS,Подтопление территорий,,Подтопление территорий,,,,,,,Природные и экологические катастрофы,,Травма,,,,Карточка-112,Карточка-112,карточка-112,Карточка-112,Карточка-112,,,,,,,,Карточка-112,,,,,,,,,ПОДТОПЛЕНИЕ,,,,,Подтопление территорий,,,,карточка-112,карточка-112,,,карточка-112,,,карточка-112,,,,,,,,,карточка-112,карточка-112,,,,,,карточка-112,,карточка-112,карточка-112,,,,,,,,,,карточка-112,,,,,,,,,
7,2,3,0,7020300,,Скопление воды,Здания сооружения,,,Подтопление зданий,Подтопление зданий и сооружений                                   ,MCHS,Подтопление зданий и сооружений,,Подтопление зданий и сооружений,,,,,,,Природные и экологические катастрофы,,Травма,,,,,Карточка-112,карточка-112,Карточка-112,Карточка-112,,,,,,,,Карточка-112,,карточка-112,карточка-112,карточка-112,,,Карточка-112,,подтопление строений,,,,,Подтопление зданий и сооружений,,,,карточка-112,карточка-112,,,карточка-112,,,карточка-112,карточка-112,,,,,,,,карточка-112,карточка-112,,,,,,карточка-112,,карточка-112,,,,,Подтопление зданий,карточка-112,карточка-112,,,,,,,,,,,,,
7,2,4,0,7020400,,Скопление воды,Двор тротуар газон,,,Подтопление двор тротуар газон,Подтопление зданий и сооружений                                   ,MCHS,Подтопление зданий и сооружений,,Подтопление зданий и сооружений,,,,,,,Природные и экологические катастрофы,,Травма,,,,,Карточка-112,карточка-112,Карточка-112,Карточка-112,,,,,,,,Карточка-112,,,,,,,Карточка-112,,подтопление строений,,,,,Подтопление зданий и сооружений,,,,карточка-112,карточка-112,,,карточка-112,,,карточка-112,карточка-112,,,,,,,,карточка-112,карточка-112,,,,,,карточка-112,,карточка-112,,,,,Подтопление населенный пункт,карточка-112,карточка-112,,,,,,,,,,,,,
7,2,5,0,7020500,,Скопление воды,Проезжая часть,,,Подтопление проезжей части,Подтопление проезжей части,MCHS,,Подтопление зданий и сооружений,,,,Подтопление зданий и сооружений,,,,Природные и экологические катастрофы,,Травма,,,,,Карточка-112,карточка-112,Карточка-112,Карточка-112,,,,карточка-112,,,карточка-112,Карточка-112,,карточка-112,,,,,,,ПОДТОПЛЕНИЕ,,,,,Подтопление проезжей части,,,,карточка-112,,,,,,,карточка-112,,,,,,,,,карточка-112,карточка-112,карточка-112,,,,,карточка-112,,карточка-112,карточка-112,,,,,,карточка-112,,,карточка -112,,,,,,,,,,
7,2,6,0,7020600,,Скопление воды,Мост эстакада подземный переход тоннель,,,Подтопление мост эстакада подземный переход тоннель,Скопление воды затопление путей тоннелей,MCHS,Подтопление зданий и сооружений,,Подтопление зданий и сооружений,,,,,,,Природные и экологические катастрофы,,Травма,,,,,Карточка-112,карточка-112,Карточка-112,Карточка-112,,,,карточка-112,,,карточка-112,Карточка-112,,карточка-112,карточка-112,,,,,,,,,,,"Скопление воды, затопление путей, тоннелей",,,,карточка-112,карточка-112,,,,,,,,,,,,,,,карточка-112,карточка-112,карточка-112,,,,,карточка-112,,карточка-112,карточка-112,,,,,,карточка-112,,,карточка -112,карточка-112,,,,,,,,,
7,2,7,0,7020700,,Скопление воды,"Метро (переход, станция, тоннель)",,,Подтопление метро,Подтопление сооружений метрополитена,MCHS,Подтопление зданий и сооружений,,Подтопление зданий и сооружений,,,,,,,Природные и экологические катастрофы,,Травма,,,,,Карточка-112,карточка-112,Карточка-112,Карточка-112,,,,карточка-112,,,,Карточка-112,,,,,,,,Карточка-112,Подтопление сооружений метрополитена,,,,,Подтопление сооружений метрополитена,,,,карточка-112,,,,,,,карточка-112,,,,,,,,,карточка-112,карточка-112,карточка-112,карточка-112,,,,карточка-112,,карточка-112,карточка-112,,,,,,карточка-112,,,карточка -112,карточка-112,,,,,,,,,
7,2,8,0,7020800,,Скопление воды,"МЦК (переход, станция, тоннель)",,,Подтопление МЦК,Скопление воды затопление путей тоннелей,MCHS,Подтопление зданий и сооружений,,Подтопление зданий и сооружений,,,,,,,Природные и экологические катастрофы,,Травма,,,,,Карточка-112,карточка-112,Карточка-112,Карточка-112,,,,карточка-112,,,карточка-112,Карточка-112,,карточка-112,карточка-112,,,,,Карточка-112,Подтопление сооружений метрополитена,,,,,"Скопление воды, затопление путей, тоннелей",,,,карточка-112,,карточка-112,,,,,,,,,,,,,,карточка-112,карточка-112,карточка-112,карточка-112,,,,карточка-112,,карточка-112,карточка-112,,,,,,карточка-112,,,карточка -112,карточка-112,,,,,,,,,
7,2,9,0,7020900,,Скопление воды,Газопровод газохранилище,,,Подтопление газопровод,Подтопление зданий и сооружений                                   ,MCHS,Подтопление зданий и сооружений,,Подтопление зданий и сооружений,,,,,,,Природные и экологические катастрофы,,Травма,,Прорыв теплосети (водопровода),,,Карточка-112,карточка-112,Карточка-112,Карточка-112,,,карточка-112,,,,,Карточка-112,,карточка-112,карточка-112,карточка-112,,,Карточка-112,,подтопление строений,,,,,Подтопление зданий и сооружений,,,,карточка-112,,,,карточка-112,,,карточка-112,карточка-112,,,,,,,,карточка-112,карточка-112,,,,,,карточка-112,,карточка-112,карточка-112,,,,,,,,,,,,,карточка-112,,,,,,
7,2,10,0,7021000,,Скопление воды,Нефтепровод нефтехранилище,,,Подтопление нефтепровод,Подтопление зданий и сооружений                                   ,MCHS,Подтопление зданий и сооружений,,Подтопление зданий и сооружений,,,,,,,Природные и экологические катастрофы,,Травма,,,,,Карточка-112,карточка-112,Карточка-112,Карточка-112,,,,,,,,Карточка-112,,,,,,,Карточка-112,,подтопление строений,,,,,Подтопление зданий и сооружений,,,,карточка-112,,,,карточка-112,,,карточка-112,карточка-112,,,,,,,,карточка-112,карточка-112,,,,,,карточка-112,,карточка-112,карточка-112,,,,,,,,,,,,,,,,,,,
7,2,11,0,7021100,,Скопление воды,Коммуникации подземные наземные,,,Подтопление коммуникации подземные наземные,Подтопление зданий и сооружений                                   ,MCHS,Подтопление зданий и сооружений,,Подтопление зданий и сооружений,,,,,,,Природные и экологические катастрофы,,Травма,,,,,Карточка-112,карточка-112,Карточка-112,Карточка-112,,,,,,,,Карточка-112,,карточка-112,карточка-112,карточка-112,,,Карточка-112,,подтопление строений,карточка-112,,,,Подтопление зданий и сооружений,,,,карточка-112,карточка-112,,,карточка-112,,,карточка-112,карточка-112,,,,,,,,карточка-112,карточка-112,,,,,,карточка-112,,карточка-112,карточка-112,,,,,,,,,,,,,карточка-112,,,,,,
7,2,12,0,7021200,,Скопление воды,Котлован,,,Подтопление котлована,Поступает вода в котлован строителей,,,,,,,,,,,Природные и экологические катастрофы,,Травма,,,,,Карточка-112,карточка-112,Карточка-112,Карточка-112,,,,,,,,Карточка-112,,,,,,,,,Поступает вода в котлован строителей,,,,,,,,,карточка-112,,,,,,,карточка-112,,,,,,,,,карточка-112,карточка-112,,карточка-112,,,,карточка-112,,карточка-112,,,,,Подтопление котлована,карточка-112,,,,,карточка-112,,,,Карточка-112,,,,,
7,2,13,0,7021300,,Скопление воды,Промоина размыта земля,,,Промоина размыта земля,Промоина,MCHS,Провалы грунта,,Провалы грунта,,,,,,,Природные и экологические катастрофы,,Травма,,,,,Карточка-112,карточка-112,Карточка-112,Карточка-112,,,карточка-112,,,,карточка-112,Карточка-112,,карточка-112,карточка-112,,,,,,Промоина,,,,,Промоина,,,,карточка-112,карточка-112,,,,,,,карточка-112,,,,,,,,карточка-112,карточка-112,,карточка-112,,,,карточка-112,,карточка-112,,,,,,,,,,,карточка-112,,,,,,,,,
7,2,14,0,7021400,,Скопление воды,Прочие объекты,,,Подтопление прочие объекты,Подтопление зданий и сооружений                                   ,MCHS,Подтопление зданий и сооружений,,Подтопление зданий и сооружений,,,,,,,Природные и экологические катастрофы,,Травма,,,,Карточка-112,Карточка-112,карточка-112,Карточка-112,Карточка-112,,,,,,,,Карточка-112,,карточка-112,карточка-112,карточка-112,,,Карточка-112,,подтопление строений,,,,,Подтопление зданий и сооружений,,,,карточка-112,карточка-112,,,карточка-112,,,карточка-112,карточка-112,,,,,,карточка-112,,карточка-112,карточка-112,,,,,,карточка-112,,карточка-112,,,,,Подтопление прочие объекты,карточка-112,,,,,,,,,Карточка-112,,,,,
,,,,8,Экологические происшествия,,,,,,,,,,,,,,,,,,,,,,,,,,,,,,,,,,,,,,,,,,,,,,,,,,,,,,,,,,,,,,,,,,,,,,,,,,,,,,,,,,,,,,,,,,,,,,,,,,
8,1,1,0,8010100,Нарушение экологии  в акваториях и на берегах водоемов,Грязь отходы мусор ,"Водоем с заметным течением - река,канал, ручей, водохранилище и т.д.",,,Грязь отходы мусор в акватории реки,Экологическое правонарушение,,,,,,,,,,,,,,,,,,Карточка-112,Карточка-112,Карточка-112,Карточка-112,,,,,,,,карточка-112,,,,,карточка-112,,,,,,,,,,,,,карточка-112,,,,,,,карточка-112,карточка-112,,,,,,,карточка-112,,,,,,,,карточка-112,,карточка-112,,,,,,,,,,,,,,,,,,,,
8,1,1,1,8010101,,Грязь отходы мусор ,"Водоем с заметным течением - река,канал, ручей, водохранилище и т.д.",Сливают сбрасывают в данный момент,,Грязь отходы мусор в акватории реки - сбрасывают сейчас,Экологическое правонарушение,,,,,,,,,Экологическое правонарушение,,,,,,,,,Карточка-112,Карточка-112,Карточка-112,Карточка-112,,,,,,,,карточка-112,,,,,карточка-112,,,,,,,,,,,,,карточка-112,,,,,,,карточка-112,карточка-112,,,,,,,карточка-112,,,,,,,,карточка-112,,карточка-112,,,,,,,,,,,,,,,,,,,,
8,1,2,0,8010200,,Грязь отходы мусор ,"Водоем со слабым течением - пруд, озеро и т.д.",,,Грязь отходы мусор в акватории озера,Экологическое правонарушение,,,,,,,,,,,,,,,,,,Карточка-112,Карточка-112,Карточка-112,Карточка-112,,,,,,,,карточка-112,,,,,,,,,,,,,,,,,,карточка-112,,,,,,,,карточка-112,,,,,,,карточка-112,,,,,,,,карточка-112,,карточка-112,,,,,,,,,,,,,,,,,,,,
8,1,2,1,8010201,,Грязь отходы мусор ,"Водоем со слабым течением - пруд, озеро и т.д.",Сливают сбрасывают в данный момент,,Грязь отходы мусор в акватории озера - сбрасывают сейчас,Экологическое правонарушение,,,,,,,,,Экологическое правонарушение,,,,,,,,,Карточка-112,Карточка-112,Карточка-112,Карточка-112,,,,,,,,карточка-112,,,,,карточка-112,,,,,,,,,,,,,карточка-112,,,,,,,,карточка-112,,,,,,,карточка-112,,,,,,,,карточка-112,,карточка-112,,,,,,,,,,,,,,,,,,,,
8,1,3,0,8010300,,Грязь отходы мусор ,Берег ,,,Грязь отходы мусор на берегу,Экологическое правонарушение,,,,,,,,,,,,,,,,,,Карточка-112,Карточка-112,Карточка-112,Карточка-112,,,,,,,,карточка-112,,,,,,,,,,,,,,,,,,карточка-112,,,,,,,,карточка-112,,,,,,,карточка-112,,,,,,,,карточка-112,,карточка-112,,,,,,,,,,,,,,,,,,,,
8,1,3,1,8010301,,Грязь отходы мусор ,Берег ,Сливают сбрасывают в данный момент,,Грязь отходы мусор на берегу - сбрасывают сейчас,Экологическое правонарушение,,,,,,,,,Экологическое правонарушение,,,,,,,,,Карточка-112,Карточка-112,Карточка-112,Карточка-112,,,,,,,,карточка-112,,,,,карточка-112,,,,,,,,,,,,,карточка-112,,,,,,,,карточка-112,,,,,,,карточка-112,,,,,,,,карточка-112,,карточка-112,,,,,,,,,,,,,,,,,,,,
8,2,1,0,8020100,,Цветное пятно химическая пленка,"Водоем с заметным течением - река,канал, ручей, водохранилище и т.д.",,,Цветное пятно химическая пленка в акватории реки,Загрязнение акватории реки. ,MCHS,Загрязнение акватории реки,,Загрязнение акватории реки,,,,,,,,,Травма,нет реагирования,,,,Карточка-112,Карточка-112,Карточка-112,Карточка-112,,,,,,,,карточка-112,,,,,карточка-112,,,,,,,,,,,,,карточка-112,,,,карточка-112,,,карточка-112,карточка-112,,,,,,,,карточка-112,карточка-112,,,,,,карточка-112,,карточка-112,,,,,,,карточка-112,,,,,карточка-112,карточка-112,,,,,,,
8,2,1,1,8020101,,Цветное пятно химическая пленка,"Водоем с заметным течением - река,канал, ручей, водохранилище и т.д.",Сливают сбрасывают в данный момент,,Цветное пятно химическая пленка в акватории реки - сбрасывают сейчас,Загрязнение акватории реки. ,MCHS,Загрязнение акватории реки,,Загрязнение акватории реки,,,,,Экологическое правонарушение,,,,Травма,нет реагирования,,,,Карточка-112,Карточка-112,Карточка-112,Карточка-112,,,,,,,,карточка-112,,,,,карточка-112,,,,прочее,,,,,,,,,карточка-112,,,,карточка-112,,,карточка-112,карточка-112,,,,,,,,карточка-112,карточка-112,,,,,,карточка-112,,карточка-112,,,,,,,карточка-112,,,,,карточка-112,карточка-112,,,,,,,
8,2,2,0,8020200,,Цветное пятно химическая пленка,"Водоем со слабым течением - пруд, озеро и т.д.",,,Цветное пятно химическая пленка в акватории озера, Загрязнение акватории озера,MCHS,Загрязнение акватории озера,,Загрязнение акватории озера,,,,,,,,,Травма,нет реагирования,,,,Карточка-112,Карточка-112,Карточка-112,Карточка-112,,,,,,,,карточка-112,,,,,карточка-112,,,,,,,,,,,,,карточка-112,,,,карточка-112,,,,карточка-112,,,,,,,,карточка-112,карточка-112,,,,,,карточка-112,,карточка-112,,,,,,,,,,,,карточка-112,карточка-112,,,,,,,
8,2,2,1,8020201,,Цветное пятно химическая пленка,"Водоем со слабым течением - пруд, озеро и т.д.",Сливают сбрасывают в данный момент,,Цветное пятно химическая пленка в акватории озера - сбрасывают сейчас, Загрязнение акватории озера,MCHS,Загрязнение акватории озера,,Загрязнение акватории озера,,,,,Экологическое правонарушение,,,,Травма,нет реагирования,,,,Карточка-112,Карточка-112,Карточка-112,Карточка-112,,,,,,,,карточка-112,,,,,карточка-112,,,,прочее,,,,,,,,,карточка-112,,,,карточка-112,,,карточка-112,карточка-112,,,,,,,,карточка-112,карточка-112,,,,,,карточка-112,,карточка-112,,,,,,,,,,,,карточка-112,карточка-112,,,,,,,
8,3,1,0,8030100,,"Нефтепродукты разлив (бензин, керосин, дизельное топливо, нефть, смазочные материалы, моторное масло) ","Водоем с заметным течением - река, канал, ручей и т.д.",,,Разлив нефтепродуктов в акватории реки,Разлив нефтепродуктов на акватории реки,MCHS,Разлив нефтепродуктов на акватории реки,,Разлив нефтепродуктов на акватории реки.,,,,,Экологическое правонарушение,,,,Травма,нет реагирования,,,,Карточка-112,Карточка-112,Карточка-112,Карточка-112,карточка-112,,,,,,,карточка-112,,,,,карточка-112,,,,,,,,,,,,,карточка-112,,,,карточка-112,,,карточка-112,карточка-112,,,,,,,,карточка-112,карточка-112,,,,,,карточка-112,,карточка-112,,,,,,,карточка-112,,,карточка -112,,,,,,,,,,
8,3,2,0,8030200,,"Нефтепродукты разлив (бензин, керосин, дизельное топливо, нефть, смазочные материалы, моторное масло) ","Водоем со слабым течением - пруд, озеро и т.д.",,,Разлив нефтепродуктов в акватории озера, Разлив нефтепродуктов на акватории озеро,MCHS,Разлив нефтепродуктов на акватории озера,,Разлив нефтепродуктов на акватории озера,,,,,Экологическое правонарушение,,,,Травма,нет реагирования,,,,Карточка-112,Карточка-112,Карточка-112,Карточка-112,,,,,,,,карточка-112,,,,,карточка-112,,,,,,,,,,,,,карточка-112,,,,карточка-112,,,,карточка-112,,,,,,,,карточка-112,карточка-112,,,,,,карточка-112,,карточка-112,,,,,,,,,,,,,,,,,,,,
8,4,0,0,8040000,,Рыба гибель массовая,,,,Массовая гибель рыбы,Массовая гибель рыбы,MCHS,,,Массовая гибель рыбы,,,,,,Экологическое правонарушение,,,Травма,нет реагирования,,,,Карточка-112,Карточка-112,Карточка-112,Карточка-112,,,,,,,,карточка-112,,,,,карточка-112,,,,,,,,,,,,,карточка-112,,,,карточка-112,,,,карточка-112,,,,,,,,карточка-112,карточка-112,,,,,,карточка-112,,карточка-112,,,,,,,,,,,,,,,,,,,,
8,5,0,0,8050000,,Прочие экологические нарушения,,,,Другие нарушения на водоеме,Экологическое правонарушение,,,,,,,,,Экологическое правонарушение,,,,,,,,,Карточка-112,Карточка-112,Карточка-112,Карточка-112,,,,,,,,карточка-112,,,,,,,,,,,,,,,,,,карточка-112,,,,,,,,карточка-112,,,,,,,карточка-112,,,,,,,,карточка-112,,карточка-112,,,,,,,,,,,,,,,,,,,,
8,99,1,0,8990100,Экологические правонарушения,Экологическое правонарушение,От Службы 102,,,Экологическое правонарушение,,,,,,,,,,,,,,,,,,,,,,,,,,,,,,,,,,,,,,,,,,,,,,,,,,,,,,,,карточка-112,,,карточка-112,,,,,карточка-112,карточка-112,,,,,,карточка-113,,карточка-112,,,,,,,,,,,,,,,,,,,,
,,,,9,Аварии на гидротехнических сооружениях,,,,,,,,,,,,,,,,,,,,,,,,,,,,,,,,,,,,,,,,,,,,,,,,,,,,,,,,,,,,,,,,,,,,,,,,,,,,,,,,,,,,,,,,,,,,,,,,,,
9,1,0,0,9010000,Аварии на гидротехнических сооружениях,Без прорыва напорного фронта,,,В:Плотина гидроэлектростанция шлюз дамба насосная станция канал сооружение для защиты от наводнений прочие объекты,Гидродинамическая авария без прорыва напорного фронта,Гидродинамические аварии                ,MCHS,Гидродинамические аварии,,Гидродинамические аварии,,,,Гидродинамические аварии                ,Аварии в городском хозяйстве,,,,Травма,нет реагирования,Прорыв теплосети (водопровода),,,карточка-112,карточка-112,карточка-112,карточка-112,,,карточка-112,,,,,карточка-112,,,,,карточка-112,,,,,,,,,Гидродинамические аварии,,Авария (катастрофа) техногенного или природного характера,Авария (катастрофа) техногенного или природного характера,карточка-112,,,,карточка-112,,карточка -112,,,,,,,,,,карточка-112,карточка-112,,,,,,,,карточка-112,,,,,,,,,,,карточка-112,,,,,,,,,
9,2,0,0,9020000,,Прорыв напорного форнта ,,,В: Плотина гидроэлектростанция шлюз дамба насосная станция канал сооружение для защиты от наводнений прочие объекты,Гидродинамическая авария с прорывом напорного фронта,Гидродинамические аварии                ,MCHS,Гидродинамические аварии,,Гидродинамические аварии,,,,Гидродинамические аварии                ,Аварии в городском хозяйстве,,,,Травма,нет реагирования,Прорыв теплосети (водопровода),,карточка-112,карточка-112,карточка-112,карточка-112,карточка-112,,,карточка-112,,,,,карточка-112,,,,,карточка-112,,,,,,,,,Гидродинамические аварии,,Авария (катастрофа) техногенного или природного характера,Авария (катастрофа) техногенного или природного характера,карточка-112,,,,карточка-112,,карточка -112,,,,,,,,,,карточка-112,карточка-112,,,,,,,,карточка-112,карточка-112,,,,,,,,,,карточка-112,,,,,,,,,
,,,,10,Аварии на опасных и производственных объектах,,,,,,,,,,,,,,,,,,,,,,,,,,,,,,,,,,,,,,,,,,,,,,,,,,,,,,,,,,,,,,,,,,,,,,,,,,,,,,,,,,,,,,,,,,,,,,,,,,
10,1,1,0,10010100,Авария - опасный и производственный объект,Авария - опасный объект,Химический опасный  производство переработка хранение АХОВ,,,Авария АХОВ,Аварии при переработке АХОВ,MCHS,Аварии при переработке АХОВ,,Аварии при переработке АХОВ,,,,,Аварии в городском хозяйстве,,,,Отравление,,,,Карточка-112,Карточка-112,Карточка-112,Карточка-112,Карточка-112,карточка-112,,,,,,карточка-112,Карточка-112,,,,,,,,,,,,,,Аварии при переработке АХОВ,,Авария (катастрофа) техногенного или природного характера,Авария (катастрофа) техногенного или природного характера,карточка-112,,,карточка-112,,,карточка -112,,карточка-112,,,,,,карточка-112,,карточка-112,карточка-112,,,,,,карточка-112,,карточка-112,карточка-112,,,,,,карточка-112,,,карточка -112,,карточка-112,карточка-112,,,,,,,
10,1,2,0,10010200,,Авария - опасный объект,Биологический,,,Авария на биологически опасном объекте,Аварии на биологически опасных объектах ,MCHS,Аварии на биологически опасных объектах,,Аварии на биологически опасных объектах,,,,,Аварии в городском хозяйстве,,,,Отравление,,,,Карточка-112,,,,,карточка-112,,,,,,Карточка-112,Карточка-112,,,,,,,,,,,,,,Аварии на биологически опасных объектах ,,Авария (катастрофа) техногенного или природного характера,Авария (катастрофа) техногенного или природного характера,карточка-112,,,,,карточка-112,карточка -112,,карточка-112,,,,,,,карточка-112,карточка-112,карточка-112,,,,,,карточка-112,,карточка-112,карточка-112,,,,,,карточка-112,,,карточка -112,,карточка-112,карточка-112,,,,,,,
10,1,3,0,10010300,,Авария - опасный объект,Взрывопожарный,,,Авария на взрывопожароопасном объекте,Аварии на взрывопожароопасных объектах,MCHS,Аварии на взрывопожароопасных объектах,,Аварии на взрывопожароопасных объектах,,,,,Аварии в городском хозяйстве,,,,Травма,,,,Карточка-112,,,,,карточка-112,,,,,,карточка-112,Карточка-112,,,,,,,,,,карточка-112,,,,Аварии на взрывопожароопасных объектах,,Авария (катастрофа) техногенного или природного характера,Авария (катастрофа) техногенного или природного характера,карточка-112,,,,,,карточка -112,,карточка-112,,,,,,,карточка-112,карточка-112,карточка-112,,,,,,карточка-112,,карточка-112,карточка-112,,,,,,карточка-112,,,карточка -112,,,,карточка-112,,,,,,
10,1,4,0,10010400,,Авария - опасный объект,Газопровод  газохранилище,,,"Авария газопровод, газохранилище",Аварии на газопроводах,MCHS,"Аварии на газо-, нефте-, продуктопроводах",,"Аварии на газо-, нефте-, продуктопроводах",,,,,Аварии в городском хозяйстве,,,,Травма,,Повреждение газопровода высокого или среднего давления,,Карточка-112,Карточка-112,Карточка-112,Карточка-112,Карточка-112,карточка-112,,Карточка-112,,,,Карточка-112,Карточка-112,,,,,,,,,,карточка-112,,,,Аварии на газопроводах,карточка-112,Авария (катастрофа) техногенного или природного характера,Авария (катастрофа) техногенного или природного характера,карточка-112,карточка-112,,,,,карточка-112,,карточка-112,,,,,,,,карточка-112,карточка-112,,,,,,карточка-112,,карточка-112,карточка-112,,,,,,,,,карточка -112,,,,карточка-112,,,,,,
10,1,5,0,10010500,,Авария - опасный объект,Газопровод  коммунальный,,,Авария коммунальный газопровод   ,Аварии на коммунальных газопроводах   ,MCHS,Аварии на коммунальных газопроводах,,Аварии на коммунальных газопроводах,,,,,Аварии в городском хозяйстве,,,,Травма,,Повреждение газопровода высокого или среднего давления,,,Карточка-112,Карточка-112,Карточка-112,Карточка-112,,,Карточка-112,,,,Карточка-112,Карточка-112,,,,,,,,,,,,,,Аварии на коммунальных газопроводах,,Авария (катастрофа) техногенного или природного характера,Авария (катастрофа) техногенного или природного характера,карточка-112,,,,,,карточка-112,,карточка-112,,,,,,,,карточка-112,карточка-112,,,,,,карточка-112,,карточка-112,карточка-112,,,,,,,,,карточка -112,,,,,,,,,,
10,1,6,0,10010600,,Авария - опасный объект,Нефтепровод нефтехранилище,,,"Авария нефтепровод, нефтехранилище","Аварии на нефте-, продуктопроводах   ",MCHS,"Аварии на газо-, нефте-, продуктопроводах",,"Аварии на газо-, нефте-, продуктопроводах",,,,,Аварии в городском хозяйстве,,,,Травма,,Повреждение газопровода высокого или среднего давления,,,Карточка-112,Карточка-112,Карточка-112,Карточка-112,карточка-112,,Карточка-112,,,,Карточка-112,Карточка-112,,,,,,,,,,,,,,"Аварии на нефте-, продуктопроводах",,Авария (катастрофа) техногенного или природного характера,Авария (катастрофа) техногенного или природного характера,карточка-112,,,,,,карточка-112,,карточка-112,,,,,,,,карточка-112,карточка-112,,,,,,карточка-112,,карточка-112,карточка-112,,,,,,,,,карточка -112,,,,,,,,,,
10,1,7,0,10010700,,Авария - опасный объект,Прочие объекты,,,Авария на опасном объекте (прочее),Аварии на химически опасных объектах,MCHS,Аварии на химически опасных объектах,,Аварии на химически опасных объектах,,,,,Аварии в городском хозяйстве,,,,Травма,,,,Карточка-112,,,,,карточка-112,,,,,,Карточка-112,Карточка-112,,,,,,,,,,,,,,Аварии на химически опасных объектах,,Авария (катастрофа) техногенного или природного характера,Авария (катастрофа) техногенного или природного характера,карточка-112,,,карточка-112,,,карточка -112,,карточка-112,карточка-112,,,,,,карточка-112,карточка-112,карточка-112,,,,,,карточка-112,,карточка-112,карточка-112,,,,,,карточка-112,,,карточка -112,,карточка-112,карточка-112,карточка-112,,,,,,
10,1,8,0,10010800,,Авария - опасный объект,"Мусорный полигон, свалка",,,Авария в хранилище отходов,Аварии при перепол.хранилищ пром/быт.отход.,MCHS,Аварии при хранении АХОВ,,Аварии при хранении АХОВ,,,,,,,Аварии в городском хозяйстве,,Травма,,,,,Карточка-112,Карточка-112,Карточка-112,Карточка-112,,,,,,,Карточка-112,Карточка-112,,,,,,,,,,,,,,Аварии при перепол.хранилищ пром/быт.отход.,,Авария (катастрофа) техногенного или природного характера,Авария (катастрофа) техногенного или природного характера,карточка-112,,,,карточка-112,,карточка -112,,карточка-112,,,,,,,,карточка-112,карточка-112,,,,,,карточка-112,,карточка-112,карточка-112,,,,,,,,,карточка -112,,,,,,,,,,
10,2,1,0,10020100,,Выброс / разлитие,АХОВ,,,Выброс АХОВ,Выброс АХОВ,MCHS,Аварии при хранении АХОВ,,Аварии при хранении АХОВ,,,,,Аварии в городском хозяйстве,,,,Травма,,,,Карточка-112,Карточка-112,Карточка-112,Карточка-112,Карточка-112,,,,,,,карточка-112,Карточка-112,,,,,,,,,,,,,,Выброс АХОВ,,Авария (катастрофа) техногенного или природного характера,Авария (катастрофа) техногенного или природного характера,карточка-112,,,карточка-112,,карточка-112,карточка -112,,карточка-112,,,,,,карточка-112,,карточка-112,карточка-112,,,,,,карточка-112,,карточка-112,карточка-112,,,,,,карточка-112,,,карточка -112,,карточка-112,карточка-112,,,,,,,
10,2,2,0,10020200,,Выброс / разлитие,БОВ,,,Выброс БОВ,Выброс БОВ,MCHS,Запах неизвестного газа с признаками СДЯВ,,Запах неизвестного газа с признаками СДЯВ,,,,,Аварии в городском хозяйстве,,,,Травма,,,,Карточка-112,Карточка-112,Карточка-112,Карточка-112,Карточка-112,карточка-112,,,,,,карточка-112,Карточка-112,,,,,,,,,,,,,,Выброс БОВ,,Авария (катастрофа) техногенного или природного характера,Авария (катастрофа) техногенного или природного характера,карточка-112,,,,,карточка-112,карточка -112,,карточка-112,,,,,,,,карточка-112,карточка-112,,,,,,карточка-112,,карточка-112,карточка-112,,,,,,карточка-112,,,карточка -112,,карточка-112,карточка-112,,,,,,,
10,2,3,0,10020300,,Выброс / разлитие,БИО,,,Выброс БИО,Выброс БИО агентов,MCHS,Запах неизвестного газа с признаками СДЯВ,,Запах неизвестного газа с признаками СДЯВ,,,,,Аварии в городском хозяйстве,,,,Травма,,,,Карточка-112,Карточка-112,Карточка-112,Карточка-112,Карточка-112,,,,,,,карточка-112,Карточка-112,,,,,,,,,,,,,,Выброс БИО агентов,,Авария (катастрофа) техногенного или природного характера,Авария (катастрофа) техногенного или природного характера,карточка-112,,,,,,карточка -112,,карточка-112,,,,,,,,карточка-112,карточка-112,,,,,,карточка-112,,карточка-112,карточка-112,,,,,,карточка-112,,,карточка -112,,карточка-112,карточка-112,,,,,,,
10,2,4,0,10020400,,Выброс / разлитие,Химических веществ,,,Разлитие химических веществ,Выброс/разлитие химических веществ,MCHS,Аварии при хранении АХОВ,,Аварии при хранении АХОВ,,,,,Аварии в городском хозяйстве,,,,Травма,,,Запах газа в квартире (помещении),Карточка-112,Карточка-112,Карточка-112,Карточка-112,Карточка-112,карточка-112,,,,,,карточка-112,Карточка-112,,,,,,,,,,,,,,Выброс/разлитие химических веществ,,Авария (катастрофа) техногенного или природного характера,Авария (катастрофа) техногенного или природного характера,карточка-112,,,,,,карточка -112,,карточка-112,,,,,,,карточка-112,карточка-112,карточка-112,,,,,,карточка-112,,карточка-112,карточка-112,,,,,,карточка-112,,,карточка -112,,карточка-112,карточка-112,,,,,,,
10,2,5,0,10020500,,Выброс / разлитие,Горючих веществ,,,Разлитие горючих веществ,Разлитие горючих веществ,MCHS,РАЗЛИВ ТОПЛИВА,,РАЗЛИВ ТОПЛИВА,,,,,Прочее,,,,Травма,,,,Карточка-112,,,,,,,,карточка-112,,,карточка-112,Карточка-112,,Карточка-112,Карточка-112,Карточка-112,,,,,,,,,,Разлитие горючих веществ,,Авария (катастрофа) техногенного или природного характера,Авария (катастрофа) техногенного или природного характера,карточка-112,,,,,,карточка -112,,карточка-112,,,,,,,,карточка-112,карточка-112,карточка-112,,,,,карточка-112,,карточка-112,карточка-112,,,,,,карточка-112,,,карточка -112,,,,,,,,,,
10,3,1,0,10030100,Радиация,Радиация,Заражение,,,Радиоактивное заражение,Радиоактивные заражения,MCHS,РАДИОАКТИВНЫЕ ЗАРАЖЕНИЯ,,РАДИОАКТИВНЫЕ ЗАРАЖЕНИЯ,,,,,Аварии в городском хозяйстве,,,,Травма,,,,Карточка-112,Карточка-112,Карточка-112,Карточка-112,Карточка-112,карточка-112,,,,,,карточка-112,Карточка-112,,,,,,,,,,,,,,Радиоактивные заражения,,Авария (катастрофа) техногенного или природного характера,Авария (катастрофа) техногенного или природного характера,карточка-112,,,карточка-112,карточка-112,карточка-112,карточка -112,,карточка-112,,,,,,,карточка-112,карточка-112,карточка-112,,,,,,карточка-112,,карточка-112,карточка-112,,,,Радиоактивное заражение,карточка-112,карточка-112,,,карточка -112,,карточка-112,карточка-112,,Карточка-112,,,,,
10,3,2,0,10030200,,Радиация,Выброс,,,Выброс радиации,Выброс радиоактивных веществ,MCHS,Угроза выброса радиоактивных веществ,,Угроза выброса радиоактивных веществ,,,,,Аварии в городском хозяйстве,,,,Травма,,,,Карточка-112,Карточка-112,Карточка-112,Карточка-112,Карточка-112,карточка-112,,,,,,карточка-112,Карточка-112,,,,,,,,,,,,,,Выброс радиоактивных веществ,,Авария (катастрофа) техногенного или природного характера,Авария (катастрофа) техногенного или природного характера,карточка-112,,,карточка-112,,карточка-112,карточка -112,,карточка-112,,,,,,,карточка-112,карточка-112,карточка-112,,,,,,карточка-112,,карточка-112,карточка-112,,,,,,карточка-112,,,карточка -112,,карточка-112,карточка-112,,,,,,,
10,3,3,0,10030300,,Радиация,Авария,,,Авария на радиактивно опасном объекте,Аварии на радиактивно опасных объектах,MCHS,Аварии на радиактивно опасных объектах,,Аварии на радиактивно опасных объектах,,,,,Аварии в городском хозяйстве,,,,Отравление,,,,Карточка-112,,,,,карточка-112,,,,,,карточка-112,Карточка-112,,,,,,,,,,,,,,Аварии на радиактивно опасных объектах,,Авария (катастрофа) техногенного или природного характера,Авария (катастрофа) техногенного или природного характера,карточка-112,,,карточка-112,,,карточка -112,,карточка-112,,,,,,,карточка-112,карточка-112,карточка-112,,,,,,карточка-112,,карточка-112,карточка-112,,,,,,карточка-112,,,карточка -112,,карточка-112,карточка-112,,,,,,,
10,3,4,0,10030400,,Радиация,Угроза выброса: Радиоактивное вещество,,"сработали измерительные приборы, заметили при обходе запах, трещина на трубе, коммунальная авария (нет света), которая может привести к необратимым последствиям - сообщение от специалиста, точное наименование объекта",Угроза выброса радиации,Угроза выброса радиоактивных веществ,MCHS,Угроза выброса радиоактивных веществ,,Угроза выброса радиоактивных веществ,,,,,Аварии в городском хозяйстве,,,,Плохо,,,,карточка-112,карточка-112,,,карточка-112,,,,,,,карточка-112,,,,,,,,,,,,,,,Угроза выброса радиоактивных веществ,,Авария (катастрофа) техногенного или природного характера,Авария (катастрофа) техногенного или природного характера,карточка-112,,,карточка-112,,карточка-112,карточка -112,,,,,,,,,карточка-112,карточка-112,карточка-112,,,,,,карточка-112,,карточка-112,карточка-112,,,,,,карточка-112,,,карточка -112,,карточка-112,карточка-112,,,,,,,
10,3,5,0,10030500,,Радиация,Угроза выброса: Радиационный фон превышение,,"сработали измерительные приборы, заметили при обходе запах, трещина на трубе, коммунальная авария (нет света), которая может привести к необратимым последствиям - сообщение от специалиста, точное наименование объекта",Превышение радиоактивного фона,Подозрение на превышение радиационного фона,MCHS,Подозрение на превышение радиационного фона,,Подозрение на превышение радиационного фона,,,,,Аварии в городском хозяйстве,Аварии в городском хозяйстве,Аварии в городском хозяйстве,,Плохо,,,,карточка-112,карточка-112,,,карточка-112,,,,,,,карточка-112,,,,,,,,,,,,,,,Подозрение на превышение радиационного фона,,Авария (катастрофа) техногенного или природного характера,Авария (катастрофа) техногенного или природного характера,карточка-112,,,карточка-112,,,карточка -112,,,,,,,,,карточка-112,карточка-112,карточка-112,,,,,,карточка-112,,карточка-112,карточка-112,,,,,,карточка-112,,,карточка -112,,карточка-112,карточка-112,,,,,,,
,,,,11,Угрозы выброса опасных веществ ,,,,,,,,,,,,,,,,,,,,,,,,,,,,,,,,,,,,,,,,,,,,,,,,,,,,,,,,,,,,,,,,,,,,,,,,,,,,,,,,,,,,,,,,,,,,,,,,,,
11,1,1,0,11010100,Угрозы выброса опасных веществ ,Опасное вещество - угроза выброса,Опасное вещество АХОВ,,"сработали измерительные приборы, заметили при обходе запах, трещина на трубе, коммунальная авария (нет света), которая может привести к необратимым последствиям - сообщение от специалиста, точное наименование объекта",Угроза выброса АХОВ,Угроза выброса АХОВ,MCHS,Угроза выброса АХОВ,,Угроза выброса АХОВ,,,,,,,,,Плохо,нет реагирования,,,карточка-112,карточка-112,,,карточка-112,,,,,,,карточка-112,,,,,,,,,,,,,,,Угроза выброса АХОВ,,Авария (катастрофа) техногенного или природного характера,Авария (катастрофа) техногенного или природного характера,карточка-112,,,карточка-112,,,,,,,,,,,карточка-112,карточка-112,карточка-112,карточка-112,,,,,,карточка-112,,карточка-112,карточка-112,,,,,,карточка-112,,,карточка -112,,карточка-112,карточка-112,,,,,,,
11,1,2,0,11010200,,Опасное вещество - угроза выброса,Боевое отравляющее вещество БОВ,,"сработали измерительные приборы, заметили при обходе запах, трещина на трубе, коммунальная авария (нет света), которая может привести к необратимым последствиям - сообщение от специалиста, точное наименование объекта",Угроза выброса БОВ,Угроза выброса АХОВ,MCHS,Угроза выброса АХОВ,,Угроза выброса АХОВ,,,,,,,,,Плохо,нет реагирования,,,карточка-112,карточка-112,,,карточка-112,,,,,,,карточка-112,,,,,,,,,,,,,,,Угроза выброса АХОВ,,Авария (катастрофа) техногенного или природного характера,Авария (катастрофа) техногенного или природного характера,карточка-112,,,карточка-112,,,,,карточка-112,,,,,,,карточка-112,карточка-112,карточка-112,,,,,,карточка-112,,карточка-112,карточка-112,,,,,,карточка-112,,,карточка -112,,карточка-112,карточка-112,,,,,,,
11,1,3,0,11010300,,Опасное вещество - угроза выброса,Биологический агент БИО,,"сработали измерительные приборы, заметили при обходе запах, трещина на трубе, коммунальная авария (нет света), которая может привести к необратимым последствиям - сообщение от специалиста, точное наименование объекта",Угроза выброса БИО,Угроза выброса АХОВ,MCHS,Угроза выброса АХОВ,,Угроза выброса АХОВ,,,,,,,,,Плохо,нет реагирования,,,карточка-112,карточка-112,,,карточка-112,,,,,,,карточка-112,,,,,,,,,,,,,,,Угроза выброса АХОВ,,Авария (катастрофа) техногенного или природного характера,Авария (катастрофа) техногенного или природного характера,карточка-112,,,карточка-112,,,,,карточка-112,,,,,,,карточка-112,карточка-112,карточка-112,,,,,,карточка-112,,карточка-112,карточка-112,,,,,,карточка-112,,,карточка -112,,карточка-112,карточка-112,,,,,,,
11,1,4,0,11010400,,Опасное вещество - угроза выброса,Угроза газовой атаки,,,Угроза газовой атаки,Угроза газовой атаки,MCHS,Угроза выброса АХОВ,,Угроза выброса АХОВ,,,,,Прочее,,,,Плохо,нет реагирования,,,,карточка-112,карточка-112,карточка-112,карточка-112,,,,,,,карточка-112,,,,,,,,,,,,,,,,,Авария (катастрофа) техногенного или природного характера,Авария (катастрофа) техногенного или природного характера,карточка-112,,,,,,,,,,,,,,,,карточка-112,карточка-112,,,,,,карточка-112,,карточка-112,карточка-112,,,,,,карточка-112,,,карточка -112,карточка-112,карточка-112,карточка-112,,,,,,,
11,1,5,0,11010500,,Опасное вещество - угроза выброса,Прочие опасные вещества,,"сработали измерительные приборы, заметили при обходе запах, трещина на трубе, коммунальная авария (нет света), которая может привести к необратимым последствиям - сообщение от специалиста, точное наименование объекта",Угроза выброса опасных веществ,Угроза выброса АХОВ,MCHS,Угроза выброса АХОВ,,Угроза выброса АХОВ,,,,,аварии в городском хозяйстве,,,,Плохо,нет реагирования,,,карточка-112,карточка-112,,,карточка-112,,,,,,,карточка-112,,,,,,,,,,,,,,,Угроза выброса АХОВ,,Авария (катастрофа) техногенного или природного характера,Авария (катастрофа) техногенного или природного характера,карточка-112,,,карточка-112,,,,,карточка-112,,,,,,,карточка-112,карточка-112,карточка-112,,,,,,карточка-112,,карточка-112,карточка-112,,,,,,карточка-112,,,карточка -112,,карточка-112,карточка-112,,,,,,,
11,2,1,0,11020100,Неизвестный неприятный запах,Неизвестный запах,Резь в глазах - от заявителя,,,Неизвестный запах (резь в глазах),Запах неизвестного газа с признаками СДЯВ,MCHS,Запах неизвестного газа с признаками СДЯВ,,Запах неизвестного газа с наличием пострадавших     ,,,,,,,,,"Боль в глазу, нарушение зрения",нет реагирования,,Запах газа в квартире (помещении),,карточка-112,карточка-112,карточка-112,карточка-112,,,карточка-112,,,,,карточка-112,,,,,,,,,,,,,,Запах неизвестного газа с признаками СДЯВ,,Авария (катастрофа) техногенного или природного характера,Авария (катастрофа) техногенного или природного характера,карточка-112,,,,,,,,карточка-112,,,,,,,,карточка-112,карточка-112,,,,,,карточка-112,,карточка-112,карточка-112,,,,,,карточка-112,,,,,карточка-112,карточка-112,,,,,,,
11,2,2,0,11020200,,Неизвестный запах,Слезотечение - от заявителя,,,Неизвестный запах (слезотечение),Запах неизвестного газа с признаками СДЯВ,MCHS,Запах неизвестного газа с признаками СДЯВ,,Запах неизвестного газа с наличием пострадавших     ,,,,,,,,,Плохо,нет реагирования,,Запах газа в квартире (помещении),,карточка-112,карточка-112,карточка-112,карточка-112,,,карточка-112,,,,,карточка-112,,,,,,,,,,,,,,Запах неизвестного газа с признаками СДЯВ,,Авария (катастрофа) техногенного или природного характера,Авария (катастрофа) техногенного или природного характера,карточка-112,,,,,,,,карточка-112,,,,,,,,карточка-112,карточка-112,,,,,,карточка-112,,карточка-112,карточка-112,,,,,,карточка-112,,,,,карточка-112,карточка-112,,,,,,,
11,2,3,0,11020300,,Неизвестный запах,Кашель першение в горле -- от заявителя,,,"Неизвестный запах (кашель, першение)",Запах неизвестного газа с признаками СДЯВ,MCHS,Запах неизвестного газа с признаками СДЯВ,,Запах неизвестного газа с наличием пострадавших     ,,,,,,,,,Кашель,нет реагирования,,Запах газа в квартире (помещении),,карточка-112,карточка-112,карточка-112,карточка-112,,,карточка-112,,,,,карточка-112,,,,,,,,,,,,,,Запах неизвестного газа с признаками СДЯВ,,Авария (катастрофа) техногенного или природного характера,Авария (катастрофа) техногенного или природного характера,карточка-112,,,,,,,,карточка-112,,,,,,,,карточка-112,карточка-112,,,,,,карточка-112,,карточка-112,карточка-112,,,,,,карточка-112,,,,,карточка-112,карточка-112,,,,,,,
11,2,4,0,11020400,,Неизвестный запах,Насморк - от заявителя,,,Неизвестный запах (насморк),Запах неизвестного газа с признаками СДЯВ,MCHS,Запах неизвестного газа с признаками СДЯВ,,Запах неизвестного газа с наличием пострадавших     ,,,,,,,,,Плохо,нет реагирования,,,,карточка-112,карточка-112,карточка-112,карточка-112,,,карточка-112,,,,,карточка-112,,,,,,,,,,,,,,Запах неизвестного газа с признаками СДЯВ,,Авария (катастрофа) техногенного или природного характера,Авария (катастрофа) техногенного или природного характера,карточка-112,,,,,,,,карточка-112,,,,,,,,карточка-112,карточка-112,,,,,,карточка-112,,карточка-112,карточка-112,,,,,,карточка-112,,,,,карточка-112,карточка-112,,,,,,,
11,2,5,0,11020500,,Неизвестный запах,Рвота - от заявителя,,,Неизвестный запах (рвота),Запах неизвестного газа с наличием пострадавших     ,MCHS,Запах неизвестного газа с наличием пострадавших,,Запах неизвестного газа с наличием пострадавших,,,,,,,,,Рвота,нет реагирования,,Запах газа в квартире (помещении),,карточка-112,карточка-112,карточка-112,карточка-112,,,карточка-112,,,,,карточка-112,,,,,,,,,,,,,,Запах неизвестного газа с наличием пострадавших,,Авария (катастрофа) техногенного или природного характера,Авария (катастрофа) техногенного или природного характера,карточка-112,,,,,,,,карточка-112,,,,,,,,карточка-112,карточка-112,,,,,,карточка-112,,карточка-112,карточка-112,,,,,,карточка-112,,,,,карточка-112,карточка-112,,,,,,,
11,2,6,0,11020600,,Неизвестный запах,Нарушение координации - от заявителя,,,Неизвестный запах (нарушение координации),Запах неизвестного газа с наличием пострадавших     ,MCHS,Запах неизвестного газа с наличием пострадавших,,Запах неизвестного газа с наличием пострадавших,,,,,,,,,Плохо,нет реагирования,,Запах газа в квартире (помещении),,карточка-112,карточка-112,карточка-112,карточка-112,,,карточка-112,,,,,карточка-112,,,,,,,,,,,,,,Запах неизвестного газа с наличием пострадавших,,Авария (катастрофа) техногенного или природного характера,Авария (катастрофа) техногенного или природного характера,карточка-112,,,,,,,,карточка-112,,,,,,,,карточка-112,карточка-112,,,,,,карточка-112,,карточка-112,карточка-112,,,,,,карточка-112,,,,,карточка-112,карточка-112,,,,,,,
11,2,7,0,11020700,,Неизвестный запах,Учащенное сердцебиение - от заявителя,,,Неизвестный запах (сердцебиение),Запах неизвестного газа с наличием пострадавших     ,MCHS,Запах неизвестного газа с наличием пострадавших,,Запах неизвестного газа с наличием пострадавших,,,,,,,,,Нарушение ритма сердца,нет реагирования,,,,карточка-112,карточка-112,карточка-112,карточка-112,,,,,,,,карточка-112,,,,,,,,,,,,,,Запах неизвестного газа с наличием пострадавших,,Авария (катастрофа) техногенного или природного характера,Авария (катастрофа) техногенного или природного характера,карточка-112,,,,,,,,карточка-112,,,,,,,,карточка-112,карточка-112,,,,,,карточка-112,,карточка-112,карточка-112,,,,,,карточка-112,,,,,карточка-112,карточка-112,,,,,,,
11,2,8,0,11020800,,Неизвестный запах,Судороги - от заявителя,,,Неизвестный запах (судороги),Запах неизвестного газа с наличием пострадавших     ,MCHS,Запах неизвестного газа с наличием пострадавших,,Запах неизвестного газа с наличием пострадавших,,,,,,,,,судороги,нет реагирования,,,,карточка-112,карточка-112,карточка-112,карточка-112,,,,,,,,карточка-112,,,,,,,,,,,,,,Запах неизвестного газа с наличием пострадавших,,Авария (катастрофа) техногенного или природного характера,Авария (катастрофа) техногенного или природного характера,карточка-112,,,,,,,,карточка-112,,,,,,,,карточка-112,карточка-112,,,,,,карточка-112,,карточка-112,карточка-112,,,,,,карточка-112,,,,,карточка-112,карточка-112,,,,,,,
11,2,9,0,11020900,,Неизвестный запах,Кожа покраснение зуд - от заявителя,,,"Неизвестный запах (зуд, покраснение кожи)",Запах неизвестного газа с наличием пострадавших     ,MCHS,Запах неизвестного газа с наличием пострадавших,,Запах неизвестного газа с наличием пострадавших,,,,,,,,,Плохо,нет реагирования,,,,карточка-112,карточка-112,карточка-112,карточка-112,,,,,,,,карточка-112,,,,,,,,,,,,,,Запах неизвестного газа с наличием пострадавших,,Авария (катастрофа) техногенного или природного характера,Авария (катастрофа) техногенного или природного характера,карточка-112,,,,,,,,карточка-112,,,,,,,,карточка-112,карточка-112,,,,,,карточка-112,,карточка-112,карточка-112,,,,,,карточка-112,,,,,карточка-112,карточка-112,,,,,,,
11,2,10,0,11021000,,Неизвестный запах,Неприятный химический запах ,,Что рядом?,Неизвестный химический запах,Запах неизвестного газа без признаков СДЯВ,MCHS,Запах неизвестного газа без признаков СДЯВ,,,Запах неизвестного газа без признаков СДЯВ,,,,,,,,Плохо,нет реагирования,,Запах газа в квартире (помещении),,карточка-112,карточка-112,карточка-112,карточка-112,,,карточка-112,,,,карточка-112,карточка-112,,,,,,,,,,,,,,,,Авария (катастрофа) техногенного или природного характера,Авария (катастрофа) техногенного или природного характера,карточка-112,,,,,,,,карточка-112,,,,,,,,карточка-112,карточка-112,,,,,,карточка-112,,карточка-112,,,,,,,карточка-112,,,карточка -112,,карточка-112,карточка-112,,,,,,,
11,2,11,0,11021100,,Неизвестный запах,Общее недомогание,,,Неизвестный запах (общее недомогание),Запах неизвестного газа с наличием пострадавших     ,MCHS,Запах неизвестного газа с наличием пострадавших,,Запах неизвестного газа с наличием пострадавших,,,,,прочее,,,,Плохо,нет реагирования,,Запах газа в квартире (помещении),карточка-112,карточка-112,карточка-112,карточка-112,карточка-112,,,карточка-112,,,,,карточка-112,,,,,,,,,,,,,,Запах неизвестного газа с наличием пострадавших,,Авария (катастрофа) техногенного или природного характера,Авария (катастрофа) техногенного или природного характера,карточка-112,,,,,,,,карточка-112,,,,,,,,карточка-112,карточка-112,,,,,,карточка-112,,карточка-112,карточка-112,,,,,,карточка-112,,,,,карточка-112,карточка-112,,,,,,,
11,2,12,0,11021200,,Неизвестный запах,Похож на запах сероводорода,,,Запах (похож на сероводород),Запах неизвестного газа без признаков СДЯВ,MCHS,Запах неизвестного газа без признаков СДЯВ,,,Запах неизвестного газа без признаков СДЯВ,,,,,,,,Плохо,нет реагирования,,,,карточка-112,карточка-112,карточка-112,карточка-112,,,,,,,,,,,,,,,,,,,,,,,,Авария (катастрофа) техногенного или природного характера,Авария (катастрофа) техногенного или природного характера,карточка-112,,,,,,,,карточка-112,,,,,,,,карточка-112,карточка-112,,,,,,карточка-112,,карточка-112,карточка-112,,,,,,карточка-112,,,,,,,,,,,,,
11,2,13,0,11021300,,Неизвестный запах,Мусорная свалка,,,Свалочный запах,Запах неизвестного газа без признаков СДЯВ,MCHS,Запах неизвестного газа без признаков СДЯВ,,,Запах неизвестного газа без признаков СДЯВ,,,,,,,,Плохо,нет реагирования,,,,карточка-112,карточка-112,карточка-112,карточка-112,,,,,,,,,,,,,,,,,,,,,,,,Авария (катастрофа) техногенного или природного характера,Авария (катастрофа) техногенного или природного характера,карточка-112,,,,,,,,карточка-112,,,,,,,,карточка-112,карточка-112,,,,,,карточка-112,,карточка-112,,,,,,,,,,,,,,,,,,,,
11,3,1,0,11030100,Обнаружение опасных веществ / объектов,Опасное вещество -обнаружение,Емкость подозрительная,,"В:Содержимое неизвестно, маркировка есть? Неизвестное химическое  вещество",Найдена емкость с подозрительным содержимым,Обнаружение агрессивных веществ,MCHS,Прочие происшествия,,Прочие происшествия,,,,,Подозрительный предмет,,,,Плохо,нет реагирования,,,карточка-112,,,,,,,,,,,карточка-112,,,,,,,,,,,,,,,Обнаружение агрессивных веществ,,Авария (катастрофа) техногенного или природного характера,Авария (катастрофа) техногенного или природного характера,карточка-112,,,,,,,,карточка-112,,,,,,,,карточка-112,карточка-112,,,,,,карточка-112,,карточка-112,карточка-112,,,,,,карточка-112,,,карточка -112,,карточка-112,карточка-112,,,,,,,
11,3,2,0,11030200,,Опасное вещество -обнаружение,Баллон газовый подозрительный или бесхозный,,,"Бесхозный, газовый баллон",Обнаружение агрессивных веществ,MCHS,Прочие происшествия,,Прочие происшествия,,,,,Подозрительный предмет,,,,Плохо,нет реагирования,,,карточка-112,,,,,,,,,,,карточка-112,,,,,,,,,,,,,,,Обнаружение агрессивных веществ,,Авария (катастрофа) техногенного или природного характера,Авария (катастрофа) техногенного или природного характера,карточка-112,,,,,,,,карточка-112,,,,,,,,карточка-112,карточка-112,,,,,,карточка-112,,карточка-112,карточка-112,,,,,,карточка-112,,,карточка -112,,,,,,,,,,
11,3,3,0,11030300,,Опасное вещество -обнаружение,Скотомогильник,,знают ли от какой болезни скотомогильник?,Обнаружен скотомогильник,Обнаружение агрессивных веществ,MCHS,Прочие происшествия,,Прочие происшествия,,,,,,Подозрительный предмет,Подозрительный предмет,,Плохо,нет реагирования,,,карточка-112,,,,,,,,,,,карточка-112,,,,,,,,,,,,,,,Обнаружение агрессивных веществ,,Авария (катастрофа) техногенного или природного характера,Авария (катастрофа) техногенного или природного характера,карточка-112,,,,,,,,карточка-112,,,,,,,,карточка-112,карточка-112,,,,карточка-112,,карточка-112,,карточка-112,карточка-112,,,,,,,,,карточка -112,,карточка-112,карточка-112,,,,,,,
11,3,4,0,11030400,,Опасное вещество -обнаружение,"Прочие объекты, которые могут содержать опасные вещества",,,"Обнаружен объект, который может содержать опасные вещества",Обнаружение агрессивных веществ,MCHS,Прочие происшествия,,Прочие происшествия,,,,,Подозрительный предмет,,,,Плохо,нет реагирования,,,карточка-112,,,,,,,,,,,карточка-112,,,,,,,,,,,,,,,Обнаружение агрессивных веществ,,Авария (катастрофа) техногенного или природного характера,Авария (катастрофа) техногенного или природного характера,карточка-112,,,,,,,,карточка-112,,,,,,,,карточка-112,карточка-112,,,,,,карточка-112,,карточка-112,карточка-112,,,,,,карточка-112,,,карточка -112,,карточка-112,карточка-112,,,,,,,
11,4,1,0,11040100,Опасный груз,Опасное вещество - опасный груз,Аварийная ситуация неисправность,,,Аварийная ситуация с опасным грузом,ДТП с перевозкой опасных грузов,MCHS,ДТП с перевозкой опасных грузов,,ДТП с перевозкой опасных грузов,,,,,Прочее,,,,АВТО,нет реагирования,,,,карточка-112,карточка-112,карточка-112,карточка-112,,,,,,,карточка-112,,,,,,,,,,,,,,,ДТП с перевозкой опасных грузов,,Авария (катастрофа) техногенного или природного характера,Авария (катастрофа) техногенного или природного характера,карточка-112,,,,,,,,карточка-112,,,,,,,,карточка-112,карточка-112,,,,,,карточка-112,,карточка-112,карточка-112,,,,,,карточка-112,,,карточка -112,,карточка-112,карточка-112,,,,,,,
11,4,2,0,11040200,,Опасное вещество - опасный груз,"Повреждение груза, утечка",,"В:Емкость контейнер цистерна повреждение - поврежден сам груз, а не автомашина!!! В:Утечка опасного груза",Поврежден опасный груз,ДТП с перевозкой опасных грузов,MCHS,ДТП с перевозкой опасных грузов,,ДТП с перевозкой опасных грузов,,,,,ДТП с опасным грузом,,,,АВТО,нет реагирования,,,,карточка-112,карточка-112,карточка-112,карточка-112,,,,,,,карточка-112,,,,,,,,,,,,,,,ДТП с перевозкой опасных грузов,,Авария (катастрофа) техногенного или природного характера,Авария (катастрофа) техногенного или природного характера,карточка-112,,,,,,,,карточка-112,,,,,,,,карточка-112,карточка-112,,,,,,карточка-112,,карточка-112,карточка-112,,,,,,карточка-112,,,карточка -112,,карточка-112,карточка-112,,,,,,,
11,4,3,0,11040300,,Опасное вещество - опасный груз,Разлив топлива из бензовоза,,,Разлив топлива из бензовоза,Разлив топлива,MCHS,Разлив топлива,,ДТП с перевозкой опасных грузов,,,,,Прочее,,,,АВТО,нет реагирования,,,,карточка-112,карточка-112,карточка-112,карточка-112,,,,,,,карточка-112,,,карточка-112,,,,,,,,,,,,Разлив топлива,,Авария (катастрофа) техногенного или природного характера,Авария (катастрофа) техногенного или природного характера,карточка-112,,,,,,карточка -112,,карточка-112,,,,,,,,карточка-112,карточка-112,,,,,,карточка-112,,карточка-112,карточка-112,,,,,,карточка-112,,,карточка -112,,,,,,,,,,
11,5,1,0,11050100,Ртуть - обнаружение,Градусник,"Разбит градусник - нужна демуркаризация, есть дети, пожилые, животные",,,Градусник (помощь МЧС),Разбитый градусник,MCHS,,,Разбитый градусник,,,,,,,,,Отравление,нет реагирования,,,,,,,,,,,,,,,,,,,,,,,,,,,,,,,,,карточка-112,,,,,,,,,,,,,,,,,,,,,,,карточка-112,,карточка-112,,,,,,,,,,,,,,,,,,,,
11,5,2,0,11050200,,Градусник,"Разбит градусник - только консультация, как самостоятельно обработать помещение",,,Градусник (консультация),,MCHS,,,,,,,,,,,,,,,,,,,,,,,,,,,,,,,,,,,,,,,,,,,,,,,,,,,,,,,,,,,,,,,,,,,,,карточка-112,,карточка-112,,,,,,,,,,,,,,,,,,,,
11,5,3,0,11050300,,Градусник,Замер паров - консультация,,,Замер паров ртути (консультация),,MCHS,,,,,,,,,,,,,,,,,,,,,,,,,,,,,,,,,,,,,,,,,,,,,,,,,,,,,,,,,,,,,,,,,,,,,карточка-112,,карточка-112,,,,,,,,,,,,,,,,,,,,
11,5,4,0,11050400,,Градусник,"Замер паров, забрать банку с градусником - на 3-й день производиться",,,Забрать емкость с градусником,Разбитый градусник,MCHS,,,Разбитый градусник,,,,,,,,,Отравление,нет реагирования,,,,,,,,,,,,,,,,,,,,,,,,,,,,,,,,,карточка-112,,,,,,,,,,,,,,,,,,,,,,,карточка-112,,карточка-112,,,,,,,,,,,,,,,,,,,,
11,6,1,0,11060100,,"Ртуть - обнаружение, разлитие",Емкость,,Есть ли повреждения?,Найдена емкость со ртутью,Разлив ртути,MCHS,Прочие происшествия,,Разлив ртути,,,,,Прочее,,,,Отравление,нет реагирования,,,,,,,,,,,,,,карточка-112,карточка-112,,,,,,,,,,,,,,Разлив ртути,,Авария (катастрофа) техногенного или природного характера,Авария (катастрофа) техногенного или природного характера,карточка-112,,,,,,,,карточка-112,,,,,,,,карточка-112,карточка-112,,,,,,карточка-112,,карточка-112,,,,,,,карточка-112,,,карточка -112,,карточка-112,карточка-112,,,,,,,
11,6,2,0,11060200,,"Ртуть - обнаружение, разлитие",Разлив,,,Разлив ртути,Разлив ртути,MCHS,Разлив ртути,,Разлив ртути,,,,,Прочее,,,,Отравление,нет реагирования,,,карточка-112,карточка-112,карточка-112,карточка-112,карточка-112,,,,,,,карточка-112,карточка-112,,карточка-112,карточка-112,карточка-112,,,,,,,,,,Разлив ртути,,Авария (катастрофа) техногенного или природного характера,Авария (катастрофа) техногенного или природного характера,карточка-112,,,,,,,,,,,,,,,,карточка-112,карточка-112,,,,,,карточка-112,,карточка-112,карточка-112,,,,,,карточка-112,,,карточка -112,,карточка-112,карточка-112,,,,,,,
11,7,0,0,11070000,Разлитие горючих веществ,Разлитие горючих веществ,,,,Разлив топлива,Разлив топлива,MCHS,Разлив топлива,,,,,,,Прочее,,,,АВТО,нет реагирования,,,,карточка-112,карточка-112,карточка-112,карточка-112,,,,,,,карточка-112,карточка-112,,карточка-112,карточка-112,карточка-112,,,,,,,,,,Разлив топлива,,Авария (катастрофа) техногенного или природного характера,Авария (катастрофа) техногенного или природного характера,карточка-112,,,,,,,,карточка-112,,,,,,,,карточка-112,карточка-112,,,,,,карточка-112,,карточка-112,карточка-112,,,,,,карточка-112,,,карточка -112,,,,,,,,,,
,,,,12,Аварии и происшествия на транспортных объектах,,,,,,,,,,,,,,,,,,,,,,,,,,,,,,,,,,,,,,,,,,,,,,,,,,,,,,,,,,,,,,,,,,,,,,,,,,,,,,,,,,,,,,,,,,,,,,,,,,
12,1,1,0,12010100,Аварии на  объектах воздушного транспорта,Транспорт воздушный,падение упал,,,Авиакатастрофа,Авиационные катастрофы и аварии,,Авиационные катастрофы и аварии,,Авиационные катастрофы и аварии,,,,,"Аварии на воздушном, водном, железнодорожном транспорте",,,Падение с высоты,Падение с высоты,,Авиационные катастрофы и аварии,,карточка-112,карточка-112,карточка-112,карточка-112,карточка-112,карточка-112,,,,,,карточка-112,карточка-112,,,,,,,,,,,,,,Авиационные катастрофы и аварии,,Авария и происшествие на объектах транспортной инфраструктуры,Авария и происшествие на объектах транспортной инфраструктуры,карточка-112,,,,,,карточка -112,,карточка-112,,,,,,,карточка-112,карточка-112,карточка-112,,,,,,,,карточка-112,карточка-112,,,,,,карточка-112,,,карточка -112,,,,,,,,,,
12,1,1,1,12010101,,Транспорт воздушный,падение упал,на объект ОАО МОЭК,,Авиакатастрофа (объкт МОЭК),Авиационные катастрофы с падением воздушного судна или его обломков на объекты ОАО МОЭК,,Авиационные катастрофы и аварии,,Авиационные катастрофы и аварии,,,,,"Аварии на воздушном, водном, железнодорожном транспорте",,,Падение с высоты,Падение с высоты,,Авиационные катастрофы и аварии,,карточка-112,карточка-112,карточка-112,карточка-112,карточка-112,карточка-112,,,,,,карточка-112,карточка-112,,,,,,,,,,карточка-112,,,,Авиационные катастрофы с падением воздушного судна или его обломков на объекты ОАО МОЭК,,Авария и происшествие на объектах транспортной инфраструктуры,Авария и происшествие на объектах транспортной инфраструктуры,карточка-112,,,,,,карточка -112,,карточка-112,,,,,,,карточка-112,карточка-112,карточка-112,,,,,,,,карточка-112,карточка-112,,,,,,,,,карточка -112,,,,,,,,,,
12,1,2,0,12010200,,Транспорт воздушный ,Аварийная ситуация неисправность - от заявителя или специалиста,,,Транспорт воздушный - авария,Происшествия на объектах воздушного транспорта (аэропорт),,Происшествия на объектах воздушного транспорта (аэропорт),,Происшествия на объектах воздушного транспорта (аэропорт),,,,,"Аварии на воздушном, водном, железнодорожном транспорте",,,,Травма,,,,карточка-112,карточка-112,карточка-112,карточка-112,карточка-112,карточка-112,,,,,,,карточка-112,,,,,,,,,,,,,,Происшествия на объектах воздушного транспорта (аэропорт),,Авария и происшествие на объектах транспортной инфраструктуры,Авария и происшествие на объектах транспортной инфраструктуры,карточка-112,,,,,,,,,,,,,,,,карточка-112,карточка-112,,,,,,,,карточка-112,карточка-112,,,,,,,,,,,,,,,,,,,
12,1,3,0,12010300,,Транспорт воздушный,Пожар,,,Транспорт воздушный - горит ,Пожар: Аэропорт,,Пожар,,Пожар,,,,,"Аварии на воздушном, водном, железнодорожном транспорте",,,пожар,пожар,,,,карточка-112,карточка-112,карточка-112,карточка-112,карточка-112,карточка-112,,,,,,карточка-112,карточка-112,,,,,,,,,,,,,,Пожар: Аэропорт,,Авария и происшествие на объектах транспортной инфраструктуры,Авария и происшествие на объектах транспортной инфраструктуры,карточка-112,,,,,,,,,,,,,,,,карточка-112,карточка-112,,,,,,,,карточка-112,карточка-112,,,,,,,,,карточка -112,,,,,,,,,,
12,2,1,0,12020100,,Аэропорт ,Аварийная ситуация неисправность  - коммунального характера,,,Происшествие в аэропорту коммунального характера,Происшествия на объектах воздушного транспорта (аэропорт),,,Происшествия на объектах воздушного транспорта (аэропорт),,Происшествия на объектах воздушного транспорта (аэропорт),Происшествия на объектах воздушного транспорта (аэропорт),Происшествия на объектах воздушного транспорта (аэропорт),,,Аварии в городском хозяйстве,Аварии в городском хозяйстве,,Травма,,,,,карточка-112,карточка-112,карточка-112,карточка-112,карточка-112,,,,,,,карточка-112,,,,,,,,,,,,,,Происшествия на объектах воздушного транспорта (аэропорт),,,,карточка-112,,,,,,,,,,,,,,,,карточка-112,карточка-112,,,,,,,,карточка-112,карточка-112,,,,,,,,,,,,,,,,,,,
12,2,2,0,12020200,,Аэропорт,"Аварийная ситуация неисправность  -на коммуникациях (например, транспортер багажного отсека, падение частичное, угроза падения)",,,Происшествие в аэропорту ,Происшествия на объектах воздушного транспорта (аэропорт),,,Происшествия на объектах воздушного транспорта (аэропорт),,Происшествия на объектах воздушного транспорта (аэропорт),Происшествия на объектах воздушного транспорта (аэропорт),Происшествия на объектах воздушного транспорта (аэропорт),,"Аварии на воздушном, водном, железнодорожном транспорте",,,,Травма,,,,,карточка-112,карточка-112,карточка-112,карточка-112,карточка-112,,,,,,,карточка-112,,,,,,,,,,,,,,Происшествия на объектах воздушного транспорта (аэропорт),,Авария и происшествие на объектах транспортной инфраструктуры,Авария и происшествие на объектах транспортной инфраструктуры,карточка-112,,,,,,,,,,,,,,,,карточка-112,карточка-112,,,,,,,,карточка-112,карточка-112,,,,,,,,,,,,,,,,,,,
12,2,3,0,12020300,,Аэропорт,Пожар,,,Аэропорт пожар,Пожар : Аэропорт,MCHS,Пожар,,Пожар,,,,,Пожар,,,пожар,пожар,,,,,карточка-112,карточка-112,карточка-112,карточка-112,карточка-112,,,,,,карточка-112,карточка-112,,,,,,,,,,,,,,Пожар: Аэропорт,,Авария и происшествие на объектах транспортной инфраструктуры,Авария и происшествие на объектах транспортной инфраструктуры,карточка-112,,,,,,карточка -112,,,,,,,,,,карточка-112,карточка-112,,,,,,,,карточка-112,карточка-112,,,,,,,,,карточка -112,,,,,,,,,,
12,3,1,0,12030100,Аварии на объектах водного транспорта,Транспорт водный,Тонет столкновение ,,,Кораблекрушение,Авария пассажирского судна,,Кораблекрушения пассажирских судов,,Кораблекрушения пассажирских судов,,,,Кораблекрушения пассажирских судов,"Аварии на воздушном, водном, железнодорожном транспорте",,,Дежурство от МЧС,Дежурство от МЧС,,Крушение водного транспорта,,карточка-112,,,,,карточка-112,,,,,,,карточка-112,,,,,карточка-112,,,,,,,,,Авария пассажирского судна,,Авария и происшествие на объектах транспортной инфраструктуры,Авария и происшествие на объектах транспортной инфраструктуры,карточка-112,,,,карточка-112,,карточка -112,,,,,,,,,карточка-112,карточка-112,карточка-112,,,,,,,,карточка-112,карточка-112,,,,,,карточка-112,,,,,,,,,,,,,
12,3,2,0,12030200,,Транспорт водный  ,Аварийная ситуация неисправность,,,Транспорт водный - авария,Авария пассажирского судна,,Кораблекрушения пассажирских судов,,,Кораблекрушения пассажирских судов,Кораблекрушения пассажирских судов,Кораблекрушения пассажирских судов,Кораблекрушения пассажирских судов,"Аварии на воздушном, водном, железнодорожном транспорте",,,,Дежурство от МЧС,,,,карточка-112,,,,,карточка-112,,,,,,,карточка-112,,,,,карточка-112,,,,,,,,,Авария пассажирского судна,,Авария и происшествие на объектах транспортной инфраструктуры,Авария и происшествие на объектах транспортной инфраструктуры,карточка-112,,,,карточка-112,,,,,,,,,,,карточка-112,карточка-112,карточка-112,,,,,,,,карточка-112,карточка-112,,,,,,карточка-112,,карточка-112,карточка -112,,,,,,,,,,
12,3,1,1,12030101,,Транспорт водный  ,Тонет столкновение,Пассажирский,,Кораблекрушение пассажирский,Авария пассажирского судна,,Кораблекрушения пассажирских судов,,Кораблекрушения пассажирских судов,,,,Кораблекрушения пассажирских судов,"Аварии на воздушном, водном, железнодорожном транспорте",,,Дежурство от МЧС,Дежурство от МЧС,,Крушение водного транспорта,,карточка-112,,,,,карточка-112,,,,,,,карточка-112,,,,,карточка-112,,,,,,,,,Авария пассажирского судна,,Авария и происшествие на объектах транспортной инфраструктуры,Авария и происшествие на объектах транспортной инфраструктуры,карточка-112,,,,карточка-112,,карточка -112,,,,,,,,,карточка-112,карточка-112,карточка-112,,,,,,,,карточка-112,карточка-112,,,,,,карточка-112,,карточка-112,,,,,,,,,,,
12,3,2,1,12030201,,Транспорт водный ,Аварийная ситуация неисправность,Пассажирский,,Транспорт водный пассажирский - авария,Авария пассажирского судна,,Кораблекрушения пассажирских судов,,,Кораблекрушения пассажирских судов,Кораблекрушения пассажирских судов,Кораблекрушения пассажирских судов,Кораблекрушения пассажирских судов,"Аварии на воздушном, водном, железнодорожном транспорте",,,,Дежурство от МЧС,,,,карточка-112,,,,,карточка-112,,,,,,,карточка-112,,,,,карточка-112,,,,,,,,,Авария пассажирского судна,,Авария и происшествие на объектах транспортной инфраструктуры,Авария и происшествие на объектах транспортной инфраструктуры,карточка-112,,,,карточка-112,,,,,,,,,,,карточка-112,карточка-112,карточка-112,,,,,,,,карточка-112,карточка-112,,,,,,карточка-112,,карточка-112,,,,,,,,,,,
12,3,1,2,12030102,,Транспорт водный  ,Тонет столкновение ,Грузовой,,Кораблекрушение грузовой,Авария грузового судна,,Кораблекрушения грузовых судов,,Кораблекрушения грузовых судов,,,,Кораблекрушения грузовых судов,"Аварии на воздушном, водном, железнодорожном транспорте",,,Дежурство от МЧС,Дежурство от МЧС,,Крушение водного транспорта,,,карточка-112,карточка-112,карточка-112,карточка-112,карточка-112,,,,,,,карточка-112,,,,,карточка-112,,,,,,,,,Авария грузового судна,,Авария и происшествие на объектах транспортной инфраструктуры,Авария и происшествие на объектах транспортной инфраструктуры,карточка-112,,,,карточка-112,,карточка -112,,,,,,,,,карточка-112,карточка-112,карточка-112,,,,,,,,карточка-112,карточка-112,,,,,,карточка-112,,карточка-112,,,,,,,,,,,
12,3,2,2,12030202,,Транспорт водный  ,Аварийная ситуация неисправность,Грузовой,,Транспорт водный грузовой - авария,Авария грузового судна,,Кораблекрушения грузовых судов,,,Кораблекрушения грузовых судов,Кораблекрушения грузовых судов,Кораблекрушения грузовых судов,Кораблекрушения грузовых судов,"Аварии на воздушном, водном, железнодорожном транспорте",,,,Дежурство от МЧС,,,,,карточка-112,карточка-112,карточка-112,карточка-112,карточка-112,,,,,,,карточка-112,,,,,карточка-112,,,,,,,,,Авария грузового судна,,Авария и происшествие на объектах транспортной инфраструктуры,Авария и происшествие на объектах транспортной инфраструктуры,карточка-112,,,,карточка-112,,,,,,,,,,,карточка-112,карточка-112,карточка-112,,,,,,,,карточка-112,карточка-112,,,,,,карточка-112,,карточка-112,,,,,,,,,,,
12,3,1,3,12030103,,Транспорт водный ,Тонет столкновение ,Опасный груз,,Кораблекрушение опасный груз,Авария грузового судна,,Кораблекрушения грузовых судов,,Кораблекрушения грузовых судов,,,,Кораблекрушения грузовых судов,"Аварии на воздушном, водном, железнодорожном транспорте",,,Дежурство от МЧС,Дежурство от МЧС,,Крушение водного транспорта,,карточка-112,карточка-112,карточка-112,карточка-112,карточка-112,карточка-112,,,,,,,карточка-112,,,,,карточка-112,,,,,,,,,Авария грузового судна,,Авария и происшествие на объектах транспортной инфраструктуры,Авария и происшествие на объектах транспортной инфраструктуры,карточка-112,,,,карточка-112,,карточка -112,,,,,,,,,карточка-112,карточка-112,карточка-112,,,,,,,,карточка-112,карточка-112,,,,,,карточка-112,,карточка-112,,карточка-112,,карточка-112,,,,,,,
12,3,2,3,12030203,,Транспорт водный ,Аварийная ситуация неисправность,Опасный груз,,Транспорт водный с опасныи грузом - авария,Авария грузового судна,,Кораблекрушения грузовых судов,,,Кораблекрушения грузовых судов,Кораблекрушения грузовых судов,Кораблекрушения грузовых судов,Кораблекрушения грузовых судов,"Аварии на воздушном, водном, железнодорожном транспорте",,,,Дежурство от МЧС,,,,,карточка-112,карточка-112,карточка-112,карточка-112,карточка-112,,,,,,,карточка-112,,,,,карточка-112,,,,,,,,,Авария грузового судна,,Авария и происшествие на объектах транспортной инфраструктуры,Авария и происшествие на объектах транспортной инфраструктуры,карточка-112,,,,карточка-112,,,,,,,,,,,карточка-112,карточка-112,карточка-112,,,,,,,,карточка-112,карточка-112,,,,,,карточка-112,,карточка-112,,карточка-112,,карточка-112,,,,,,,
12,4,1,0,12040100,,Порт причал ,Аварийная ситуация неисправность,,,Происшествие в порту (на причале),"Происшествия на объектах речного транспорта (порт, причал)",MCHS,"Происшествия на объектах речного транспорта (порт, причал)",,,"Происшествия на объектах речного транспорта (порт, причал)","Происшествия на объектах речного транспорта (порт, причал)","Происшествия на объектах речного транспорта (порт, причал)","Происшествия на объектах речного транспорта (порт, причал)",Аварии в городском хозяйстве,,,,Дежурство от МЧС,,,,карточка-112,карточка-112,карточка-112,карточка-112,карточка-112,карточка-112,,,,,,,карточка-112,,,,,карточка-112,,,,,,,,,"Происшествия на объектах речного транспорта (порт, причал)",,Авария и происшествие на объектах транспортной инфраструктуры,Авария и происшествие на объектах транспортной инфраструктуры,карточка-112,,,,карточка-112,,,,,,,,,,,карточка-112,карточка-112,карточка-112,,,,,,,,карточка-112,карточка-112,,,,,,карточка-112,,карточка-112,,,,,,,,,,,
12,3,3,0,12030300,,Транспорт водный,Пожар,,,Транспорт водный - горит,Пожар,MCHS,Пожар,,Пожар,,,,пожар,Пожар,,,пожар,пожар,,пожар,,,карточка-112,карточка-112,карточка-112,карточка-112,карточка-112,,,,,,,карточка-112,,,,,карточка-112,,,,,,,,,Пожар,,Авария и происшествие на объектах транспортной инфраструктуры,Авария и происшествие на объектах транспортной инфраструктуры,карточка-112,,,,карточка-112,,карточка -112,,,,,,,,,,карточка-112,карточка-112,,,,,,,,карточка-112,карточка-112,,,,,,карточка-112,,карточка-112,,,,,,,,,,,
12,4,2,0,12040200,,Порт причал,Пожар,,,Порт (причал) пожар,Пожар: порт,MCHS,Пожар,,"Происшествия на объектах речного транспорта (порт, причал)",,,,пожар,Пожар,,,пожар,пожар,,пожар,,,карточка-112,карточка-112,карточка-112,карточка-112,карточка-112,,,,,,,карточка-112,,,,,карточка-112,,,,,,,карточка-112,,Пожар: порт,,Авария и происшествие на объектах транспортной инфраструктуры,Авария и происшествие на объектах транспортной инфраструктуры,карточка-112,,,,карточка-112,,,,,,,,,,,,карточка-112,карточка-112,,,,,,,,карточка-112,карточка-112,,,,,,карточка-112,,карточка-112,,,,,,,,,,,
12,5,1,0,12050100,Аварии  на объектах железнодорожного транспорта,Транспорт жд ,Столкновение сход с рельсов,,,Крушение жд,Крушения и аварии железнодорожных поездов,METRO,Крушения и аварии железнодорожных поездов,,Крушения и аварии железнодорожных поездов,,,,,"Аварии на воздушном, водном, железнодорожном транспорте",,,Дежурство от МЧС,,,Крушение ж/д транспорта,,карточка-112,,,,,карточка-112,,,,,,карточка-112,карточка-112,,Карточка-112,,,,,,,,,,,,Крушения и аварии железнодорожных поездов,,Авария и происшествие на объектах транспортной инфраструктуры,Авария и происшествие на объектах транспортной инфраструктуры,карточка-112,,карточка-112,,,,карточка -112,,,,,,,,,,карточка-112,карточка-112,,,,,,,,карточка-112,карточка-112,,,,,,карточка-112,,,карточка -112,,,,,,,,,,
12,5,2,0,12050200,,Транспорт жд ,Аварийная ситуация неисправность,,,Транспорт жд - авария,Крушения и аварии железнодорожных поездов,MZD,Крушения и аварии железнодорожных поездов,,Крушения и аварии железнодорожных поездов,,,,,"Аварии на воздушном, водном, железнодорожном транспорте",,,Дежурство от МЧС,,,,,карточка-112,,,,,карточка-112,,,,,,карточка-112,карточка-112,,Карточка-112,,,,,,,,,,,,Крушения и аварии железнодорожных поездов,,Авария и происшествие на объектах транспортной инфраструктуры,Авария и происшествие на объектах транспортной инфраструктуры,карточка-112,,карточка-112,,,,,,,,,,,,,,карточка-112,карточка-112,,,,,,,,карточка-112,карточка-112,,,,,,карточка-112,,,карточка -112,,,,,,,,,,
12,5,1,1,12050101,,Транспорт жд ,Столкновение сход с рельсов,Пассажирский,,Крушение жд пассажирский,Крушения и аварии железнодорожных поездов,METRO,Крушения и аварии железнодорожных поездов,,Крушения и аварии железнодорожных поездов,,,,,"Аварии на воздушном, водном, железнодорожном транспорте",,,Дежурство от МЧС,,,Крушение ж/д транспорта,,карточка-112,,,,,карточка-112,,,,,,карточка-112,карточка-112,,Карточка-112,,,,,,,,,,,,Крушения и аварии железнодорожных поездов,,Авария и происшествие на объектах транспортной инфраструктуры,Авария и происшествие на объектах транспортной инфраструктуры,карточка-112,,карточка-112,,,,карточка -112,,,,,,,,,,карточка-112,карточка-112,,,,,,,,карточка-112,карточка-112,,,,,,карточка-112,,,карточка -112,,,,,,,,,,
12,5,2,1,12050201,,Транспорт жд,Аварийная ситуация неисправность,Пассажирский,,Транспорт жд пассажирский - авария,Крушения и аварии железнодорожных поездов,MZD,Крушения и аварии железнодорожных поездов,,Крушения и аварии железнодорожных поездов,,,,,"Аварии на воздушном, водном, железнодорожном транспорте",,,Дежурство от МЧС,,,,,карточка-112,,,,,карточка-112,,,,,,карточка-112,карточка-112,,Карточка-112,,,,,,,,,,,,Крушения и аварии железнодорожных поездов,,Авария и происшествие на объектах транспортной инфраструктуры,Авария и происшествие на объектах транспортной инфраструктуры,карточка-112,,карточка-112,,,,,,,,,,,,,,карточка-112,карточка-112,,,,,,,,карточка-112,карточка-112,,,,,,карточка-112,,,карточка -112,,,,,,,,,,
12,5,1,2,12050102,,Транспорт жд ,Столкновение сход с рельсов,Грузовой,,Крушение жд грузовой,Крушения и аварии железнодорожных поездов,METRO,Крушения и аварии железнодорожных поездов,,Крушения и аварии железнодорожных поездов,,,,,"Аварии на воздушном, водном, железнодорожном транспорте",,,Дежурство от МЧС,,,Крушение ж/д транспорта,,карточка-112,,,,,карточка-112,,,,,,карточка-112,карточка-112,,Карточка-112,,,,,,,,,,,,Крушения и аварии железнодорожных поездов,,Авария и происшествие на объектах транспортной инфраструктуры,Авария и происшествие на объектах транспортной инфраструктуры,карточка-112,,карточка-112,,,,карточка -112,,,,,,,,,,карточка-112,карточка-112,,,,,,,,карточка-112,карточка-112,,,,,,,,,карточка -112,,,,,,,,,,
12,5,2,2,12050202,,Транспорт жд,Аварийная ситуация неисправность,Грузовой,,Транспорт жд грузовой - авария,Крушения и аварии железнодорожных поездов,MZD,Крушения и аварии железнодорожных поездов,,Крушения и аварии железнодорожных поездов,,,,,"Аварии на воздушном, водном, железнодорожном транспорте",,,Дежурство от МЧС,,,,,карточка-112,,,,,карточка-112,,,,,,карточка-112,карточка-112,,Карточка-112,,,,,,,,,,,,Крушения и аварии железнодорожных поездов,,Авария и происшествие на объектах транспортной инфраструктуры,Авария и происшествие на объектах транспортной инфраструктуры,карточка-112,,карточка-112,,,,,,,,,,,,,,карточка-112,карточка-112,,,,,,,,карточка-112,карточка-112,,,,,,,,,карточка -112,,,,,,,,,,
12,5,1,3,12050103,,Транспорт жд,Столкновение сход с рельсов,Опасный груз,,Крушение жд опасный груз,Крушения и аварии железнодорожных поездов,METRO,Крушения и аварии железнодорожных поездов,,Крушения и аварии железнодорожных поездов,,,,,"Аварии на воздушном, водном, железнодорожном транспорте",,,Дежурство от МЧС,,,Крушение ж/д транспорта,,карточка-112,,,,,карточка-112,,,,,,карточка-112,карточка-112,,Карточка-112,,,,,,,,,,,,Крушения и аварии железнодорожных поездов,,Авария и происшествие на объектах транспортной инфраструктуры,Авария и происшествие на объектах транспортной инфраструктуры,карточка-112,,карточка-112,,,,карточка -112,,,,,,,,,,карточка-112,карточка-112,,,,,,,,карточка-112,карточка-112,,,,,,,,,карточка -112,карточка-112,,карточка-112,,,,,,,
12,5,2,3,12050203,,Транспорт жд ,Аварийная ситуация неисправность,Опасный груз,,Транспорт жд опасный груз - авария,Крушения и аварии железнодорожных поездов,MZD,Крушения и аварии железнодорожных поездов,,Крушения и аварии железнодорожных поездов,,,,,"Аварии на воздушном, водном, железнодорожном транспорте",,,Дежурство от МЧС,,,,,карточка-112,,,,,карточка-112,,,,,,карточка-112,карточка-112,,Карточка-112,,,,,,,,,,,,Крушения и аварии железнодорожных поездов,,Авария и происшествие на объектах транспортной инфраструктуры,Авария и происшествие на объектах транспортной инфраструктуры,карточка-112,,карточка-112,,,,,,,,,,,,,,карточка-112,карточка-112,,,,,,,,карточка-112,карточка-112,,,,,,,,,карточка -112,карточка-112,,карточка-112,,,,,,,
12,6,1,0,12060100,,Вокзал жд платформа жд станция жд депо,Аварийная ситуация неисправность,,,"Происшествие на жд вокзале, станции, платформе",Железнодорожные происшествия,MZD,Крушения и аварии железнодорожных поездов,,Крушения и аварии железнодорожных поездов,,,,,"Аварии на воздушном, водном, железнодорожном транспорте",,,Дежурство от МЧС,,,,,карточка-112,,,,,карточка-112,,,,,,карточка-112,карточка-112,,Карточка-112,,,,,,,,,,,,Железнодорожные происшествия,,Авария и происшествие на объектах транспортной инфраструктуры,Авария и происшествие на объектах транспортной инфраструктуры,карточка-112,,карточка-112,,,,,,,,,,,,,,карточка-112,карточка-112,,,,,,,,карточка-112,карточка-112,,,,,,,,,карточка -112,,,,,,,,,,
12,6,2,0,12060200,,Вокзал жд платформа жд станция жд депо,Пожар,,,Вокзал жд платформа жд станция жд  - горит,пожар: Вокзал,MCHS,Пожар,,Пожар,,,,,Пожар,,,пожар,пожар,,,,,карточка-112,карточка-112,карточка-112,карточка-112,карточка-112,,,,,,карточка-112,карточка-112,,Карточка-112,,,,,,,,,,Картточка-112,,пожар: Вокзал,,Авария и происшествие на объектах транспортной инфраструктуры,Авария и происшествие на объектах транспортной инфраструктуры,карточка-112,,карточка-112,,,,карточка -112,,,,,,,,,,карточка-112,карточка-112,,,,,,,,карточка-112,карточка-112,,,,,,карточка-112,,,карточка -112,,,,,,,,,,
12,5,3,0,12050300,,Транспорт жд ,Пожар,,,Транспорт жд - горит,пожар: Ж-д транспорт,MCHS,Пожар,,,Пожар,Пожар,Пожар,,Пожар,,,Пожар,Пожар,,,,,карточка-112,карточка-112,карточка-112,карточка-112,карточка-112,,,,,,карточка-112,карточка-112,,Карточка-112,,,,,,,,,,,,пожар: Ж-д транспорт,,Авария и происшествие на объектах транспортной инфраструктуры,Авария и происшествие на объектах транспортной инфраструктуры,карточка-112,,карточка-112,,,,карточка -112,,,,,,,,,,карточка-112,карточка-112,,,,,,,,карточка-112,карточка-112,,,,,,карточка-112,,,карточка -112,,,,,,,,,,
12,7,1,0,12070100,Аварии на объектах метрополитена,"Метро (вагон, поезд, перегон, тоннель, вестибюль, станция, платформа, переход, экскалатор, депо)",Столкновение сход с рельсов,,,Метро крушение поезда,Сход вагона метро,MCHS,Аварии на метрополитене,,Аварии на метрополитене,,,,,"Аварии на воздушном, водном, железнодорожном транспорте",,,,Поездная,,Крушение ж/д транспорта,,карточка-112,,,,,карточка-112,,,,карточка-112,,,карточка-112,,,,,,,,карточка-112,,,,,,Сход вагона метро,,Авария и происшествие на объектах транспортной инфраструктуры,Авария и происшествие на объектах транспортной инфраструктуры,карточка-112,,,,,,карточка -112,,,,,,,,,,карточка-112,карточка-112,,,,,,,,карточка-112,карточка-112,,,,,,карточка-112,,карточка-112,,,,,,Карточка-112,,,,,
12,7,2,0,12070200,,"Метро (вагон, поезд, перегон, тоннель, вестибюль, станция, платформа, переход, экскалатор, депо)",Неисправность электроснабжения,,,Метро неисправность электроснабжения,Авария на метрополитене,MCHS,Аварии на метрополитене,,,Аварии на метрополитене,Аварии на метрополитене,Аварии на метрополитене,,"Аварии на воздушном, водном, железнодорожном транспорте",,,,Поездная,,,,карточка-112,,,,,карточка-112,,,,карточка-112,,,карточка-112,,,,,,,,карточка-112,,,,карточка-112,,Авария на метрополитене,,Авария и происшествие на объектах транспортной инфраструктуры,Авария и происшествие на объектах транспортной инфраструктуры,карточка-112,,,,,,,,,,,,,,,карточка-112,карточка-112,карточка-112,,,,,,,,карточка-112,карточка-112,,,,,,,,,карточка -112,,,,,,,,,,
12,7,3,0,12070300,,"Метро (вагон, поезд, перегон, тоннель, вестибюль, станция, платформа, переход, экскалатор, депо)","Остановка движения поезда (в тоннеле, на станции)",,,Метро (остановка движения поезда),Авария на метрополитене,METRO,Аварии на метрополитене,,,Аварии на метрополитене,Аварии на метрополитене,Аварии на метрополитене,,"Аварии на воздушном, водном, железнодорожном транспорте",,,,Поездная,,,,карточка-112,,,,,карточка-112,,,,карточка-112,,,карточка-112,,,,,,,,карточка-112,,,,,,Авария на метрополитене,,Авария и происшествие на объектах транспортной инфраструктуры,Авария и происшествие на объектах транспортной инфраструктуры,карточка-112,,,,,,,,,,,,,,,карточка-112,карточка-112,карточка-112,,,,,,,,карточка-112,карточка-112,,,,,,,,карточка-112,,,,,,,,,,,
12,7,4,1,12070401,,"Метро (вагон, поезд, перегон, тоннель, вестибюль, станция, платформа, переход, экскалатор, депо)",Задержка движение поездов,до 30 минут,,Метро задержка движения поездов до 30 минут,Авария на метрополитене,MCHS,Аварии на метрополитене,,,Аварии на метрополитене,Аварии на метрополитене,Аварии на метрополитене,,"Аварии на воздушном, водном, железнодорожном транспорте",,,,Поездная,,,,карточка-112,,,,,,,,,карточка-112,,,карточка-112,,,,,,,,карточка-112,,,,,,Авария на метрополитене,,Авария и происшествие на объектах транспортной инфраструктуры,Авария и происшествие на объектах транспортной инфраструктуры,карточка-112,,,,,,,,,,,,,,,карточка-112,карточка-112,карточка-112,,,,,,,,карточка-112,карточка-112,,,,,,,,карточка-112,,,,,,,,,,,
12,7,4,2,12070402,,"Метро (вагон, поезд, перегон, тоннель, вестибюль, станция, платформа, переход, экскалатор, депо)",Задержка движение поездов, более 30 минут - считается ЧС,,Метро задержка движения поездов свыше 30 минут,Метро: Другие чрезвычайные происшествия и чрезвычайные ситуации…,METRO,Аварии на метрополитене,,Аварии на метрополитене,,,,,"Аварии на воздушном, водном, железнодорожном транспорте",,,,Травма,,,,карточка-112,,,,,карточка-112,,,,карточка-112,,,карточка-112,,,,,,,,карточка-112,,,,,,"Метро: Другие чрезвычайные происшествия и чрезвычайные ситуации, приводящие к полному или частичному закрытию станций метрополитена",,Авария и происшествие на объектах транспортной инфраструктуры,Авария и происшествие на объектах транспортной инфраструктуры,карточка-112,,,,,,,,,,,,,,,,карточка-112,карточка-112,,,,,,,,карточка-112,карточка-112,,,,,,,,карточка-112,,,,,,Карточка-112,,,,,
12,7,5,0,12070500,,"Метро (вагон, поезд, перегон, тоннель, вестибюль, станция, платформа, переход, экскалатор, депо)",Повреждение вагона (вагонов),,,Метро повреждение подвижного состава,Повреждение подвижного состава,METRO,,АВАРИИ НА МЕТРОПОЛИТЕНЕ,,Аварии на метрополитене,Аварии на метрополитене,Аварии на метрополитене,,,Прочее,Прочее,,Травма,,,,,карточка-112,карточка-112,карточка-112,,,,,,карточка-112,,,карточка-112,,,,,,,,карточка-112,,,,,,Повреждение подвижного состава,,Авария и происшествие на объектах транспортной инфраструктуры,Авария и происшествие на объектах транспортной инфраструктуры,карточка-112,,,,,,,,,,,,,,,,карточка-112,карточка-112,,,,,,,,карточка-112,карточка-112,,,,,,карточка-112,,,,,,,,,,,,,
12,7,6,0,12070600,,"Метро (вагон, поезд, перегон, тоннель, вестибюль, станция, платформа, переход, экскалатор, депо)",Прочие происшествия (человек застрял в эскалаторе и т.д.),,,Метро прочие происшествия,Падение с высоты,METRO,,Оказание помощи службам города (общее),,,,Оказание помощи службам города (общее),,,Прочее,Прочее,Падение с высоты,Падение с высоты,,,,,карточка-112,Карточка-112,Карточка-112,,,,,,,,,,,,,,,,,Карточка-112,,,,,,Авария на метрополитене,,,,карточка-112,,,,,,,,,,,,,,,,карточка-112,карточка-112,,,,,,,,карточка-112,карточка-112,,,,,,,,,,,,,,,,,,,
12,7,7,0,12070700,,"Метро (вагон, поезд, перегон, тоннель, вестибюль, станция, платформа, переход, экскалатор, депо)",Пожар,,,Метро пожар,Пожар метро,MCHS,Пожар,,Пожар,,,,,пожар,,,Пожар,Пожар,,Пожар,,,карточка-112,карточка-112,карточка-112,карточка-112,карточка-112,,,,карточка-112,,,Карточка-112,,,,,,,,карточка-112,,,карточка-112,карточка-112,,Пожар: метро,,Авария и происшествие на объектах транспортной инфраструктуры,Авария и происшествие на объектах транспортной инфраструктуры,карточка-112,,,,,,,,,,,,,,,,карточка-112,карточка-112,,,,,,,,карточка-112,карточка-112,,,,Метро пожар,карточка-112,карточка-112,,карточка-112,,,,,,Карточка-112,,,,,
12,7,8,0,12070800,,"Метро (вагон, поезд, перегон, тоннель, вестибюль, станция, платформа, переход, экскалатор, депо)",Подтопление,,,Метро подтопление,Подтопление сооружений метрополитена,MCHS,Подтопление зданий и сооружений,,Подтопление зданий и сооружений,,,,,Аварии в городском хозяйстве,,,,Травма,,,,,Карточка-112,,,Карточка-112,карточка-112,,,,,,,Карточка-112,,,,,,,,Карточка-112,Подтопление сооружений метрополитена,,,,,Подтопление сооружений метрополитена,,Авария и происшествие на объектах транспортной инфраструктуры,,карточка-112,,,,,,,карточка-112,,,,,,,,,карточка-112,карточка-112,,,,,,,,карточка-112,карточка-112,,,,,,карточка-112,,,,,,,,,,,,,
12,7,9,0,12070900,,"Метро (вагон, поезд, перегон, тоннель, вестибюль, станция, платформа, переход, экскалатор, депо)",Поездная травма,,,Метро поездная травма,Поездная,METRO,,Прочие происшествия,,,,Прочие происшествия,,Прочее,,,Поездная,Поездная,,,,,карточка-112,карточка-112,карточка-112,карточка-112,,,,,,,,,,,,,,,,Карточка-112,,,,,,Поездная,,,,карточка-112,,,,,,,,,,,,,,,,карточка-112,карточка-112,,,,,,,,карточка-112,карточка-112,,,,,,,,,,,,,,,,,,,
12,7,10,0,12071000,,"Метро (вагон, поезд, перегон, тоннель, вестибюль, станция, платформа, переход, экскалатор, депо)",Падение на рельсы,,,Метро падение на рельсы,Падение с высоты,METRO,,Падение с высоты,,,,Падение с высоты,,Прочее,,,Падение с высоты,Падение с высоты,,,,,карточка-112,Карточка-112,Карточка-112,карточка-112,карточка-112,,,,,,,,,,,,,,,Карточка-112,,,,,,Авария на метрополитене,,,,карточка-112,,,,,,,,,,,,,,,,карточка-112,карточка-112,,,,,,,,карточка-112,карточка-112,,,,,,карточка-112,,,,,,,,,,,,,
12,7,11,0,12071100,,"Метро (вагон, поезд, перегон, тоннель, вестибюль, станция, платформа, переход, экскалатор, депо)","Аварийная ситуация, неисправность",,,Аварийная ситуация в метро,Авария на метрополитене,MCHS,Аварии на метрополитене,,,Аварии на метрополитене,Аварии на метрополитене,Аварии на метрополитене,,Аварии в городском хозяйстве,,,,Поездная,,,,карточка-112,карточка-112,карточка-112,карточка-112,карточка-112,карточка-112,,,,карточка-112,,,карточка-112,,,,,,,,карточка-112,,,,,,Авария на метрополитене,,Авария и происшествие на объектах транспортной инфраструктуры,Авария и происшествие на объектах транспортной инфраструктуры,карточка-112,,,,,,,,,,,,,,,карточка-112,карточка-112,карточка-112,,,,,,,,карточка-112,карточка-112,,,,,,,,,,,,,,,,,,,
12,8,1,0,12080100,Аварии на МЦК,МЦК,Столкновение сход с рельсов,,,МЦК крушение поезда,Сход вагона метро,MCHS,Крушения и аварии железнодорожных поездов,,Крушения и аварии железнодорожных поездов,,,,,"Аварии на воздушном, водном, железнодорожном транспорте",,,Дежурство от МЧС,Поездная,,Крушение ж/д транспорта,,карточка-112,,,,,карточка-112,,,,карточка-112,,,карточка-112,,,,,,,,карточка-112,,,,,,Сход вагона метро,,Авария и происшествие на объектах транспортной инфраструктуры,Авария и происшествие на объектах транспортной инфраструктуры,карточка-112,,карточка-112,,,,карточка -112,,,,,,,,,,карточка-112,карточка-112,,,,,,,,карточка-112,карточка-112,,,,,,карточка-112,,карточка-112,,,,,,,,,,,
12,8,2,0,12080200,,МЦК,Неисправность электроснабжения,,,МЦК  неисправность электроснабжения,Авария на метрополитене,MCHS,Крушения и аварии железнодорожных поездов,,,Крушения и аварии железнодорожных поездов,Крушения и аварии железнодорожных поездов,Крушения и аварии железнодорожных поездов,,Аварии в городском хозяйстве,,,,Поездная,,,,карточка-112,,,,,карточка-112,,,,карточка-112,,,карточка-112,,,,,,,,карточка-112,,,,карточка-112,,Авария на метрополитене,,Авария и происшествие на объектах транспортной инфраструктуры,Авария и происшествие на объектах транспортной инфраструктуры,карточка-112,,карточка-112,,,,,,,,,,,,,карточка-112,карточка-112,карточка-112,,,,,,,,карточка-112,карточка-112,,,,,,,,,,,,,,,,,,,
12,8,3,0,12080300,,МЦК,"Остановка движения поезда (в тоннеле, на станции)",,,МЦК (остановка движения поезда),Авария на метрополитене,METRO,Крушения и аварии железнодорожных поездов,,,Крушения и аварии железнодорожных поездов,Крушения и аварии железнодорожных поездов,Крушения и аварии железнодорожных поездов,,Аварии в городском хозяйстве,,,,Поездная,,,,карточка-112,,,,,карточка-112,,,,карточка-112,,,карточка-112,,,,,,,,карточка-112,,,,,,Авария на метрополитене,,Авария и происшествие на объектах транспортной инфраструктуры,Авария и происшествие на объектах транспортной инфраструктуры,карточка-112,,карточка-112,,,,,,,,,,,,,карточка-112,карточка-112,карточка-112,,,,,,,,карточка-112,карточка-112,,,,,,,,карточка-112,,,,,,,,,,,
12,8,4,1,12080401,,МЦК,Задержка движение поездов,до 30 минут,,МЦК задержка движения поездов до 30 минут,Авария на метрополитене,MCHS,Крушения и аварии железнодорожных поездов,,,Крушения и аварии железнодорожных поездов,Крушения и аварии железнодорожных поездов,Крушения и аварии железнодорожных поездов,,Аварии в городском хозяйстве,,,,Поездная,,,,карточка-112,,,,,,,,,карточка-112,,,карточка-112,,,,,,,,карточка-112,,,,,,Авария на метрополитене,,Авария и происшествие на объектах транспортной инфраструктуры,Авария и происшествие на объектах транспортной инфраструктуры,карточка-112,,карточка-112,,,,,,,,,,,,,карточка-112,карточка-112,карточка-112,,,,,,,,карточка-112,карточка-112,,,,,,,,карточка-112,,,,,,,,,,,
12,8,4,2,12080402,,МЦК,Задержка движение поездов, более 30 минут - считается ЧС,,МЦК задержка движения поездов свыше 30 минут,"Метро: Другие чрезвычайные происшествия и чрезвычайные ситуации, приводящие к полному или частичному закрытию станций метрополитена",METRO,Крушения и аварии железнодорожных поездов,,Крушения и аварии железнодорожных поездов,,,,,Аварии в городском хозяйстве,,,,Травма,,,,карточка-112,,,,,карточка-112,,,,карточка-112,,,карточка-112,,,,,,,,карточка-112,,,,,,"Метро: Другие чрезвычайные происшествия и чрезвычайные ситуации, приводящие к полному или частичному закрытию станций метрополитена",,Авария и происшествие на объектах транспортной инфраструктуры,Авария и происшествие на объектах транспортной инфраструктуры,карточка-112,,карточка-112,,,,,,,,,,,,,,карточка-112,карточка-112,,,,,,,,карточка-112,карточка-112,,,,,,,,карточка-112,,,,,,,,,,,
12,8,5,0,12080500,,МЦК,Повреждение вагона (вагонов),,,МЦК повреждение подвижного состава,Повреждение подвижного состава,METRO,,Крушения и аварии железнодорожных поездов,,Крушения и аварии железнодорожных поездов,Крушения и аварии железнодорожных поездов,Крушения и аварии железнодорожных поездов,,,Прочее,Прочее,,Травма,,,,,,карточка-112,карточка-112,,,,,,карточка-112,,,карточка-112,,,,,,,,карточка-112,,,,,,Повреждение подвижного состава,,Авария и происшествие на объектах транспортной инфраструктуры,Авария и происшествие на объектах транспортной инфраструктуры,карточка-112,,карточка-112,,,,,,,,,,,,,,карточка-112,карточка-112,,,,,,,,карточка-112,карточка-112,,,,,,,,,,,,,,,,,,,
12,8,6,0,12080600,,"МЦК (вагон, поезд, перегон, тоннель, вестибюль, станция, платформа, переход, экскалатор, депо)",Прочие происшествия (человек застрял в эскалаторе и т.д.),,,МЦК прочие происшествия,Падение с высоты,METRO,,Оказание помощи службам города (общее),,,,Оказание помощи службам города (общее),,,Прочее,Прочее,Падение с высоты,Падение с высоты,,,,,,Карточка-112,Карточка-112,,,,,,,,,,,,,,,,,Карточка-112,,,,,,Авария на метрополитене,,,,карточка-112,,,,,,,,,,,,,,,,карточка-112,карточка-112,,,,,,,,карточка-112,карточка-112,,,,,,,,,,,,,,,,,,,
12,8,7,0,12080700,,"МЦК (вагон, поезд, перегон, тоннель, вестибюль, станция, платформа, переход, экскалатор, депо)",Пожар,,,МЦК пожар,Пожар метро,MCHS,Пожар,,Пожар,,,,,пожар,,,Пожар,Пожар,,Пожар,,,карточка-112,карточка-112,карточка-112,карточка-112,карточка-112,,,,карточка-112,,,Карточка-112,,,,,,,,карточка-112,,,карточка-112,карточка-112,,Пожар: метро,,Авария и происшествие на объектах транспортной инфраструктуры,Авария и происшествие на объектах транспортной инфраструктуры,карточка-112,,карточка-112,,,,карточка -112,,,,,,,,,,карточка-112,карточка-112,,,,,,,,карточка-112,карточка-112,,,,,,карточка-112,,карточка-112,,,,,,,,,,,
12,8,8,0,12080800,,"МЦК (вагон, поезд, перегон, тоннель, вестибюль, станция, платформа, переход, экскалатор, депо)",Подтопление,,,МЦК подтопление,Подтопление сооружений метрополитена,MCHS,Подтопление зданий и сооружений,,Подтопление зданий и сооружений,,,,,Аварии в городском хозяйстве,,,,Травма,,,,,,,,,,,,карточка-112,,,карточка-112,Карточка-112,,карточка-112,карточка-112,,,,,,,,,,,Подтопление сооружений метрополитена,,Авария и происшествие на объектах транспортной инфраструктуры,,карточка-112,,карточка-112,,,,,,,,,,,,,,карточка-112,карточка-112,карточка-112,,,,,,,карточка-112,карточка-112,,,,,,,,,карточка -112,,,,,,,,,,
12,8,9,0,12080900,,"МЦК (вагон, поезд, перегон, тоннель, вестибюль, станция, платформа, переход, экскалатор, депо)",Поездная травма,,,МЦК - поездная травма,Поездная,AMBULANCE,,Прочие происшествия,,,,Прочие происшествия,,Прочее,,,Поездная,Поездная,,,,,,,,,,,,,,,,,,,,,,,,Карточка-112,,,,,,Поездная,,,,карточка-112,,,,,,,,,,,,,,,,карточка-112,карточка-112,,,,,,,,карточка-112,карточка-112,,,,,,,,,,,,,,,,,,,
12,8,10,0,12081000,,"МЦК (вагон, поезд, перегон, тоннель, вестибюль, станция, платформа, переход, экскалатор, депо)",Падение на рельсы,,,МЦК падение на рельсы,Падение с высоты,METRO,,Падение с высоты,,,,Падение с высоты,,Прочее,,,Падение с высоты,Падение с высоты,,,,,,Карточка-112,Карточка-112,,карточка-112,,,,,,,,,,,,,,,Карточка-112,,,,,,Авария на метрополитене,,,,карточка-112,,,,,,,,,,,,,,,,карточка-112,карточка-112,,,,,,,,карточка-112,карточка-112,,,,,,карточка-112,,,,,,,,,,,,,
12,8,11,0,12081100,,"МЦК (вагон, поезд, перегон, тоннель, вестибюль, станция, платформа, переход, экскалатор, депо)","Аварийная ситуация, неисправность",,,Аварийная ситуация на МЦК,Авария на метрополитене,MCHS,,,Крушения и аварии железнодорожных поездов,Крушения и аварии железнодорожных поездов,Крушения и аварии железнодорожных поездов,,,Аварии в городском хозяйстве,,,Травма,Травма,,,,,,,,карточка-112,карточка-112,,,карточка-112,,,карточка-112,,,,,,,,карточка-112,,,,карточка-112,,,Авария на метрополитене,,Авария и происшествие на объектах транспортной инфраструктуры,Авария и происшествие на объектах транспортной инфраструктуры,карточка-112,,,,,,,,,,,,,,,карточка-112,карточка-112,карточка-112,карточка-112,,,,,,,карточка-112,карточка-112,,,,,,,,,карточка -112,,,,,,,,,,
12,5,4,0,12050400,Остановка движения общественного транспорта,Транспорт жд,Задержка в движении скопление пассажиров,,,Скопление пассажиров на жд транспорте,Скопление пассажиров,MOSGORTRANS,,,,,,,,,,,,Травма,нет реагирования,,,,карточка-112,карточка-112,карточка-112,карточка-112,,,,,карточка-112,,карточка-112,карточка-112,,,,,,,,,,,,,,Скопление пассажиров,,,,карточка-112,,,,,,,,,,,,,,,,карточка-112,карточка-112,,,,,,,,карточка-112,,,,,,,,,,,,,,,,,,,,
12,1,4,0,12010400,,Транспорт воздушный,Задержка в движении скопление пассажиров,,,Скопление пассажиров на воздушном транспорте,Скопление пассажиров,MOSGORTRANS,,,,,,,,,,,,Травма,нет реагирования,,,,карточка-112,карточка-112,карточка-112,карточка-112,,,,,карточка-112,,карточка-112,карточка-112,,,,,,,,,,,,,,Скопление пассажиров,,,,карточка-112,,,,,,,,,,,,,,,,,,,,,,,,,карточка-112,,,,,,,,,,,,,,,,,,,,
12,9,1,0,12090100,,"Транспорт общественный (автобус, троллейбус, трамвай, маршрутка)",Задержка в движении скопление пассажиров,,,Скопление пассажиров на общественном наземном транспорте,Скопление пассажиров,MOSGORTRANS,,,,,,,,,,,,Травма,нет реагирования,,,,карточка-112,карточка-112,карточка-112,карточка-112,,,,,карточка-112,,карточка-112,карточка-112,,,,,,,,,,,,,,Скопление пассажиров,,,,карточка-112,,,,,,,,,,,,,,,,,,,,,,,,,карточка-112,,,,,,,,,,карточка -112,,,,,,,,,,
12,8,12,0,12081200,,МЦК,Задержка в движении скопление пассажиров,,,Скопление пассажиров МЦК,Скопление пассажиров,"METRO, MZD",,,,,,,,,,,,Травма,нет реагирования,,,,карточка-112,карточка-112,карточка-112,карточка-112,,,,,карточка-112,,,карточка-112,,,,,,,,карточка-112,,,,,,Скопление пассажиров,,Авария и происшествие на объектах транспортной инфраструктуры,Авария и происшествие на объектах транспортной инфраструктуры,карточка-112,,карточка-112,,,,,,,,,,,,,,карточка-112,карточка-112,,,,,,,,карточка-112,,,,,,,,,,,,,,,,,,,,
12,7,12,0,12071200,,Метро,Задержка в движении скопление пассажиров,,,Скополение пассажиров метро,Скопление пассажиров,"METRO, MZD",,,,,,,,,,,,Травма,нет реагирования,,,,карточка-112,карточка-112,карточка-112,карточка-112,,,,,карточка-112,,,карточка-112,,,,,,,,карточка-112,,,,,,Скопление пассажиров,,Авария и происшествие на объектах транспортной инфраструктуры,Авария и происшествие на объектах транспортной инфраструктуры,карточка-112,,карточка-112,,,,,,,,,,,,,,карточка-112,карточка-112,,,,,,,,карточка-112,,,,,,,,,,,,,,,,,,,,
12,9,2,0,12090200,,Транспорт общественный,Происшествие с водителем,,,Происшестве с водителем общественного наземного транспорта,ЧП с водителем,MOSGORTRANS,,,,,,,,прочее,,,,Травма,нет реагирования,,,,,карточка-112,карточка-112,карточка-112,,,,,карточка-112,,,карточка-112,,,,,,,,,,,,,,ЧП с водителем,,,,карточка-112,,,,,,,,,,,,,,,,,,,,,,,,,карточка-112,,,,,,,карточка-112,,карточка-112,,,,,,,,,,,
12,9,3,0,12090300,,Транспорт общественный,Происшествие с контролером,,,Происшестве с контролером общественного наземного транспорта,ЧП с контролером,MOSGORTRANS,,,,,,,,,прочее,Прочее,,Травма,нет реагирования,,,,,карточка-112,карточка-112,карточка-112,,,,,карточка-112,,,карточка-112,,,,,,,,,,,,,,ЧП с контролером,,,,карточка-112,,,,,,,,,,,,,,,,,,,,,,,,,карточка-112,,,,,,,,,карточка-112,,,,,,,,,,,
12,9,4,0,12090400,,Транспорт общественный,Происшествие с пассажиром,,,Происшестве с пассажиром общественного наземного транспорта,ЧП с пассажиром,MOSGORTRANS,,,,,,,,,прочее,Прочее,,Травма,нет реагирования,,,,,карточка-112,карточка-112,карточка-112,,,,,карточка-112,,,карточка-112,,,,,,,,,,,,,,ЧП с пассажиром,,,,карточка-112,,,,,,,,,,,,,,,,,,,,,,,,,карточка-112,,,,,,,,,карточка-112,,,,,,,,,,,
12,9,5,0,12090500,,Транспорт общественный,Происшествие с пешеходом,,,Происшествие с пешеходом и общественным наземным транспортом,ЧП с пешеходом,MOSGORTRANS,,,,,,,,,прочее,Прочее,,Травма,нет реагирования,,,,,карточка-112,карточка-112,карточка-112,,,,,карточка-112,,,карточка-112,,,,,,,,,,,,,,ЧП с пешеходом,,,,карточка-112,,,,,,,,,,,,,,,,,,,,,,,,,карточка-112,,,,,,,,,карточка-112,,,,,,,,,,,
12,99,1,0,12990100,,"Ававии на воздушном, водном, железнодорожном транспорте",От Службы 102,,,"Аварии на воздушном, водном, железнодорожном транспорте (от 102)",,,,прочие происшествия (условие оповещения -  Служба 101 добавляется диспетчером Службы 102),,,,,,"Аварии на воздушном, водном, железнодорожном транспорте (от 102)",,,Дежурство от МЧС,,,,авиационные катастрофы и аварии  (условие оповещения -  Служба 104 добавляется диспетчером Службы 102),карточка-112,,,,,карточка-112,,,,,,,,карточка-112,,,,карточка-112,,,,,,,,,Авария на транспорте от 102,,Авария и происшествие на объектах транспортной инфраструктуры,Авария и происшествие на объектах транспортной инфраструктуры,,,карточка-112,,карточка-112,,,,карточка-112,,,,,,,карточка-112,карточка-112,карточка-112,,,,,,,,карточка-112,карточка-112,,,,,,,,,,,,,,,,,,,
,,,,13,Запах газа,,,,,,,,прочие происшествия (условие оповещения -  Служба 101 добавляется диспетчером Службы 102),прочие происшествия (условие оповещения -  Служба 101 добавляется диспетчером Службы 102),,,,,,,,,,,,,аварии в городском хозяйстве  (условие оповещения -  Служба 104 добавляется диспетчером Службы 102),,,,,,,,,,,,,,,,,,,,,,,,,,,,,,,,,,,,,,,,,,,,,,,,,,,,,,,,,,,,,,,,,,,,,,,,,,,,
13,1,1,0,13010100,Запах газа на улице (вне помещения),Запах газа на улице,Коллектор,,,Запах бытового газа в коллекторе,Запах газа в коллекторе,MOSGAZ,,,,,Запах бытового газа,Запах бытового газа,,,,,,Отравление,нет реагирования,Запах газа в коллекторе,,,,,,,,,карточка-112,,,,,,,,,,,,карточка-112,,,,,,,,,,,карточка-112,карточка-112,,,,,,,,,,,,,,,карточка-112,карточка-112,,,,,,карточка-112,,карточка-112,карточка-112,,,,,,карточка-112,,,,,,,,,,,,,
13,1,2,0,13010200,,Запах газа на улице,Метро (тоннель),,,Запах бытового газа в метро (тоннеле),Запах газа в метро (тонелле),MOSGAZ,Запах бытового газа,,Запах бытового газа,,,,,запах газа,,,,Отравление,нет реагирования,Запах газа в метро (тоннеле),,,,,,,,,карточка-112,,,,,,,,,,,,,карточка-112,,,,,,Запах газа в метро (тонелле),,,,карточка-112,,,,,,,,,,,,,,,,карточка-112,карточка-112,,,,,,карточка-112,,карточка-112,карточка-112,,,,,,карточка-112,,,,,,,,,,,,,
13,1,3,0,13010300,,Запах газа на улице,Подземный переход,,,Запах бытового газа в подземном переходе,Запах газа в подземном переходе,MOSGAZ,,,,,Запах бытового газа,Запах бытового газа,,,,,,Отравление,нет реагирования,Запах газа в подземном переходе,,,,,,,,,карточка-112,,,,,,карточка-112,,,,,,,,,,,,,,,,,карточка-112,,,,,,,,,,,,,,,,карточка-112,карточка-112,,,,,,карточка-112,,карточка-112,карточка-112,,,,,,карточка-112,,,,,,,,,,,,,
13,1,4,0,13010400,,Запах газа на улице,Улица,,,Запах бытового газа на улице,Запах газа на улице,MOSGAZ,,,,,Запах бытового газа,Запах бытового газа,,,,,,Отравление,нет реагирования,Запах газа на улице,,,,,,,,,карточка-112,,,,,,,,,,,,,,,,,,,,,,,карточка-112,,,,,,,,,,,,,,,,карточка-112,карточка-112,,,,,,карточка-112,,карточка-112,карточка-112,,,,,,,,,,карточка-112,,,,,,,,,
13,1,5,0,13010500,,Запах газа на улице,От колодца (из люка),,,Запах бытовогогаза от колодца ,Запах газа от колодца,MOSGAZ,,,,,Запах бытового газа,Запах бытового газа,,,,,,Отравление,нет реагирования,Запах газа от колодца,,,,,,,,,карточка-112,,,,,,,,,,,,,,,,,,,,,,,карточка-112,,,,,,,,,,,,,,,,карточка-112,карточка-112,,,,,,карточка-112,,карточка-112,,,,,,,,,,,карточка-112,,,,,,,,,
13,1,6,0,13010600,,Запах газа на улице,У водоема,,,Запах бытового газа у водоема,Запах газа у водоема,MOSGAZ,,,,,Запах бытового газа,Запах бытового газа,,,,,,Отравление,нет реагирования,Запах газа у водоема,,,,,,,,,карточка-112,,,,,,,,,,,,,,,,,,,,,,,карточка-112,,,,,,,,,,,,,,,,карточка-112,карточка-112,,,,,,карточка-112,,карточка-112,,,,,,,,,,,карточка-112,,,,,,,,,
13,1,7,0,13010700,,Запах газа на улице,Прочее,,,"Запах бытового газа (прочее, вне помещения)",Запах бытового газа,MOSGAZ,Запах бытового газа,,,Запах бытового газа,,,,,,,,Отравление,нет реагирования,Запах газа на улице,,,,,,,,,карточка-112,,,,,,,,,,,,,,,,,,,,,,,карточка-112,,,,,,,,,,,,,,,,карточка-112,карточка-112,,,,,,карточка-112,,карточка-112,карточка-112,,,,,,,,,,карточка-112,,,,,,,,,
13,2,1,0,13020100,"Запах газа в помещении (в доме, в квартире)",Запах газа в помещении,Кухня,,,Запах бытового газа в кухне,Запах газа в кухне,MOSGAZ,Запах бытового газа,,,Запах бытового газа,,,,,,,,Отравление,нет реагирования,Запах газа в кухне,,,карточка-112,карточка-112,карточка-112,карточка-112,,,карточка-112,,,,,,,,,,,,,,,,,,,,,,,карточка-112,,,,,,,,,,,,,,,,карточка-112,карточка-112,,,,,,карточка-112,,карточка-112,карточка-112,,,,,,,,,,,,,,,,,,,
13,2,2,1,13020201,,Запах газа в помещении,Квартира помещение,Открыто,,Запах бытового газа в квартире,Запах газа в квартире,MOSGAZ,Запах бытового газа,,,Запах бытового газа,Запах бытового газа,Запах бытового газа,,,,,,Отравление,нет реагирования,Запах газа в квартире (помещении),,карточка-112,карточка-112,карточка-112,карточка-112,карточка-112,,,карточка-112,,,,,,,,,,,,,,,,,,,,,,,карточка-112,,,,,,,,,,,,,,,,карточка-112,карточка-112,,,,,,карточка-112,,карточка-112,карточка-112,,,,,,,,,,,,,,,,,,,
13,2,2,2,13020202,,Запах газа в помещении,Квартира помещение,Закрыто,,Запах бытового газа из закрытой квартиры,Запах газа из закрытой квартиры,MOSGAZ,Запах бытового газа,,Запах бытового газа,,,,,Помощь экстренным оперативным службам,,,,Отравление,нет реагирования,Запах газа из закрытой квартиры,,карточка-112,карточка-112,карточка-112,карточка-112,карточка-112,,,карточка-112,,,,,,,,,,,,,,,,,,,,,,,карточка-112,,,,,,,,,,,,,,,,карточка-112,карточка-112,,,,,,карточка-112,,карточка-112,карточка-112,,,,,,карточка-112,,,,,,,,,,,,,
13,2,2,3,13020203,,Запах газа в помещении,Квартира помещение,После пожара,,Запах бытового газа в квартире (после пожара),Запах газа в квартире (после пожара),MOSGAZ,Запах бытового газа,,,Запах бытового газа,Запах бытового газа,Запах бытового газа,,,,,,Отравление,нет реагирования,Запах газа в квартире (после пожара),,карточка-112,карточка-112,карточка-112,карточка-112,карточка-112,,,карточка-112,,,,,,,,,,,,,,,,,,,,,,,карточка-112,,,,,,,,,,,,,,,,карточка-112,карточка-112,,,,,,карточка-112,,карточка-112,карточка-112,,,,,,,,,,,,,,,,,,,
13,2,2,4,13020204,,Запах газа в помещении,Квартира помещение,Нежилое,,Запах бытового газа в помещении (нежилом),Запах газа в помещении (нежилом),MOSGAZ,Запах бытового газа,,,Запах бытового газа,Запах бытового газа,Запах бытового газа,,,,,,Отравление,нет реагирования,Запах газа в квартире (помещении),,,,,,,,,карточка-112,,,,,,,,,,,,,,,,,,,,,,,карточка-112,,,,,,,,,,,,,,,,карточка-112,карточка-112,,,,,,карточка-112,,карточка-112,карточка-112,,,,,,,,,,,,,,,,,,,
13,2,3,0,13020300,,Запах газа в помещении,Дом частный,,,Запах бытового газа в частном доме,Запах газа в частном доме,MOSGAZ,Запах бытового газа,,,Запах бытового газа,Запах бытового газа,Запах бытового газа,,,,,,Отравление,нет реагирования,Запах газа в частном доме,,карточка-112,карточка-112,карточка-112,карточка-112,карточка-112,,,карточка-112,,,,,,,,,,,,,,,,,,,,,,,карточка-112,,,,,,,,,,,,,,,,карточка-112,карточка-112,,,,,,карточка-112,,карточка-112,,,,,,,,,,,,,,,,,,,,
13,2,4,0,13020400,,Запах газа в помещении,От газововго оборудования,,,Запах от газовового оборудования,Запах газа от газового оборудования,MOSGAZ,Запах бытового газа,,,Запах бытового газа,Запах бытового газа,Запах бытового газа,,,,,,Отравление,нет реагирования,Запах газа от газового оборудования,,,,,,,,,карточка-112,,,,,,,,,,,,,,,,,,,,,,,карточка-112,,,,,,,,,,,,,,,,карточка-112,карточка-112,,,,,,карточка-112,,карточка-112,карточка-112,,,,,,,,,,,,,карточка-112,,,,,,
13,2,5,0,13020500,,Запах газа в помещении,В многоквартирном доме (подъезд и т.д.),,,Запах бытового газа в многоквартирном доме,Запах газа в многоквартирном доме,MOSGAZ,Запах бытового газа,,,Запах бытового газа,Запах бытового газа,Запах бытового газа,,,,,,Отравление,нет реагирования,Запах газа в многоквартирном доме,,,,,,,,,карточка-112,,,,,,,,,,,,,,,,,,,,,,,карточка-112,,,,,,,,,,,,,,,,карточка-112,карточка-112,,,,,,карточка-112,,карточка-112,карточка-112,,,,,,карточка-112,,,,,,,,,,,,,
13,2,6,0,13020600,,Запах газа в помещении,Прочее,,,"Запах бытового газа (прочее, в помещении)",Запах газа,MOSGAZ,Запах бытового газа,,,Запах бытового газа,,,,,Запах газа,Запах газа,,Отравление,нет реагирования,Запах газа в квартире (помещении),,,,,,,,,карточка-112,,,,,,,,,,,,,,,,,,,,,,,карточка-112,,,,,,,,,,,,,,,,карточка-112,карточка-112,,,,,,карточка-112,,карточка-112,карточка-112,,,,,,,,,,,,,,,,,,,
13,3,1,0,13030100,Нарушения в работе газового оборудования,Нарушение работы газового оборудования,Слабое горение,,,Слабое горение бытового газа,Слабое горение,MOSGAZ,,,,,,,,,,,,Отравление,нет реагирования,Слабое горение,,,,,,,,,карточка-112,,,,,,,,,,,,,,,,,,,,,,,карточка-112,,,,,,,,,,,,,,,,карточка-112,карточка-112,,,,,,карточка-112,,карточка-112,,,,,,,карточка-112,,,,,,,,,,,,,
13,3,2,1,13030201,,Нарушение работы газового оборудования,Нет газа,Дом частный,,Нет газа в частном доме,Нет газа ,MOSGAZ,,,,,,,,,,,,Отравление,нет реагирования,Нет газа,,,,,,,,,карточка-112,,,,,,,,,,,,,,,,,,,,,,,карточка-112,,,,,,,,,,,,,,,,карточка-112,карточка-112,,,,,,карточка-112,,карточка-112,,,,,,,,,,,,,,,,,,,,
13,3,2,2,13030202,,Нарушение работы газового оборудования,Нет газа,Квартира помещение ,,Нет газа в квартире (многоквартирном доме),Нет газа ,MOSGAZ,,,,,,,,,,,,Отравление,нет реагирования,Нет газа,,,,,,,,,карточка-112,,,,,,,,,,,,,,,,,,,,,,,карточка-112,,,,,,,,,,,,,,,,карточка-112,карточка-112,,,,,,карточка-112,,карточка-112,,,,,,,,,,,,,,,,,,,,
13,3,2,3,13030203,,Нарушение работы газового оборудования,Нет газа,Промышленное предприятие,,Нет газа на промышленном предприятии,Нет газа ,MOSGAZ,,,,,,,,,,,,Отравление,нет реагирования,Нет газа,,,,,,,,,карточка-112,,,,,,,,,,,,,,,,,,,,,,,карточка-112,,,,,,,,,,,,,,,,карточка-112,карточка-112,,,,,,карточка-112,,карточка-112,,,,,,,,,,,,,,,,,,,,
13,3,2,4,13030204,,Нарушение работы газового оборудования,Нет газа,Коммунально-бытовое предприятие,,Нет газа на бытовом предприятии,Нет газа ,MOSGAZ,,,,,,,,,,,,Отравление,нет реагирования,Нет газа,,,,,,,,,карточка-112,,,,,,,,,,,,,,,,,,,,,,,карточка-112,,,,,,,,,,,,,,,,карточка-112,карточка-112,,,,,,карточка-112,,карточка-112,,,,,,,,,,,,,,,,,,,,
13,3,3,0,13030300,,Нарушение работы газового оборудования,"Хлопок газа (Плита, колонка, котел)",,,Хлопок бытового газа,Хлопок газа,MOSGAZ,Запах бытового газа,,,Запах бытового газа,Запах бытового газа,Запах бытового газа,,,Прочее,Прочее,,Травма,нет реагирования,Хлопок газа,,,,,,,,,карточка-112,,,,,,,,,,,,,,,,,,,,,,,карточка-112,,,,,,карточка -112,,,,,,,,,,карточка-112,карточка-112,,,,,карточка-112,карточка-112,,карточка-112,карточка-112,,,,,,,,,,,,,,,,,,,
13,3,3,1,13030301,,Нарушение работы газового оборудования,"Хлопок газа (Плита, колонка, котел)",Возгорание,,Пожар (газовая плита),Пожар: газовая плита,MCHS,Пожар,,,,,,,Пожар,,,,Травма,нет реагирования,Возгорание газовой плиты или колонки,,,карточка-112,карточка-112,карточка-112,карточка-112,,,карточка-112,,,,,,,,,,,,,,,,,,,,,,Запах газа,карточка-112,,,,,,карточка -112,,,,,,,,,,карточка-112,карточка-112,,,,,карточка-112,карточка-112,,карточка-112,карточка-112,,,,,,карточка-112,,,,,,,,,,,,,
13,3,4,0,13030400,,Нарушение работы газового оборудования,Прочая неисправность газового оборудования,,,Неисправность газовового оборудования,Нарушение работы газового оборудования,MOSGAZ,,,,Запах бытового газа,Запах бытового газа,Запах бытового газа,,,,,,Травма,нет реагирования,Нарушение работы газового оборудования,,,,,,,,,карточка-112,,,,,,,,,,,,,,,,,,,,,,,,,,,,,,,,,,,,,,,карточка-112,карточка-112,,,,,,карточка-112,,карточка-112,карточка-112,,,,,,,,,,,,,карточка-112,,,,,,
13,3,5,0,13030500,,Нарушение работы газового оборудования,Вечный Огонь погас,,,Погас Вечный Огонь,Погас Вечный огонь,MOSGAZ,,,,,,,,Прочее,,,,Травма,нет реагирования,Погас Вечный огонь,,,,,,,,,,,,,,,,,,,,,,,,,,,,,,,,карточка-112,,,,,,,,,,,,,,,,карточка-112,карточка-112,,,,,,карточка-112,,карточка-112,,,,,,,,,,,,,,,,,,,,
13,4,1,0,13040100,,Повышенное давление газа,Дом частный,,,Повышенное давление бытового газа в частном доме,Повышенное давление бытового газа в частном доме,MOSGAZ,,,,,,,,,,,,Травма,нет реагирования,Повышение давления газа на ГРП,,,,,,,,,карточка-112,,,,,,,,,,,,,,,,,,,,,,,,,,,,,,,,,,,,,,,карточка-112,карточка-112,,,,,,карточка-112,,карточка-112,,,,,,,,,,,,,,,,,,,,
13,4,2,0,13040200,,Повышенное давление газа,Квартира помещение дом ,,,Повышенное давление бытового газа в квартире,Повышенное давление бытового газа в квартире,MOSGAZ,,,,,,,,,,,,Травма,нет реагирования,Повышение давления газа на ГРП,,,,,,,,,карточка-112,,,,,,,,,,,,,,,,,,,,,,,,,,,,,,,,,,,,,,,карточка-112,карточка-112,,,,,,карточка-112,,карточка-112,,,,,,,,,,,,,,,,,,,,
13,4,3,0,13040300,,Повышенное давление газа,Промышленное предприятие,,,Повышенное давление бытового газа на промышеленном предприятии,Повышенное давление бытового газа на промышеленном предприятии,MOSGAZ,,,,,,,,,,,,Травма,нет реагирования,Повышение давления газа на ГРП,,,,,,,,,карточка-112,,,,,,,,,,,,,,,,,,,,,,,,,,,,,,,,,,,,,,,карточка-112,карточка-112,,,,,,карточка-112,,карточка-112,,,,,,,,,,,,,,,,,,,,
13,4,4,0,13040400,,Повышенное давление газа,Коммунально-бытовое предприятие,,,Повышенное давление бытового газа на бытовом предприятии,Повышенное давление бытового газа на бытовом предприятии,MOSGAZ,,,,,,,,,,,,Травма,нет реагирования,Повышение давления газа на ГРП,,,,,,,,,карточка-112,,,,,,,,,,,,,,,,,,,,,,,,,,,,,,,,,,,,,,,карточка-112,карточка-112,,,,,,карточка-112,,карточка-112,,,,,,,,,,,,,,,,,,,,
13,5,1,0,13050100,Повреждение газопровода,Повреждение газопровода,Настенный снаружи дома,,"В:Искрение кабеля, обледенение провисание ","Нарушение на настенном газопроводе (искрение кабеля, обледенение, провисание)","Нарушение на настенном газопроводе (искрение кабеля, обледенение, провисание)",MOSGAZ,Аварии на коммунальных газопроводах,,,Аварии на коммунальных газопроводах,Аварии на коммунальных газопроводах,Аварии на коммунальных газопроводах,,,,,,,,"Нарушение на настенном газопроводе (искрение кабеля, обледенение, провисание)",,,,,,,,,карточка-112,,,,,,,,,,,,,,,,,,,"Нарушение на настенном газопроводе (искрение кабеля, обледенение, провисание)",,,,карточка-112,,,,,,,,,,,,,,,,карточка-112,карточка-112,,,,,,карточка-112,,карточка-112,карточка-112,,,,,,,,,,,,,,,,,,,
13,5,2,0,13050200,,Повреждение газопровода,Другой (уличый),,В:Гул шум свист вибрация запах газа столб газа,"Гул (шум, вибрация) от газопровода","Гул (шум, вибрация) от газопровода",MOSGAZ,Аварии на коммунальных газопроводах,,,Аварии на коммунальных газопроводах,Аварии на коммунальных газопроводах,Аварии на коммунальных газопроводах,,,,,,,,"Гул (шум, вибрация) от газопровода",,,,,,,,,Карточка-112,,,,,,,,,,,,,,,,,,,,,,,карточка-112,,,,,,,,,,,,,,,,карточка-112,карточка-112,,,,,,карточка-112,,карточка-112,карточка-112,,,,,,,,,,,,,,,,,,,
13,5,3,0,13050300,,Повреждение газопровода,Газовый шкаф пункт,,В:Гул шум свист вибрация запах газа столб газа,Гул (шум) на объекте АО МОСГАЗ,Гул (шум) на объекте АО МОСГАЗ,MOSGAZ,,,,Аварии на коммунальных газопроводах,Аварии на коммунальных газопроводах,Аварии на коммунальных газопроводах,,,,,,,,Гул (шум) на объекте АО МОСГАЗ,,,,,,,,,Карточка-112,,,,,,,,,,,,,,,,,,,,,,,карточка-112,,,,,,,,,,,,,,,,карточка-112,карточка-112,,,,,,карточка-112,,карточка-112,карточка-112,,,,,,,,,,,,,,,,,,,
,,,,14,Аварии и происшествия в городском хозяйстве ,,,,,,,,,,,,,,,,,,,,,,,,,,,,,,,,,,,,,,,,,,,,,,,,,,,,,,,,,,,,,,,,,,,,,,,,,,,,,,,,,,,,,,,,,,,,,,,,,,
14,1,1,0,14010100,Массовое отключение в городском хозяйстве,Массовое отключение (Несколько домов квартал район округ) ,Телефонная связь телефонная станция,,"В: менее 24 часов, более 24 часов",Массовое отключение стационарной телефонной связи,Аварии на системах коммуникаций,MCHS,Аварии на электросетях,,Аварии на электросетях,,,,,Аварии в городском хозяйстве,,,,Травма,,,,,Карточка-112,Карточка-112,Карточка-112,Карточка-112,,,,,,,,Карточка-112,,,,,,карточка-112,,,,,,,,,,,,карточка-112,,,,,,,,,,,,,,,,карточка-112,карточка-112,,,карточка-112,,,карточка-112,,карточка-112,карточка-112,,,,,,карточка-112,,,,,,,,,,,,,
14,1,2,0,14010200,,Массовое отключение (Несколько домов квартал район округ) ,Нет света,,,Отключение электроэнергии,Аварии на электросетях                                ,MOESK,Аварии на электросетях,,Аварии на электросетях,,,,,Аварии в городском хозяйстве,,,,Травма,нет реагирования,,,,Карточка-112,Карточка-112,Карточка-112,Карточка-112,,,,,карточка-112,,,Карточка-112,,,,,,,,,,,Карточка-112,Карточка-112,,,,,,карточка-112,,,,,,карточка -112,,,,Карточка-112,,,,,карточка-112,карточка-112,карточка-112,,,карточка-112,,карточка-112,карточка-112,,карточка-112,карточка-112,,,,,,карточка-112,,,,,,,,,,,,,
14,1,2,1,14010201,,Массовое отключение (Несколько домов квартал район округ) ,Нет света,более 24 часов,,Отключение электроэнергии более 24 часов,Отключение электроэнергии более чем на 24 часа ,MOESK,Аварии на электросетях,,Аварии на электросетях,,,,,Аварии в городском хозяйстве,,,,Травма,нет реагирования,,,,Карточка-112,Карточка-112,Карточка-112,Карточка-112,Карточка-112,,,,,,,Карточка-112,,,,,,,,,,,Карточка-112,Карточка-112,,,,Авария (катастрофа) техногенного или природного характера,Авария (катастрофа) техногенного или природного характера,карточка-112,,,,,,карточка -112,,,,,,,,,,карточка-112,карточка-112,,,карточка-112,,,карточка-112,,карточка-112,карточка-112,,,,Отключение электроэнергии более 24 часов,карточка-112,карточка-112,,,,,,,,,,,,,
14,1,2,2,14010202,,Массовое отключение (Несколько домов квартал район округ) ,Нет света ,Проезжая часть тоннель,"В: менее 24 часов, более 24 часов","Нет света (проезжая часть, тоннель)",Аварии на электросетях                                ,MOESK,Аварии на электросетях,,Аварии на электросетях,,,,,Аварии в городском хозяйстве,,,,Травма,нет реагирования,,,,Карточка-112,Карточка-112,Карточка-112,Карточка-112,,,,,карточка-112,,,Карточка-112,,,,,,,,,,,,Карточка-112,,Авария на электросетях,,,,карточка-112,,,,,,,,,,Карточка-112,,,,,карточка-112,карточка-112,карточка-112,,,,,,карточка-112,,карточка-112,карточка-112,,,,,,,,,,,,,,,,,,,
14,1,3,0,14010300,,Массовое отключение (Несколько домов квартал район округ) ,Нет воды,,"В: менее 24 часов, более 24 часов",Отключение водоснабжения,Авария на водопроводе                                         ,MOSVODOCANAL,Авария на водопроводе,,Авария на водопроводе,,,,,Аварии в городском хозяйстве,,,,Травма,нет реагирования,,,,Карточка-112,Карточка-112,Карточка-112,Карточка-112,,,,,,,Карточка-112,Карточка-112,,,,,,,,,УТЕЧКА ВОДЫ,,,,,,,,Авария (катастрофа) техногенного или природного характера,карточка-112,,,,,,карточка -112,,,,,,,,,,карточка-112,карточка-112,,,карточка-112,,,карточка-112,,карточка-112,карточка-112,,,,,,карточка-112,,,,,,,,,,,,,
14,1,4,0,14010400,,Массовое отключение (Несколько домов квартал район округ) ,Нет отопления,,"В: менее 24 часов, более 24 часов",Отключение отопления,Авария на теплотрассе                   ,MOEK,Авария на теплотрассе,,Авария на теплотрассе,,,,,Аварии в городском хозяйстве,,,,Травма,нет реагирования,,,,Карточка-112,Карточка-112,Карточка-112,Карточка-112,,,,,,,Карточка-112,Карточка-112,,,,,,,,,,Карточка-112,,,,,Карточка-112,,Авария (катастрофа) техногенного или природного характера,карточка-112,,,,,,карточка -112,,,,,,,,,,карточка-112,карточка-112,,,карточка-112,,,карточка-112,,карточка-112,,,,,,,карточка-112,,,,,,,,,,,,,
14,1,5,0,14010500,,Массовое отключение (Несколько домов квартал район округ) ,Нет света и воды и отопления,,"В: менее 24 часов, более 24 часов","Отключение света, воды и отопления",Авария на энергосистеме,,Авария на энергосистеме,,Авария на энергосистеме,,,,,Аварии в городском хозяйстве,,,,,,,,,Карточка-112,Карточка-112,Карточка-112,Карточка-112,Карточка-112,,,,,,,Карточка-112,,,,,,,,,нет воды в здании,Карточка-112,Карточка-112,Карточка-112,,,Карточка-112,Авария (катастрофа) техногенного или природного характера,Авария (катастрофа) техногенного или природного характера,карточка-112,,,,,,карточка -112,,,,Карточка-112,,,,,карточка-112,карточка-112,карточка-112,,,карточка-112,,,карточка-112,,карточка-112,карточка-112,,,,,,карточка-112,,,,,,,,,,,,,
14,2,1,0,14020100,Аварии в городском хозяйстве - прорыв воды ,Прорыв воды ,Водопроводная колонка или подводка,,,Прорыв водопроводной колонки (проводки),Течет водопроводная колонка или подводка,MOSVODOCANAL,,,,,,,,,,,,Травма,нет реагирования,,,,,,,,,,,,,,Карточка-112,Карточка-112,,,,,,,,,Течет водопроводная колонка или подводка,,,,,,,,,карточка-112,,,,,,,,,,,,,,,,карточка-112,карточка-112,,,,,,карточка-112,,карточка-112,,,,,,,,,,,,,,,,,,,,
14,2,2,0,14020200,,Прорыв воды,в ЦТП или в теплосети,,,Прорыв воды в теплосети,При повреждениях на магистральных тепловых сетях…,,,,,,,,,,,Аварии в городском хозяйстве,,,,Прорыв теплосети (водопровода),,,Карточка-112,Карточка-112,Карточка-112,Карточка-112,,,,,,,Карточка-112,Карточка-112,,,,,,,,,,Карточка-112,,,,,,,,карточка-112,Карточка-112,,,,,карточка -112,,,,,,,,,,карточка-112,карточка-112,,,карточка-112,,,карточка-112,,карточка-112,,,,,Прорыв воды в теплосети,карточка-112,,,,карточка -112,,,,,,,,,,
14,2,3,0,14020300,,"Прорыв воды (холодной, горячей воды, в т.ч. системы отопления)",Дом многоквартирный квартира подъезд подвал,,,Течь (прорыв трубы) в квартире (подъезде подвале), Течь/прорыв труб (в квартире),,,,,,,,,,,Аварии в городском хозяйстве,,,,,Прорыв теплосети (водопровода),,,,,,,,,,,,Карточка-112,Карточка-112,,,,,,,,,,,,,,,,,,карточка-112,,,,,,,,,,,,,,,,карточка-112,карточка-112,,,,,,карточка-112,,карточка-112,,,,,,,,,,,,,,,,,,,,
14,2,4,0,14020400,,"Прорыв воды (холодной, горячей воды, в т.ч. системы отопления)",Проезжая часть ,,,Прорыв воды на проезжей части,Подтопление проезжей части,MCHS,Подтопление зданий и сооружений,,,,,,,,Аварии в городском хозяйстве,Аварии в городском хозяйстве,,Травма,нет реагирования,Прорыв теплосети (водопровода),,,,,,,,,,Карточка-112,,,Карточка-112,Карточка-112,,карточка-112,,,,,,,"Вода из земли, прочее",Карточка-112,,,,Подтопление проезжей части,,,,карточка-112,карточка-112,,,,,карточка -112,карточка-112,,,,,,,,,карточка-112,карточка-112,карточка-112,,карточка-112,,,карточка-112,,карточка-112,карточка-112,,,,,,карточка-112,,,карточка -112,,,,,,,,,,
14,2,5,0,14020500,,"Прорыв воды (холодной, горячей воды, в т.ч. системы отопления)",Тоннель,,,Прорыв воды в тоннеле,"Скопление воды, затопление путей, тоннелей",MCHS,Подтопление зданий и сооружений,,,,,,,Аварии в городском хозяйстве,,,,Травма,нет реагирования,,,,,,,,,,,,,,Карточка-112,Карточка-112,,карточка-112,карточка-112,,,,,,"Вода из земли, прочее",Карточка-112,,,,"Скопление воды, затопление путей, тоннелей",,,,карточка-112,,,,,,карточка -112,карточка-112,,,,,,,,,карточка-112,карточка-112,,,карточка-112,,,карточка-112,,карточка-112,карточка-112,,,,,,карточка-112,,,карточка -112,,,,,,,,,,
14,2,6,1,14020601,,"Прорыв воды (холодной, горячей воды, в т.ч. системы отопления)",Двор тротуар ,"на газоне, земле",,Прорыв воды на газоне (земле),Поступает вода из земли,MCHS,Авария на водопроводе,,,,,,,,,Аварии в городском хозяйстве,,Травма,нет реагирования,Прорыв теплосети (водопровода),,,,,,,,,,,,,Карточка-112,Карточка-112,,карточка-112,карточка-112,,,,,,"Вода из земли, прочее",Карточка-112,,,,Поступает вода из земли,,,,карточка-112,,,,,,карточка -112,Карточка-112,Карточка-112,,,,,,,,карточка-112,карточка-112,,,,,,карточка-112,,карточка-112,,,,,,,,,,карточка -112,,,,,,,,,,
14,2,6,2,14020602,,"Прорыв воды (холодной, горячей воды, в т.ч. системы отопления)",Двор тротуар ,из-под асфальта ,,Прорыв воды из-под асфальта,Поступает вода из-под асфальта,MCHS,Авария на водопроводе,,,,,,,,,Аварии в городском хозяйстве,,Травма,нет реагирования,Прорыв теплосети (водопровода),,,,,,,,,,,,,Карточка-112,Карточка-112,,,,,,,Карточка-112,,"вода из-под асфальта, прочее",Карточка-112,,,,Поступает вода из-под асфальта,,,,карточка-112,,,,,,карточка -112,Карточка-112,,,,,,,,,карточка-112,карточка-112,,,,,,карточка-112,,карточка-112,,,,,,,карточка-112,,,карточка -112,,,,,,,,,,
14,2,6,3,14020603,,"Прорыв воды (холодной, горячей воды, в т.ч. системы отопления)",Двор тротуар газон,из колодца (люка),,Прорыв воды из люка (колодца),Поступает вода из колодца,MCHS,Авария на водопроводе,,,,,,,,,Аварии в городском хозяйстве,,Травма,нет реагирования,Прорыв теплосети (водопровода),,,,,,,,,,,,,Карточка-112,Карточка-112,,,,,,,Карточка-112,,Поступает вода из колодца,Карточка-112,,,,Поступает вода из колодца,,,,карточка-112,карточка-112,,,,,карточка -112,Карточка-112,,,,,,,,,карточка-112,карточка-112,,,,,,карточка-112,,карточка-112,,,,,,,карточка-112,,,карточка -112,,,,,,,,,,
14,2,7,0,14020700,,"Прорыв воды (холодной, горячей воды, в т.ч. системы отопления)",В котлован строителей,,,Вода в котловане строителей,Поступает вода в котлован строителей,MOSVODOCANAL,,Прочие происшествия,,,,,,,,Аварии в городском хозяйстве,,Травма,нет реагирования,,,,,,,,,,,,,,Карточка-112,Карточка-112,,,,,,,,,Поступает вода в котлован строителей,,,,,,,,,карточка-112,,,,,,,Карточка-112,,,,,,,,,карточка-112,карточка-112,,карточка-112,,,,карточка-112,,карточка-112,,,,,Вода в котловане строителей,карточка-112,,,,карточка -112,,,,,Карточка-112,,,,,
14,3,1,0,14030100,Происшествия в жилищно-коммунальным  хозяйстве - локального частного характера,Повод локального (частного) коммунального характера,"починить кран, заменить лампочку, нет отопления и т.д.",,,Частная проблема коммунального характера,Городское хозяйство: Другое,GKH,,,,,,,,,,,,Травма,нет реагирования,,,,,,,,,,,,,,,Карточка-112,,,,,,,,,,,,,,,,,,,,,,,,,,,,,,,,,,карточка-112,карточка-112,,,,,,карточка-112,,карточка-112,,,,,,,,,,,,,,,,,,,,
14,3,2,1,14030201,,Повод локального (частного) коммунального характера,Нет света,"Квартира, подъезд, дом",,"Нет света в квартире (подъезде, доме)","Перепады напряжения (мигание, временное отключение электроэнергии)",OEK,,,,,,,,,,,,Травма,нет реагирования,,,,,,,,,,,,,,,Карточка-112,,,,,,,,,,,,карточка-112,,,,,,карточка-112,,,,,,,,,,,,,,,,карточка-112,карточка-112,,,,,,карточка-112,,карточка-112,,,,,,,,,,,,,,,,,,,,
14,3,2,2,14030202,,Повод локального (частного) коммунального характера,Нет света,Двор,,Нет света во дворе,Неисправность элементов уличного освещения (дворовая территория),OEK,,,,,,,,,,,,Травма,нет реагирования,,,,,,,,,,,,,,,Карточка-112,,,,,,,,,,,,карточка-112,,,,,,,,,,,,,,,,,,,,,,карточка-112,карточка-112,,,,,,карточка-112,,карточка-112,,,,,,,,,,,,,,,,,,,,
14,3,2,3,14030203,,Повод локального (частного) коммунального характера,Горит уличное освещение в дневное время,,,Горит уличное освещение в дневное время,,OEK,,,,,,,,,,,,Травма,нет реагирования,,,,,,,,,,,,,,,Карточка-112,,,,,,,,,,,,,,,,,,,,,,,,,,,,,,,,,,карточка-112,карточка-112,,,,,,карточка-112,,карточка-112,,,,,,,,,,,,,,,,,,,,
14,3,2,4,14030204,,Повод локального (частного) коммунального характера,Нет света,Проезжая часть,,Нет света на проезжей части,,OEK,,,,,,,,,,,,Травма,нет реагирования,,,,,,,,,,,,,,,Карточка-112,,,,,,,,,,,,карточка-112,,,,,,,,,,,,,,,,,,,,,,карточка-112,карточка-112,,,,,,карточка-112,,карточка-112,,,,,,,,,,,,,,,,,,,,
14,3,2,5,14030205,,Повод локального (частного) коммунального характера,Работает сирена,,,Работает сирена,,,,,,,,,,,,,,Травма,нет реагирования,,,,,,,,,,,,,,,Карточка-112,,,,,,,,,,,,,,,,,,,,,,,,,,,,,,,,,,карточка-112,карточка-112,,,,,,карточка-112,,карточка-112,,,,,,,карточка-112,,,,,,,,,,,,,
14,4,1,0,14040100,"Качество воды, нет воды, канализация",Водоснабжение и канализация,Ржавая вода,,,Ржавая вода,Ржавая вода,MOSVODOCANAL,,,,,,,,,,,,Травма,нет реагирования,,,,,,,,,,,,,,,Карточка-112,,,,,,,,,Ржавая вода,Карточка-112,,,,,,,,карточка-112,,,,,,,,,,,,,,,,карточка-112,карточка-112,,,,,,карточка-112,,карточка-112,,,,,,,,,,,,,,,,,,,,
14,4,2,0,14040200,,Водоснабжение и канализация,Мутная вода,,,Мутная вода,Мутная вода,MOSVODOCANAL,,,,,,,,,,,,Травма,нет реагирования,,,,,,,,,,,,,,,Карточка-112,,,,,,,,,Мутная вода,,,,,,,,,карточка-112,,,,,,,,,,,,,,,,карточка-112,карточка-112,,,,,,карточка-112,,карточка-112,,,,,,,,,,,,,,,,,,,,
14,4,3,0,14040300,,Водоснабжение и канализация,Вода с запахом,,,Вода с запахом,Вода с запахом,MOSVODOCANAL,,,,,,,,,,,,Травма,нет реагирования,,,,,,,,,,,,,,,Карточка-112,,,,,,,,,Вода с запахом,Карточка-112,,,,,,,,карточка-112,,,,,,,,,,,,,,,,карточка-112,карточка-112,,,,,,карточка-112,,карточка-112,,,,,,,,,,,,,,,,,,,,
14,4,4,0,14040400,,Водоснабжение и канализация,Вода спеском,,,Вода с песком,Вода с песком,MOSVODOCANAL,,,,,,,,,,,,Травма,нет реагирования,,,,,,,,,,,,,,,Карточка-112,,,,,,,,,Вода с песком,,,,,,,,,карточка-112,,,,,,,,,,,,,,,,карточка-112,карточка-112,,,,,,карточка-112,,карточка-112,,,,,,,,,,,,,,,,,,,,
14,4,5,0,14040500,,Водоснабжение и канализация,Водаокрашена,,,Вода окрашена,Окрашенная вода,MOSVODOCANAL,,,,,,,,,,,,Травма,нет реагирования,,,,,,,,,,,,,,,Карточка-112,,,,,,,,,Окрашенная вода,,,,,,,,,карточка-112,,,,,,,,,,,,,,,,карточка-112,карточка-112,,,,,,карточка-112,,карточка-112,,,,,,,,,,,,,,,,,,,,
14,4,6,0,14040600,,Водоснабжение и канализация,Вода с осадком,,,Вода с осадком,Вода с осадком,MOSVODOCANAL,,,,,,,,,,,,Травма,нет реагирования,,,,,,,,,,,,,,,Карточка-112,,,,,,,,,Вода с осадком,Карточка-112,,,,,,,,карточка-112,,,,,,,,,,,,,,,,карточка-112,карточка-112,,,,,,карточка-112,,карточка-112,,,,,,,,,,,,,,,,,,,,
14,4,7,0,14040700,,Водоснабжение и канализация,Вода с пленкой на поверхности,,,Вода с пленкой,Вода с пленкой на поверхности,MOSVODOCANAL,,,,,,,,,,,,Травма,нет реагирования,,,,,,,,,,,,,,,Карточка-112,,,,,,,,,Вода с пленкой на поверхности,,,,,,,,,карточка-112,,,,,,,,,,,,,,,,карточка-112,карточка-112,,,,,,карточка-112,,карточка-112,,,,,,,,,,,,,,,,,,,,
14,4,8,0,14040800,,Водоснабжение и канализация,Нет воды в квартире,,,Нет воды в квартире,Городское хозяйство: Другое,GKH,,,,,,,,,,,,Травма,нет реагирования,,,,,,,,,,,,,,,Карточка-112,,,,,,,,,,,,,,,,,,,,,,,,,,,,,,,,,,карточка-112,карточка-112,,,,,,карточка-112,,карточка-112,,,,,,,,,,,,,,,,,,,,
14,4,9,0,14040900,,Водоснабжение и канализация,Нет воды на верхних этажах,,,Нет воды на верхних этажах,Нет воды на верхних этажах,MOSVODOCANAL,,,,,,,,,,,,Травма,нет реагирования,,,,,,,,,,,,,,,Карточка-112,,,,,,,,,Нет воды на верхних этажах,,,,,,,,,карточка-112,,,,,,,,,,,,,,,,карточка-112,карточка-112,,,,,,карточка-112,,карточка-112,,,,,,,,,,,,,,,,,,,,
14,4,10,0,14041000,,Водоснабжение и канализация,Нет воды в здании,,,Нет воды во всем доме,Нет воды в здании,MOSVODOCANAL,,,,,,,,,,,,Травма,нет реагирования,,,,,,,,,,,,,,,Карточка-112,,,,,,,Карточка-112,,Нет воды в здании,Карточка-112,,,,,,,,карточка-112,,,,,,,,,,,,,,,,карточка-112,карточка-112,,,,,карточка-112,карточка-112,,карточка-112,,,,,,,,,,,,,,,,,,,,
14,4,11,0,14041100,,Водоснабжение и канализация,Не работает водопроводная колонка,,,Не работает водопроводная колонка,Не работает водопроводная колонка,MOSVODOCANAL,,,,,,,,,,,,Травма,нет реагирования,,,,,,,,,,,,,,,,,,,,,,,,Не работает водопроводная колонка,,,,,,,,,карточка-112,,,,,,,,,,,,,,,,карточка-112,карточка-112,,,,,,карточка-112,,карточка-112,,,,,,,,,,,,,,,,,,,,
14,4,12,0,14041200,,Водоснабжение и канализация,Массовое отключение воды (Несколько домов квартал район округ) ,,"В: менее 24 часов, более 24 часов",Нет воды в нескольких домах,Авария на водопроводе                                         ,MOSVODOCANAL,Авария на водопроводе,,,,,,,Аварии в городском хозяйстве,,,,Травма,нет реагирования,,,,Карточка-112,Карточка-112,Карточка-112,Карточка-112,,,,,,,Карточка-112,Карточка-112,,,,,,,,,УТЕЧКА ВОДЫ,,,,,,,,Авария (катастрофа) техногенного или природного характера,карточка-112,,,,,,карточка -112,,,,,,,,,,карточка-112,карточка-112,,,,,карточка-112,карточка-112,,карточка-112,,,,,,,карточка-112,,,,,,,,,,,,,
14,4,13,0,14041300,,Водоснабжение и канализация,Запах канализации,,,Запах канализации,Запах канализации,MOSVODOCANAL,,,,,,,,,,,,Травма,нет реагирования,,,,,,,,,,,,,,,Карточка-112,,,,,,,,,Запах канализации,,,,,,,,,карточка-112,,,,,,,,,,,,,,,,карточка-112,карточка-112,,,,,,карточка-112,,карточка-112,,,,,,,,,,,карточка-112,,,,,,,,,
14,4,14,0,14041400,,Водоснабжение и канализация,Засор наружной канализационной сети,,,Засор наружной канализации,Засор наружной канализационной сети,MOSVODOCANAL,,,,,,,,,,,,Травма,нет реагирования,,,,,,,,,,,,,,,Карточка-112,,,,,,,,,Засор наружной канализационной сети,,,,,,,,,карточка-112,,,,,,,,,,,,,,,,карточка-112,карточка-112,,,,,,карточка-112,,карточка-112,,,,,,,,,,,,,,,,,,,,
14,4,15,0,14041500,,Водоснабжение и канализация,Засор внутренней канализации,,,Засор внутренней канализации,Городское хозяйство: Другое,GKH,,,,,,,,,,,,Травма,нет реагирования,,,,,,,,,,,,,,,Карточка-112,,,,,,,,,,,,,,,,,,,,,,,,,,,,,,,,,,карточка-112,карточка-112,,,,,,карточка-112,,карточка-112,,,,,,,,,,,,,,,,,,,,
14,5,1,0,14050100,Электрощитовая,Электрощитовая,Сломана дверь,,,Сломана дверь электрощитовой,Сломана дверь электрощитовой в распределительной подстанции,OEK,,,,,,,,,,,,Травма,нет реагирования,,,,,,,,,,,,,,,Карточка-112,,,,,,,,,,,,Карточка-112,,,,,Авария (катастрофа) техногенного или природного характера,,,,,,,,,,,,,,,,,карточка-112,карточка-112,,,,,,карточка-112,,карточка-112,,,,,,,,,,,,,,,,,,,,
14,5,2,0,14050200,,Электрощитовая,Открыта дверь,,,Элеектрощитовая - открыта дверь,Открыта дверь электрощитовой в распределительной подстанции,OEK,,,,,,,,,,,,Травма,нет реагирования,,,,,,,,,,,,,,,Карточка-112,,,,,,,,,,,,Карточка-112,,,,,Авария (катастрофа) техногенного или природного характера,,,,,,,,,,,,,,,,,карточка-112,карточка-112,,,,,,карточка-112,,карточка-112,,,,,,,,,,,,,,,,,,,,
14,5,3,0,14050300,,Электрощитовая,Неисправность,,,Неисправность электрощитовой,Неисправность в электрощитовой,OEK,,,,,,,,,,,,Травма,нет реагирования,,,,,,,,,,,,,,,Карточка-112,,,,,,,,,,,,Карточка-112,,,,,,,,,,,,,,,,,,,,,,карточка-112,карточка-112,,,,,,карточка-112,,карточка-112,,,,,,,,,,,,,,,,,,,,
14,6,1,1,14060101,Провал грунта яма,Провал грунта яма,Газон,До 2х2,,Провал на газоне,Провалы грунта на газоне    ,MCHS,,Провалы грунта,,,,,,,,Аварии в городском хозяйстве,,Травма,нет реагирования,,,,,,,,,,,,,,Карточка-112,,,,,,,,,,,Карточка-112,Карточка-112,,,Провалы грунта на газоне,,,,карточка-112,Карточка-112,,,,,,Карточка-112,Карточка-112,,,,,,,,карточка-112,карточка-112,,,,,,карточка-112,,карточка-112,,,,,,,,,,карточка -112,,,,,,,,,,
14,6,2,1,14060201,,Провал грунта яма,Двор тротуар,До 2х2 метров на тротуаре,,Провал на тротуаре,Провалы грунта с угрозой людям    ,MCHS,,Провалы грунта с угрозой людям ,,Провалы грунта,Провалы грунта,Провалы грунта,,,,Аварии в городском хозяйстве,,Травма,нет реагирования,,,,карточка-112,карточка-112,карточка-112,карточка-112,,,,,,,Карточка-112,,,,,,,Карточка-112,,,Провал на проезжей части,Карточка-112,Карточка-112,Карточка-112,,Провалы грунта с угрозой людям,,,,карточка-112,Карточка-112,,,,,,Карточка-112,,,,,,,,,карточка-112,карточка-112,,,,,,карточка-112,,карточка-112,,,,,,,,,,карточка -112,,,,,,,,,,
14,6,3,2,14060302,,Провал грунта яма,Двор тротуар газон,Более 2х2 метров,,Провал более 2*2 метров,Провал грунта (более 2х2 метров или с разрушением коммуникаций),MCHS,Провалы грунта,,,Провалы грунта,Провалы грунта,Провалы грунта,,Аварии в городском хозяйстве,,,,Травма,нет реагирования,Провал,,,карточка-112,карточка-112,карточка-112,карточка-112,,,,,,,Карточка-112,Карточка-112,,,,,,,,,Провал на проезжей части,Карточка-112,Карточка-112,Карточка-112,,Провал грунта (более 2х2 метров или с разрушением коммуникаций),,,,карточка-112,Карточка-112,,,,,,Карточка-112,Карточка-112,,,,,,,,карточка-112,карточка-112,,,карточка-112,,,карточка-112,,карточка-112,,,,,Провал более 2*2 метров,карточка-112,,,,карточка -112,,,,,Карточка-112,,,,,
14,6,3,3,14060303,,Провал грунта яма,Двор тротуар газон,Коммуникации разрушение повреждение,,Провал с разрушением коммуникаций,Провал грунта (более 2х2 метров или с разрушением коммуникаций),MCHS,Провалы грунта,,,Провалы грунта,Провалы грунта,Провалы грунта,,Аварии в городском хозяйстве,Аварии в городском хозяйстве,Аварии в городском хозяйстве,,Травма,нет реагирования,Провал,,,карточка-112,карточка-112,карточка-112,карточка-112,,,,,,,Карточка-112,Карточка-112,,,,,,карточка-112,,,Провал на проезжей части,Карточка-112,Карточка-112,Карточка-112,,Провал грунта (более 2х2 метров или с разрушением коммуникаций),,,,карточка-112,Карточка-112,,,,,,Карточка-112,,,,,,,,,карточка-112,карточка-112,,,карточка-112,,,карточка-112,,карточка-112,,,,,Провал с разрушением коммуникаций,карточка-112,,,,карточка -112,карточка-112,,,,Карточка-112,,,,,
14,6,3,4,14060304,,Провал грунта яма,Двор тротуар газон,Вода фонтан ,,Провал фонтан воды,Провал грунта (более 2х2 метров или с разрушением коммуникаций),MCHS,Провалы грунта,,,Провалы грунта,Провалы грунта,Провалы грунта,,Аварии в городском хозяйстве,,,,Травма,нет реагирования,Провал,,,карточка-112,карточка-112,карточка-112,карточка-112,,,,,,,Карточка-112,Карточка-112,,,,,,,,,Провал на проезжей части,Карточка-112,Карточка-112,Карточка-112,,Провал грунта (более 2х2 метров или с разрушением коммуникаций),,,,карточка-112,Карточка-112,,,,,карточка -112,Карточка-112,,,,,,,,,карточка-112,карточка-112,,,,,,карточка-112,,карточка-112,,,,,,,,,,карточка -112,карточка-112,,,,,,,,,
14,6,3,5,14060305,,Провал грунта яма,Двор тротуар газон,Вода вытекает,,Провал утечка воды,Промоина,MCHS,,Провалы грунта,,Провалы грунта,Провалы грунта,Провалы грунта,,Аварии в городском хозяйстве,,,,Травма,нет реагирования,,,,,карточка-112,карточка-112,,,,,,,,Карточка-112,Карточка-112,,,карточка-112,,,,,,,Карточка-112,,,,,,,,карточка-112,Карточка-112,,,,,,Карточка-112,,,,,,,,,карточка-112,карточка-112,,,,,,карточка-112,,карточка-112,,,,,,,,,,карточка -112,карточка-112,,,,,,,,,
14,6,3,6,14060306,,Провал грунта яма,Двор тротуар газон,"Просадка, повреждение дорожного покрытия",,Повреждение дорожного покрытия во дворе,Ямы/выступы на проезжей части/тротуаре,,,,,,,,,,,Аварии в городском хозяйстве,,,,Провал,,,,,,,,,,Карточка-112,,,Карточка-112,,,,,,,,,,,,,,,,,,,карточка-112,Карточка-112,,,,,,Карточка-112,,,,,,,,,карточка-112,карточка-112,карточка-112,,,,,карточка-112,,карточка-112,,,,,,,,,,,,,,,,,,,,
14,6,4,1,14060401,,Провал грунта яма,Проезжая часть,"Просадка, повреждение дорожного покрытия",,Повреждение дорожного покрытия на проезжей части,Ямы/выступы на проезжей части/тротуаре,,,,,,,,,Аварии в городском хозяйстве,,,,,,Провал,,,,,,,,,,Карточка-112,,,Карточка-112,,,карточка-112,,,,,,,,,,,,,,,,карточка-112,Карточка-112,,,,,,Карточка-112,,,,,,,,,карточка-112,карточка-112,карточка-112,,,,,карточка-112,,карточка-112,карточка-112,,,,,,,,,карточка -112,,,,,,,,,,
14,6,4,2,14060402,,Провал грунта яма,Проезжая часть,До 2х2 метров,,Провал на проезжей части,Провал на проезжей части,,,Провалы грунта,,,,,,Аварии в городском хозяйстве,,,,Травма,нет реагирования,Провал,,,,Карточка-112,,,,,,Карточка-112,,,Карточка-112,карточка-112,,карточка-112,,,,,,,Провал на проезжей части,Карточка-112,Карточка-112,,,Провал на проезжей части,,,,карточка-112,Карточка-112,,,,,,карточка-112,,,,,,,,,карточка-112,карточка-112,карточка-112,,,,,карточка-112,,карточка-112,карточка-112,,,,,,карточка-112,,,карточка -112,,,,,,,,,,
14,6,4,3,14060403,,Провал грунта яма,Проезжая часть,Более 2х2 метров ,,Провал более 2*2 метров на проезжей части,Провал грунта (более 2х2 метров или с разрушением коммуникаций),MCHS,Провалы грунта,,,,,,,Аварии в городском хозяйстве,,,,Травма,нет реагирования,Провал,,,карточка-112,карточка-112,карточка-112,карточка-112,,,,Карточка-112,,,Карточка-112,Карточка-112,,карточка-112,,,,карточка-112,,,Провал на проезжей части,Карточка-112,Карточка-112,Карточка-112,,Провал грунта (более 2х2 метров или с разрушением коммуникаций),,,,карточка-112,Карточка-112,,,,,,карточка-112,,,,,,,,,карточка-112,карточка-112,карточка-112,,карточка-112,,,карточка-112,,карточка-112,карточка-112,,,,Провал более 2*2 метров на проезжей части,карточка-112,карточка-112,,,карточка -112,карточка-112,,,,Карточка-112,,,,,
14,6,4,4,14060404,,Провал грунта яма,Проезжая часть,Коммуникации разрушение повреждение ,,Провал на проезжей части с разрушением коммуникаций,Провал грунта (более 2х2 метров или с разрушением коммуникаций),MCHS,Провалы грунта,,,,,,,Аварии в городском хозяйстве,,,,Травма,нет реагирования,Провал,,,карточка-112,карточка-112,карточка-112,карточка-112,,,,Карточка-112,,,Карточка-112,Карточка-112,,карточка-112,,,,,,,Провал на проезжей части,Карточка-112,Карточка-112,Карточка-112,,Провал грунта (более 2х2 метров или с разрушением коммуникаций),,,,карточка-112,Карточка-112,,,,,,карточка-112,,,,,,,,,карточка-112,карточка-112,карточка-112,,карточка-112,,,карточка-112,,карточка-112,карточка-112,,,,Провал на проезжей части с разрушением коммуникаций,карточка-112,карточка-112,,,карточка -112,карточка-112,,,,Карточка-112,,,,,
14,6,4,5,14060405,,Провал грунта яма,Проезжая часть,Вода фонтан,,Провал на проезжей части фонтан воды,Провал грунта (более 2х2 метров или с разрушением коммуникаций),MCHS,Провалы грунта,,,,,,,Аварии в городском хозяйстве,,,,Травма,нет реагирования,Провал,,,карточка-112,карточка-112,карточка-112,карточка-112,,,,Карточка-112,,,Карточка-112,Карточка-112,,карточка-112,,,,,,,Провал на проезжей части,Карточка-112,Карточка-112,,,Провал грунта (более 2х2 метров или с разрушением коммуникаций),,,,карточка-112,Карточка-112,,,,,карточка -112,карточка-112,,,,,,,,,карточка-112,карточка-112,карточка-112,,,,,карточка-112,,карточка-112,карточка-112,,,,,,карточка-112,,,карточка -112,карточка-112,,,,,,,,,
14,6,4,6,14060406,,Провал грунта яма,Проезжая часть,Вода вытекает,,Провал на проезжей части утечка воды,Промоина,MCHS,,Провалы грунта,,,,,,Аварии в городском хозяйстве,,,,Травма,нет реагирования,,,,,карточка-112,карточка-112,,,,,Карточка-112,,,Карточка-112,Карточка-112,,карточка-112,,,,,,,Провал на проезжей части,Карточка-112,,,,Промоина,,,,карточка-112,Карточка-112,,,,,,карточка-112,,,,,,,,,карточка-112,карточка-112,карточка-112,,,,,карточка-112,,карточка-112,,,,,,,,,,карточка -112,карточка-112,,,,,,,,,
14,6,5,0,14060500,,Провал грунта яма,Пострадавшие,,,Провал грунта с пострадавшими,Провал грунта (более 2х2 метров или с разрушением коммуникаций),MCHS,,Провалы грунта,,,,Провалы грунта,,Аварии в городском хозяйстве,,,,Травма,нет реагирования,Провал,,,карточка-112,карточка-112,карточка-112,карточка-112,,,,Карточка-112,,,Карточка-112,Карточка-112,,Карточка-112,Карточка-112,,,,,,Провал на проезжей части,Карточка-112,Карточка-112,Карточка-112,,Провал грунта (более 2х2 метров или с разрушением коммуникаций),,Авария (катастрофа) техногенного или природного характера,Авария (катастрофа) техногенного или природного характера,карточка-112,Карточка-112,,,,,карточка -112,карточка-112,,,,,,,,,карточка-112,карточка-112,карточка-112,,,,,карточка-112,,карточка-112,карточка-112,,,,Провал грунта с пострадавшими,карточка-112,карточка-112,,,карточка -112,карточка-112,,,,Карточка-112,,,,,
14,6,6,1,14060601,,Провал грунта яма,Провалилась автомашина,полностью,,Провал грунта (автоамшина полностью),Провал грунта (более 2х2 метров или с разрушением коммуникаций),MCHS,,Провалы грунта,,,,Провалы грунта,,Аварии в городском хозяйстве,,,,Травма,нет реагирования,Провал,,,карточка-112,карточка-112,карточка-112,карточка-112,,,,Карточка-112,,,Карточка-112,Карточка-112,,Карточка-112,Карточка-112,,,,,,Провал на проезжей части,Карточка-112,Карточка-112,Карточка-112,,Провал грунта (более 2х2 метров или с разрушением коммуникаций),,Авария (катастрофа) техногенного или природного характера,Авария (катастрофа) техногенного или природного характера,карточка-112,Карточка-112,,,,,карточка -112,карточка-112,,,,,,,,,карточка-112,карточка-112,карточка-112,,карточка-112,,,карточка-112,,карточка-112,карточка-112,,,,Провал грунта (автоамшина полностью),карточка-112,карточка-112,,,карточка -112,карточка-112,,,,Карточка-112,,,,,
14,6,6,2,14060602,,Провал грунта яма,Провалилась автомашина,частично,,Провал грунта (автомашина частично),Провал грунта (более 2х2 метров или с разрушением коммуникаций),MCHS,,Провалы грунта,,,,Провалы грунта,,Аварии в городском хозяйстве,,,,Травма,нет реагирования,Провал,,,карточка-112,карточка-112,карточка-112,карточка-112,,,,Карточка-112,,,Карточка-112,Карточка-112,,Карточка-112,,,,,,,Провал на проезжей части,Карточка-112,Карточка-112,Карточка-112,,Провал грунта (более 2х2 метров или с разрушением коммуникаций),,Авария (катастрофа) техногенного или природного характера,Авария (катастрофа) техногенного или природного характера,карточка-112,Карточка-112,,,,,карточка -112,карточка-112,,,,,,,,,карточка-112,карточка-112,карточка-112,,карточка-112,,,карточка-112,,карточка-112,карточка-112,,,,Провал грунта (автомашина частично),карточка-112,карточка-112,,,карточка -112,карточка-112,,,,Карточка-112,,,,,
14,6,7,0,14060700,,Провал грунта яма,Животное,,,Провал грунта (животное),спасение животных,MCHS,,спасение животных,,,,спасение животных,,,Аварии в городском хозяйстве,Аварии в городском хозяйстве,,Травма,нет реагирования,Провал,,,карточка-112,карточка-112,карточка-112,карточка-112,,,,Карточка-112,,,Карточка-112,Карточка-112,,,,,,,,,Провал на проезжей части,Карточка-112,Карточка-112,,,,,,,карточка-112,,,,,,,,,,,,,,,,карточка-112,карточка-112,карточка-112,,,,,карточка-112,,карточка-112,,,,,,,,,,карточка -112,,,,,,,,,,
14,7,1,1,14070101,Колодец люк повреждение,Колодец люк ,Хлопает крышка,принадлежность устаносить не удалось,Проезжая часть Двор тротуар  Газон,Хлопает крышка колодца (люка),Хлопает крышка колодца,,,,,,,,,,,,,,,Открыт колодец,,,,,,,,,,,,,,Карточка-112,,карточка-112,карточка-112,карточка-112,,,Карточка-112,,Хлопает крышка колодца,Карточка-112,Карточка-112,,,,,,,карточка-112,,,,,,,Карточка-112,,,,,,,,,карточка-112,карточка-112,,,,,,карточка-112,,карточка-112,,,,,,,,,,,,,,,,,,,,
14,7,1,2,14070102,,Колодец люк ,Хлопает крышка, 104,Проезжая часть Двор тротуар  Газон,Хлопает крышка колодца (люка) 104,Хлопает крышка колодца,MOSGAZ,,,,,,,,,,,,,,Открыт колодец,,,,,,,,,,,,,,Карточка-112,,карточка-112,карточка-112,карточка-112,,,,,,,,,,,,,,карточка-112,,,,,,,,,,,,,,,,карточка-112,карточка-112,,,,,,карточка-112,,карточка-112,,,,,,,,,,,,,,,,,,,,
14,7,1,3,14070103,,Колодец люк ,Хлопает крышка,МГТС,Проезжая часть Двор тротуар  Газон,Хлопает крышка колодца (люка) МГТС,Хлопает крышка колодца,MGTS,,,,,,,,,,,,,,,,,,,,,,,,,,,,Карточка-112,,,,,,,Карточка-112,,,,,,,,,,,карточка-112,,,,,,,,,,,,,,,,карточка-112,карточка-112,,,,,,карточка-112,,карточка-112,,,,,,,,,,,,,,,,,,,,
14,7,1,4,14070104,,Колодец люк ,Хлопает крышка,ОЭК,Проезжая часть Двор тротуар  Газон,Хлопает крышка колодца (люка) ОЭК,Хлопает крышка колодца,OEK,,,,,,,,,,,,,,,,,,,,,,,,,,,,Карточка-112,,,,,,,,,,,,,,,,,,карточка-112,,,,,,,,,,,,,,,,карточка-112,карточка-112,,,,,,карточка-112,,карточка-112,,,,,,,,,,,,,,,,,,,,
14,7,1,5,14070105,,Колодец люк ,Хлопает крышка,МОЭСК,Проезжая часть Двор тротуар  Газон,Хлопает крышка колодца (люка) (МОЭСК),Хлопает крышка колодца,MOESK,,,,,,,,,,,,,,,,,,,,,,,,,,,,Карточка-112,,,,,,,,,,,Карточка-112,,,,,,,карточка-112,,,,,,,,,,,,,,,,карточка-112,карточка-112,,,,,,карточка-112,,карточка-112,,,,,,,,,,,,,,,,,,,,
14,7,1,6,14070106,,Колодец люк ,Хлопает крышка,Мосводоканал,Проезжая часть Двор тротуар  Газон,Хлопает крышка колодца (люка) Мосводоканал,Хлопает крышка колодца,MOSVODOCANAL,,,,,,,,,,,,,,,,,,,,,,,,,,,,Карточка-112,,,,,,,,,Хлопает крышка колодца,,,,,,,,,карточка-112,,,,,,,,,,,,,,,,карточка-112,карточка-112,,,,,,карточка-112,,карточка-112,,,,,,,,,,,,,,,,,,,,
14,7,1,7,14070107,,Колодец люк ,Хлопает крышка,Мосводосток,Проезжая часть Двор тротуар  Газон,Хлопает крышка колодца (люка) Мосводосток,Хлопает крышка колодца,MOSVODOSTOK,,,,,,,,,,,,,,,,,,,,,,,,,,,,Карточка-112,,,,,,,,,,,,,,,,,,карточка-112,,,,,,,Карточка-112,,,,,,,,,карточка-112,карточка-112,,,,,,карточка-112,,карточка-112,,,,,,,,,,,,,,,,,,,,
14,7,1,8,14070108,,Колодец люк ,Хлопает крышка,МОЭК,Проезжая часть Двор тротуар  Газон,Хлопает крышка колодца (люка) МОЭК,Хлопает крышка колодца,MOEK,,,,,,,,,,,,,,,,,,,,,,,,,,,,Карточка-112,,,,,,,,,,Карточка-112,,,,,,,,карточка-112,,,,,,,,,,,,,,,,карточка-112,карточка-112,,,,,,карточка-112,,карточка-112,,,,,,,,,,,,,,,,,,,,
14,7,1,9,14070109,,Колодец люк ,Хлопает крышка,Москоллектор,Проезжая часть Двор тротуар  Газон,Хлопает крышка колодца (люка) Москоллектор,Хлопает крышка колодца,MOSCOLLECTOR,,,,,,,,,,,,,,,,,,,,,,,,,,,,Карточка-112,,,,,,,,,,,,,,,,,,карточка-112,Карточка-112,,,,,,,,,,,,,,,карточка-112,карточка-112,,,,,,карточка-112,,карточка-112,,,,,,,,,,,,,,,,,,,,
14,7,2,1,14070201,,Колодец люк ,"Разрушен асфальт вокруг люка, колодца",принадлежность устаносить не удалось,Проезжая часть Двор тротуар  Газон,Разрушен асфальт вокруг колодца (люка),Разрушен асфальт вокруг колодца,,,,,,,,,,,,,,,Провал,,,,,,,,,,,,,,Карточка-112,,карточка-112,карточка-112,карточка-112,,,Карточка-112,,Разрушен асфальт вокруг колодца,Карточка-112,Карточка-112,,,,,,,карточка-112,Карточка-112,,,,,,Карточка-112,,,,,,,,,карточка-112,карточка-112,,,,,,карточка-112,,карточка-112,,,,,,,,,,,,,,,,,,,,
14,7,2,2,14070202,,Колодец люк ,"Разрушен асфальт вокруг люка, колодца", 104,Проезжая часть Двор тротуар  Газон,Разрушен асфальт вокруг колодца (люка) 104,Разрушен асфальт вокруг колодца,MOSGAZ,,,,,,,,,,,,,,Провал,,,,,,,,,,,,,,Карточка-112,,карточка-112,карточка-112,карточка-112,,,,,,,,,,,,,,карточка-112,,,,,,,,,,,,,,,,карточка-112,карточка-112,,,,,,карточка-112,,карточка-112,,,,,,,,,,,,,,,,,,,,
14,7,2,3,14070203,,Колодец люк ,"Разрушен асфальт вокруг люка, колодца",МГТС,Проезжая часть Двор тротуар  Газон,Разрушен асфальт вокруг колодца (люка) МГТС,Разрушен асфальт вокруг колодца,MGTS,,,,,,,,,,,,,,,,,,,,,,,,,,,,Карточка-112,,,,,,,Карточка-112,,,,,,,,,,,карточка-112,,,,,,,,,,,,,,,,карточка-112,карточка-112,,,,,,карточка-112,,карточка-112,,,,,,,,,,,,,,,,,,,,
14,7,2,4,14070204,,Колодец люк ,"Разрушен асфальт вокруг люка, колодца",ОЭК,Проезжая часть Двор тротуар  Газон,Разрушен асфальт вокруг колодца (люка) ОЭК,Разрушен асфальт вокруг колодца,OEK,,,,,,,,,,,,,,,,,,,,,,,,,,,,Карточка-112,,,,,,,,,,,,,,,,,,карточка-112,,,,,,,,,,,,,,,,карточка-112,карточка-112,,,,,,карточка-112,,карточка-112,,,,,,,,,,,,,,,,,,,,
14,7,2,5,14070205,,Колодец люк ,"Разрушен асфальт вокруг люка, колодца",МОЭСК,Проезжая часть Двор тротуар  Газон,Разрушен асфальт вокруг колодца (люка) МОЭСК,Разрушен асфальт вокруг колодца,MOESK,,,,,,,,,,,,,,,,,,,,,,,,,,,,Карточка-112,,,,,,,,,,,Карточка-112,,,,,,,карточка-112,,,,,,,,,,,,,,,,карточка-112,карточка-112,,,,,,карточка-112,,карточка-112,,,,,,,,,,,,,,,,,,,,
14,7,2,6,14070206,,Колодец люк ,"Разрушен асфальт вокруг люка, колодца",Мосводоканал,Проезжая часть Двор тротуар  Газон,Разрушен асфальт вокруг колодца (люка) Мосводоканал,Разрушен асфальт вокруг колодца,MOSVODOCANAL,,,,,,,,,,,,,,,,,,,,,,,,,,,,Карточка-112,,,,,,,,,Разрушен асфальт вокруг колодца,,,,,,,,,карточка-112,,,,,,,,,,,,,,,,карточка-112,карточка-112,,,,,,карточка-112,,карточка-112,,,,,,,,,,,,,,,,,,,,
14,7,2,7,14070207,,Колодец люк ,"Разрушен асфальт вокруг люка, колодца",Мосводосток,Проезжая часть Двор тротуар  Газон,Разрушен асфальт вокруг колодца (люка) Мосводосток,Разрушен асфальт вокруг колодца,MOSVODOSTOK,,,,,,,,,,,,,,,,,,,,,,,,,,,,Карточка-112,,,,,,,,,,,,,,,,,,карточка-112,,,,,,,карточка-112,,,,,,,,,карточка-112,карточка-112,,,,,,карточка-112,,карточка-112,,,,,,,,,,,,,,,,,,,,
14,7,2,8,14070208,,Колодец люк ,"Разрушен асфальт вокруг люка, колодца",МОЭК,Проезжая часть Двор тротуар  Газон,Разрушен асфальт вокруг колодца (люка) МОЭК,Разрушен асфальт вокруг колодца,MOEK,,,,,,,,,,,,,,,,,,,,,,,,,,,,Карточка-112,,,,,,,,,,Карточка-112,,,,,,,,карточка-112,,,,,,,,,,,,,,,,карточка-112,карточка-112,,,,,,карточка-112,,карточка-112,,,,,,,,,,,,,,,,,,,,
14,7,2,9,14070209,,Колодец люк ,"Разрушен асфальт вокруг люка, колодца",Москоллектор,Проезжая часть Двор тротуар  Газон,Разрушен асфальт вокруг колодца (люка) Москоллектор,Разрушен асфальт вокруг колодца,MOSCOLLECTOR,,,,,,,,,,,,,,,,,,,,,,,,,,,,Карточка-112,,,,,,,,,,,,,,,,,,карточка-112,Карточка-112,,,,,,,,,,,,,,,карточка-112,карточка-112,,,,,,карточка-112,,карточка-112,,,,,,,,,,,,,,,,,,,,
14,7,3,1,14070301,,Колодец люк ,"Открыт (крышка рядом), крышка сдвинута, повреждена",принадлежность устаносить не удалось,Проезжая часть Двор тротуар  Газон,"Люк открыт (крышка рядом, крышка сдвинута, повреждена)",Открытый люк (дворовая территория),,,Извлечение пострадавших из подземных коммуникаций,,,,,,,,Аварии в городском хозяйстве,,,,Открыт колодец,,,,,,,,,,,,,,Карточка-112,,карточка-112,карточка-112,,,,Карточка-112,,Открыт колодец на газоне,Карточка-112,Карточка-112,,,Открыт колодец на проезжей части,,,,карточка-112,Карточка-112,,,,,,карточка-112,,,,,,,,,карточка-112,карточка-112,,,,,,карточка-112,,карточка-112,,,,,,,,,,,,,,,,,,,,
14,7,3,2,14070302,,Колодец люк ,"Открыт (крышка рядом), крышка сдвинута, повреждена", 104,Проезжая часть Двор тротуар  Газон,"Люк открыт (крышка рядом, крышка сдвинута, повреждена) 104",Открытый люк (дворовая территория),MOSGAZ,,Извлечение пострадавших из подземных коммуникаций,,,,,,,,Аварии в городском хозяйстве,,Травма,нет реагирования,Открыт колодец,,,,,,,,,,,,,,Карточка-112,,,,,,,,,,,,,,Открыт колодец на проезжей части,,,,карточка-112,,,,,,,,,,,,,,,,карточка-112,карточка-112,,,,,,карточка-112,,карточка-112,,,,,,,,,,,,,,,,,,,,
14,7,3,3,14070303,,Колодец люк ,"Открыт (крышка рядом), крышка сдвинута, повреждена",МГТС,Проезжая часть Двор тротуар  Газон,"Люк открыт (крышка рядом, крышка сдвинута, повреждена) МГТС",Открытый люк (дворовая территория),MGTS,,Извлечение пострадавших из подземных коммуникаций,,,,,,,,Аварии в городском хозяйстве,,Травма,нет реагирования,,,,,,,,,,,,,,,Карточка-112,,,,,,,Карточка-112,,,,,,,Открыт колодец на проезжей части,,,,карточка-112,,,,,,,,,,,,,,,,карточка-112,карточка-112,,,,,,карточка-112,,карточка-112,,,,,,,,,,,,,,,,,,,,
14,7,3,4,14070304,,Колодец люк ,"Открыт (крышка рядом), крышка сдвинута, повреждена",ОЭК,Проезжая часть Двор тротуар  Газон,"Люк открыт (крышка рядом, крышка сдвинута, повреждена) ОЭК",Открытый люк (дворовая территория),OEK,,Извлечение пострадавших из подземных коммуникаций,,,,,,,,Аварии в городском хозяйстве,,Травма,нет реагирования,,,,,,,,,,,,,,,Карточка-112,,,,,,,,,,,,Карточка-112,,Открыт колодец на проезжей части,,,,карточка-112,,,,,,,,,,,,,,,,карточка-112,карточка-112,,,,,,карточка-112,,карточка-112,,,,,,,,,,,,,,,,,,,,
14,7,3,5,14070305,,Колодец люк ,"Открыт (крышка рядом), крышка сдвинута, повреждена",МОЭСК,Проезжая часть Двор тротуар  Газон,"Люк открыт (крышка рядом, крышка сдвинута, повреждена) МОЭСК",Открытый люк (дворовая территория),MOESK,,Извлечение пострадавших из подземных коммуникаций,,,,,,,,Аварии в городском хозяйстве,,Травма,нет реагирования,,,,,,,,,,,,,,,Карточка-112,,,,,,,,,,,Карточка-112,,,Открыт колодец на проезжей части,,,,карточка-112,,,,,,,,,,,,,,,,карточка-112,карточка-112,,,,,,карточка-112,,карточка-112,,,,,,,,,,,,,,,,,,,,
14,7,3,6,14070306,,Колодец люк ,"Открыт (крышка рядом), крышка сдвинута, повреждена",Мосводоканал,Проезжая часть Двор тротуар  Газон,"Люк открыт (крышка рядом, крышка сдвинута, повреждена) Мосводоканал",Открытый люк (дворовая территория),MOSVODOCANAL,,Извлечение пострадавших из подземных коммуникаций,,,,,,,,Аварии в городском хозяйстве,,Травма,нет реагирования,,,,,,,,,,,,,,,Карточка-112,,,,,,,,,Открыт колодец на газоне,,,,,Открыт колодец на проезжей части,,,,карточка-112,,,,,,,,,,,,,,,,карточка-112,карточка-112,,,,,,карточка-112,,карточка-112,,,,,,,,,,,,,,,,,,,,
14,7,3,7,14070307,,Колодец люк ,"Открыт (крышка рядом), крышка сдвинута, повреждена",Мосводосток,Проезжая часть Двор тротуар  Газон,"Люк открыт (крышка рядом, крышка сдвинута, повреждена) Мосводосток",Открытый люк (дворовая территория),MOSVODOSTOK,,Извлечение пострадавших из подземных коммуникаций,,,,,,,,Аварии в городском хозяйстве,,Травма,нет реагирования,,,,,,,,,,,,,,,Карточка-112,,,,,,,,,,,,,,Открыт колодец на проезжей части,,,,карточка-112,,,,,,,карточка-112,,,,,,,,,карточка-112,карточка-112,,,,,,карточка-112,,карточка-112,,,,,,,,,,,,,,,,,,,,
14,7,3,8,14070308,,Колодец люк ,"Открыт (крышка рядом), крышка сдвинута, повреждена",МОЭК,Проезжая часть Двор тротуар  Газон,"Люк открыт (крышка рядом, крышка сдвинута, повреждена) МОЭК",Открытый люк (дворовая территория),MOEK,,Извлечение пострадавших из подземных коммуникаций,,,,,,,,Аварии в городском хозяйстве,,Травма,нет реагирования,,,,,,,,,,,,,,,Карточка-112,,,,,,,,,,Карточка-112,,,,Открыт колодец на проезжей части,,,,карточка-112,,,,,,,,,,,,,,,,карточка-112,карточка-112,,,,,,карточка-112,,карточка-112,,,,,,,,,,,,,,,,,,,,
14,7,3,9,14070309,,Колодец люк ,"Открыт (крышка рядом), крышка сдвинута, повреждена",Москоллектор,Проезжая часть Двор тротуар  Газон,"Люк открыт (крышка рядом, крышка сдвинута, повреждена) Москоллектор",Открытый люк (дворовая территория),MOSCOLLECTOR,,Извлечение пострадавших из подземных коммуникаций,,,,,,,,Аварии в городском хозяйстве,,Травма,нет реагирования,,,,,,,,,,,,,,,Карточка-112,,,,,,,,,,,,,,Открыт колодец на проезжей части,,,,карточка-112,Карточка-112,,,,,,,,,,,,,,,карточка-112,карточка-112,,,,,,карточка-112,,карточка-112,,,,,,,,,,,,,,,,,,,,
14,7,4,1,14070401,,Колодец люк ,Просадка люка,принадлежность устаносить не удалось,Проезжая часть Двор тротуар  Газон,Люк просел,Просадка люка на тротуаре,,,,,,,,,,,,,,,Провал,,,,,,,,,,Карточка-112,,,,Карточка-112,,карточка-112,карточка-112,,,,Карточка-112,,Открыт колодец на газоне,Карточка-112,Карточка-112,,,,,,,карточка-112,Карточка-112,,,,,,карточка-112,,,,,,,,,карточка-112,карточка-112,карточка-112,,,,,карточка-112,,карточка-112,,,,,,,,,,,,,,,,,,,,
14,7,4,2,14070402,,Колодец люк ,Просадка люка, 104,Проезжая часть Двор тротуар  Газон,Люк просел 104,Просадка люка на тротуаре,MOSGAZ,,,,,,,,,,,,Травма,нет реагирования,Провал,,,,,,,,,,Карточка-112,,,,Карточка-112,,,,,,,,,,,,,,,,,,карточка-112,,,,,,,,,,,,,,,,карточка-112,карточка-112,карточка-112,,,,,карточка-112,,карточка-112,,,,,,,,,,,,,,,,,,,,
14,7,4,3,14070403,,Колодец люк ,Просадка люка,МГТС,Проезжая часть Двор тротуар  Газон,Люк просел МГТС,Просадка люка на тротуаре,MGTS,,,,,,,,,,,,Травма,нет реагирования,,,,,,,,,,,Карточка-112,,,,Карточка-112,,,,,,,Карточка-112,,,,,,,,,,,карточка-112,,,,,,,,,,,,,,,,карточка-112,карточка-112,карточка-112,,,,,карточка-112,,карточка-112,,,,,,,,,,,,,,,,,,,,
14,7,4,4,14070404,,Колодец люк ,Просадка люка,ОЭК,Проезжая часть Двор тротуар  Газон,Люк просел ОЭК,Просадка люка на тротуаре,OEK,,,,,,,,,,,,Травма,нет реагирования,,,,,,,,,,,Карточка-112,,,,Карточка-112,,,,,,,,,,,,Карточка-112,,,,,,карточка-112,,,,,,,,,,,,,,,,карточка-112,карточка-112,карточка-112,,,,,карточка-112,,карточка-112,,,,,,,,,,,,,,,,,,,,
14,7,4,5,14070405,,Колодец люк ,Просадка люка,МОЭСК,Проезжая часть Двор тротуар  Газон,Люк просел МОЭСК,Просадка люка на тротуаре,MOESK,,,,,,,,,,,,Травма,нет реагирования,,,,,,,,,,,Карточка-112,,,,Карточка-112,,,,,,,,,,,Карточка-112,,,,,,,карточка-112,,,,,,,,,,,,,,,,карточка-112,карточка-112,карточка-112,,,,,карточка-112,,карточка-112,,,,,,,,,,,,,,,,,,,,
14,7,4,6,14070406,,Колодец люк ,Просадка люка,Мосводоканал,Проезжая часть Двор тротуар  Газон,Люк просел Мосводоканал,Просадка люка на тротуаре,MOSVODOCANAL,,,,,,,,,,,,Травма,нет реагирования,,,,,,,,,,,Карточка-112,,,,Карточка-112,,,,,,,,,Открыт колодец на газоне,,,,,,,,,карточка-112,,,,,,,,,,,,,,,,карточка-112,карточка-112,карточка-112,,,,,карточка-112,,карточка-112,,,,,,,,,,,,,,,,,,,,
14,7,4,7,14070407,,Колодец люк ,Просадка люка,Мосводосток,Проезжая часть Двор тротуар  Газон,Люк просел Мосводосток,Просадка люка на тротуаре,MOSVODOSTOK,,,,,,,,,,,,Травма,нет реагирования,,,,,,,,,,,Карточка-112,,,,Карточка-112,,,,,,,,,,,,,,,,,,карточка-112,,,,,,,карточка-112,,,,,,,,,карточка-112,карточка-112,карточка-112,,,,,карточка-112,,карточка-112,,,,,,,,,,,,,,,,,,,,
14,7,4,8,14070408,,Колодец люк ,Просадка люка,МОЭК,Проезжая часть Двор тротуар  Газон,Люк просел МОЭК,Просадка люка на тротуаре,MOEK,,,,,,,,,,,,Травма,нет реагирования,,,,,,,,,,,Карточка-112,,,,Карточка-112,,,,,,,,,,Карточка-112,,,,,,,,карточка-112,,,,,,,,,,,,,,,,карточка-112,карточка-112,карточка-112,,,,,карточка-112,,карточка-112,,,,,,,,,,,,,,,,,,,,
14,7,4,9,14070409,,Колодец люк ,Просадка люка,Москоллектор,Проезжая часть Двор тротуар  Газон,Люк просел Москоллектор,Просадка люка на тротуаре,MOSCOLLECTOR,,,,,,,,,,,,Травма,нет реагирования,,,,,,,,,,,Карточка-112,,,,Карточка-112,,,,,,,,,,,,,,,,,,карточка-112,Карточка-112,,,,,,,,,,,,,,,карточка-112,карточка-112,карточка-112,,,,,карточка-112,,карточка-112,,,,,,,,,,,,,,,,,,,,
14,7,5,0,14070500,,Колодец люк ,Открыт люк (нет крышки),,Проезжая часть Двор тротуар  Газон,Люк открыт (нет крышки),Открыт колодец на газоне,,,Извлечение пострадавших из подземных коммуникаций,,,,,,,,Аварии в городском хозяйстве,,,,Открыт колодец,,,,,,,,,,,,,,Карточка-112,,Карточка-112,Карточка-112,,,карточка-112,Карточка-112,,Открыт колодец на газоне,Карточка-112,Карточка-112,,,Открыт колодец на проезжей части,,,,карточка-112,Карточка-112,,,,,,Карточка-112,,,,,,,,,карточка-112,карточка-112,,,,,,карточка-112,,карточка-112,,,,,,,,,,,,,,,,,,,,
14,7,6,0,14070600,,Колодец люк ,Пар из люка,,Проезжая часть Двор тротуар  Газон,Пар из люка,Нет в ЕКП,MOEK,,,,,,,,,,,,Травма,нет реагирования,,,,,,,,,,,,,,,Карточка-112,,карточка-112,карточка-112,,,,,,,Карточка-112,,,,,,,,,,,,,,,,,,,,,,,,карточка-112,карточка-112,,,,,,карточка-112,,карточка-112,,,,,,,,,,,,,,,,,,,,
14,7,7,0,14070700,,Колодец люк ,Просадка,,,Люк на газоне просел,Просадка люка на газоне,,,,,,,,,,,,,,,Провал,,,,,,,,,,Карточка-112,,,,Карточка-112,,,,,,,Карточка-112,,Открыт колодец на газоне,Карточка-112,Карточка-112,,,,,,,карточка-112,Карточка-112,,,,,,,,,,,,,,,карточка-112,карточка-112,карточка-112,,,,,карточка-112,,карточка-112,,,,,,,,,,,,,,,,,,,,
14,7,8,0,14070800,,Колодец люк ,Пострадавшие,,,"Падение в люк, колодец","Падение в люки, шахты ",MCHS,,"Падение людей в колодцы, люки",,,,"Падение людей в колодцы, люки",,Падение с высоты,,,,Падение с высоты,нет реагирования,Открыт колодец,,,,,,,,,,,,,,Карточка-112,,карточка-112,карточка-112,,,,Карточка-112,,Открыт колодец на газоне,Карточка-112,Карточка-112,,,"Падение в люки, шахты",,,,карточка-112,Карточка-112,,,,,,карточка-112,,,,,,,,,карточка-112,карточка-112,,,,,,карточка-112,,карточка-112,,,,,,,,,,,,,,,,,,,,
14,7,9,0,14070900,,Колодец люк ,Автомашина,,,Автомашина провалилась колесом в колодец,Нет в ЕКП,,,,,,,,,,,Аварии в городском хозяйстве,,,,,,,,,,,,,,,,,,,,карточка-112,,,,,Карточка-112,,открыт колодец на проезжей части,Карточка-112,Карточка-112,,,ДТП наезд на препятствия,,,,,Карточка-112,,,,,,Карточка-112,,,,,,,,,карточка-112,карточка-112,,,,,,карточка-112,,карточка-112,карточка-112,,,,,,,,,,,,,,,,,,,
14,7,10,0,14071000,,Колодец люк ,Животное,,,Животное провалилось в колодец,Нет в ЕКП,MCHS,,спасение животных,,,,,,,Аварии в городском хозяйстве,,,,,Открыт колодец,,,,,,,,,,,,,,Карточка-112,,,,,,,Карточка-112,,Открыт колодец на газоне,Карточка-112,Карточка-112,,,,,,,,Карточка-112,,,,,,,,,,,,,,,карточка-112,карточка-112,,,,,,карточка-112,,карточка-112,,,,,,,,,,,,,,,,,,,,
14,8,1,1,14080101,Дерево,Дерево ,"Упало, сломано", На провода электрические,,Дерево упало на электрические провода,Поваленные деревья с угрозой жизни людей,MCHS,Поваленные деревья с угрозой жизни людей,,Поваленные деревья с угрозой жизни людей,,,,,,,Аварии в городском хозяйстве,,Травма,нет реагирования,,,,Карточка-112,,,Карточка-112,,,,,,,Карточка-112,Карточка-112,,,,,,,,,,,,Карточка-112,,Поваленные деревья с угрозой жизни людей,,,,карточка-112,,,,,,,,Карточка-112,,,,,,,,карточка-112,карточка-112,,,,,,карточка-112,,карточка-112,карточка-112,,,,,,карточка-112,,,карточка -112,,,,,,,,,,
14,8,1,2,14080102,,Дерево ,"Упало, сломано",На провода контактной сети,,Дерево упало на провода контактной сети,Повреждение контактной сети,MCHS,Поваленные деревья с угрозой жизни людей,,Поваленные деревья с угрозой жизни людей,,,,,,,Аварии в городском хозяйстве,,Травма,нет реагирования,,,,,,,,,,,,Карточки-112,,,,,,,,,,,карточка-112,,,,,,Повреждение контактной сети,,,,карточка-112,,,,,,,,,,,,,,,,карточка-112,карточка-112,,,,,,карточка-112,,карточка-112,карточка-112,,,,,,карточка-112,,,,,,,,,,,,,
14,8,1,3,14080103,,Дерево ,"Упало, сломано",На человека,,Дерево упало на человека,Поваленные деревья с угрозой жизни людей,MCHS,Поваленные деревья с угрозой жизни людей,,Поваленные деревья с угрозой жизни людей,,,,,Аварии в городском хозяйстве,Аварии в городском хозяйстве,Аварии в городском хозяйстве,,Травма,нет реагирования,,,,Карточка-112,,,Карточка-112,,,,,,,Карточка-112,Карточка-112,,,,,,,,,,,,,,Поваленные деревья с угрозой жизни людей,,Авария (катастрофа) техногенного или природного характера,Авария (катастрофа) техногенного или природного характера,карточка-112,,,,,,карточка -112,,Карточка-112,,,,,,,,карточка-112,карточка-112,,,,,,карточка-112,,карточка-112,карточка-112,,,,,,карточка-112,,,карточка -112,,,,,,,,,,
14,8,1,4,14080104,,Дерево ,"Упало, сломано",На автомашину - нет пострадавших,,Дерево упало на машину,Повреждение автомашины в результате паденияпредмета или действия людей,,,,,,,,,"Повреждение автотранспортного средства в результате падения предмета, либо действия людей",,,,,,,,,Карточка-112,,,Карточка-112,,,,,,,Карточка-112,Карточка-112,,,,,,,,,,,,,,,,,,карточка-112,,,,,,,,Карточка-112,,,,,,,,карточка-112,карточка-112,,,,,,карточка-112,,карточка-112,,,,,,,,,,карточка -112,,,,,,,,,,
14,8,1,5,14080105,,Дерево ,"Упало, сломано",На автомашину - есть пострадавшие,,Дерево упало на машину (есть пострадавшие),Поваленные деревья с угрозой жизни людей,MCHS,Поваленные деревья с угрозой жизни людей,,Поваленные деревья с угрозой жизни людей,,,,,Аварии в городском хозяйстве,,,,Травма,нет реагирования,,,,Карточка-112,,,Карточка-112,,,,,,,Карточка-112,Карточка-112,,,,,,,,,,,,,,Поваленные деревья с угрозой жизни людей,,,,карточка-112,,,,,,карточка -112,,Карточка-112,,,,,,,,карточка-112,карточка-112,,,,,,карточка-112,,карточка-112,карточка-112,,,,,,карточка-112,,,карточка -112,,,,,,,,,,
14,8,2,1,14080201,,Дерево ,Наклонилось , На провода электрические,,Дерево на электрических проводах ,Поваленные деревья с угрозой жизни людей,,,,,,,,,,,,,,,,,,Карточка-112,,,Карточка-112,,,,,,,Карточка-112,Карточка-112,,,,,,,,,,,,Карточка-112,,Поваленные деревья с угрозой жизни людей,,,,карточка-112,,,,,,,,Карточка-112,,,,,,,,карточка-112,карточка-112,,,,,,карточка-112,,карточка-112,,,,,,,карточка-112,,,карточка -112,,,,,,,,,,
14,8,2,2,14080202,,Дерево ,Наклонилось ,На провода контактной сети,,Дерево на проводах контактной сети,Повреждение контактной сети,,,,,,,,,,,,,,,,,,,,,,,,,,Карточки-112,,,,,,,,,,,карточка-112,,,,,,Повреждение контактной сети,,,,карточка-112,,,,,,,,Карточка-112,,,,,,,,карточка-112,карточка-112,,,,,,карточка-112,,карточка-112,,,,,,,карточка-112,,,,,,,,,,,,,
14,8,1,6,14080106,,Дерево ,"Упало, сломано",Двор тротуар газон,,Дерево упало во дворе,Поваленные деревья с угрозой жизни людей,,,,,,,,,,,Аварии в городском хозяйстве,,Травма,нет реагирования,,,,Карточка-112,,,Карточка-112,,,,,,,Карточка-112,Карточка-112,,,,,,,,,,,,,,,,,,карточка-112,,,,,,,,Карточка-112,,,,,,,,карточка-112,карточка-112,,,,,,карточка-112,,карточка-112,,,,,,,,,,,,,,,,,,,,
14,8,2,3,14080203,,Дерево ,Наклонилось ,Двор тротуар газон,,Дерево наклонилось во дворе,Наклонившееся дерево (дворовая территория),,,,,,,,,,,,,,,,,,,,,,,,,,,,,Карточка-112,,,,,,,,,,,,,,,,,,карточка-112,,,,,,,,Карточка-112,,,,,,,,карточка-112,карточка-112,,,,,,карточка-112,,карточка-112,,,,,,,,,,,,,,,,,,,,
14,8,1,7,14080107,,Дерево ,"Упало, сломано",на животное,,Дерево упало на животное,Поваленные деревья с угрозой жизни людей,MCHS,,,СПАСЕНИЕ ЖИВОТНЫХ,,,,,,Аварии в городском хозяйстве,Аварии в городском хозяйстве,,Травма,нет реагирования,,,,Карточка-112,,,Карточка-112,,,,,,,Карточка-112,Карточка-112,,,,,,,,,,,,,,Поваленные деревья с угрозой жизни людей,,,,карточка-112,,,,,,,,Карточка-112,,,,,,,,карточка-112,карточка-112,,,,,,карточка-112,,карточка-112,карточка-112,,,,,,,,,,,,,,,,,,,
14,8,1,8,14080108,,Дерево ,"Упало, сломано",Оперативные службы не могут проехать ,,Упавшее дерево мешает проезду оперативных служб,Поваленное дерево (заблокирован проезд оперативных служб),MCHS,Оказание помощи службам города (общее),,Оказание помощи службам города (общее),,,,,,,,,Травма,нет реагирования,,,,,,,,,,,,,,,,,,,,,,,,,,,,,Поваленное дерево (заблокирован проезд оперативных служб),,,,,,,,,,,,,,,,,,,,карточка-112,карточка-112,,,,,,карточка-112,,карточка-112,карточка-112,,,,,,карточка-112,,,,,,,,,,,,,
14,8,1,9,14080109,,Дерево,"Упало, сломано",Проезжая часть,,Дерево упало на проезжую часть,Поваленные деревья с угрозой жизни людей,,,,,,,,,,,Аварии в городском хозяйстве,,,,,,,Карточка-112,,,Карточка-112,,,,,,,Карточка-112,Карточка-112,,,,,,,,,,,,,,Поваленные деревья с угрозой жизни людей,,,,карточка-112,,,,,,,,Карточка-112,,,,,,,,карточка-112,карточка-112,,,,,,карточка-112,,карточка-112,карточка-112,,,,,,карточка-112,,,карточка -112,,,,,,,,,,
14,8,2,9,14080209,,Дерево ,Наклонилось ,Проезжая часть,,Дерево наклонилось над проезжей частью,Наклонившееся дерево (дворовая территория),,,,,,,,,,,,,,,,,,,,,,,,,,,,,Карточка-112,,,,,,,,,,,,,,Наклонившееся дерево (дворовая территория),,,,карточка-112,,,,,,,,,,,,,,,,карточка-112,карточка-112,,,,,,карточка-112,,карточка-112,карточка-112,,,,,,,,,,,,,,,,,,,
14,8,2,0,14080200,,Дерево,Вырубка без разрешения,,,Вырубка без разрешения,Экологическое правонарушение,Police,,,,,,,,,Экологическое правонарушение,,,Травма,нет реагирования,,,,Карточка-112,Карточка-112,Карточка-112,Карточка-112,,,,,,,,,,,,,,,,,,,,,,,,,,карточка-112,,,,,,,,Карточка-112,,,,,,,карточка-112,карточка-112,карточка-112,,,,,,карточка-112,,карточка-112,карточка-112,,,,Вырубка без разрешения,карточка-112,,,,,,,,,,,,,,
14,9,1,0,14090100,Предмет - падение,Предмет - падение,Сосульки наледь снег,,,"Падение сосулек, наледи, снега","Неубранные сосульки, наледь, снег, свисающие с крыши и карнизов",,,,,,,,,,,Аварии в городском хозяйстве,,Травма,нет реагирования,,,,,Карточка-112,,,,,,,,,,Карточка-112,,карточка-112,карточка-112,,,,,,,,,,,,,,,карточка-112,,,,,,,,,,,,,,,,карточка-112,карточка-112,,,,,,карточка-112,,карточка-112,карточка-112,,,,,,карточка-112,,,,,,,,,,,,,
14,9,2,1,14090201,,Предмет - падение,"Сосульки наледь снег ЧАСТИ, ДЕТАЛИ - Кровля крыша фасад балкон Мачта освещения столб Рекламный щит Прочие объекты",на человека,,Падение предмета на человека,Нет в ЕКП,MCHS,,деблокация,,,,деблокация,,,Аварии в городском хозяйстве,Аварии в городском хозяйстве,,Травма,нет реагирования,,,,,,,,,,,,,,,Карточка-112,,карточка-112,карточка-112,,,,,,,,,,,Обрушение конструкций,,,,,,,,,,карточка -112,,,,,,,,,,карточка-112,карточка-112,,карточка-112,,,,карточка-112,,карточка-112,,,,,Падение предмета на человека,карточка-112,карточка-112,,,,,,,,Карточка-112,,,,,
14,9,2,2,14090202,,Предмет - падение,"Сосульки наледь снег ЧАСТИ, ДЕТАЛИ - Кровля крыша фасад балкон Мачта освещения столб Рекламный щит Прочие объекты",На автомашину - нет пострадавших,,Падение объектов на машину,Повреждение автомашины в результате падения предмета или действия людей,Police,,,,,,,,"Повреждение автотранспортного средства в результате падения предмета, либо действия людей",,,,,,,,,,,,,,,,,,,,,,карточка-112,,,,,,,,,,,,,,,,карточка-112,,,,,,,,,,,,,,,,карточка-112,карточка-112,,,,,,карточка-112,,карточка-112,,,,,Падение объектов на машину,карточка-112,,,,,,,,,Карточка-112,,,,,
14,9,3,3,14090303,,Предмет - падение,Сосульки наледь снег Мачта освещения столб Рекламный щит Прочие объекты,На автомашину - есть пострадавшие,,Падение объектов на машину - пострадавшие,Обрушение конструкций,MCHS,,Обрушение конструкций,,,,Обрушение конструкций,,"Повреждение автотранспортного средства в результате падения предмета, либо действия людей",,,,Придавило (обрушение),нет реагирования,Обрушение (угроза обрушения) здания (фасада здания),,,Карточка-112,Карточка-112,Карточка-112,Карточка-112,,,,,,,Карточка-112,карточка-112,,,,,,,,,,,,,,Обрушение конструкций,,Авария (катастрофа) техногенного или природного характера,Авария (катастрофа) техногенного или природного характера,карточка-112,,,,,,карточка -112,,,,,,,,,,карточка-112,карточка-112,,,,,,карточка-112,,карточка-112,карточка-112,,,,Падение объектов на машину - пострадавшие,карточка-112,карточка-112,,,карточка -112,,,,,Карточка-112,,,,,
14,9,4,3,14090403,,Предмет - падение," ЧАСТИ, ДЕТАЛИ - Кровля крыша фасад балкон ",На автомашину - есть пострадавшие,,"Падение (детали кровли, крыши, балкона, фасада) на автомашину (есть пострадавшие)",Обрушение наземных элементов зданий,MCHS,,Обрушение наземных элементов зданий,,,,Обрушение наземных элементов зданий,,"Повреждение автотранспортного средства в результате падения предмета, либо действия людей",,,,Придавило (обрушение),нет реагирования,Обрушение (угроза обрушения) здания (фасада здания),,Карточка-112,Карточка-112,Карточка-112,Карточка-112,Карточка-112,,,,,,,Карточка-112,карточка-112,Карточка-112,,,,,,,,,,,,,Обрушение наземных элементов зданий,,Авария (катастрофа) техногенного или природного характера,Авария (катастрофа) техногенного или природного характера,карточка-112,,,,,,карточка -112,,,,,,,,,,карточка-112,карточка-112,,карточка-112,,,,карточка-112,,карточка-112,карточка-112,,,,"Падение (детали кровли, крыши, балкона, фасада) на автомашину (есть пострадавшие)",карточка-112,карточка-112,,,карточка -112,,,,,Карточка-112,,,,,
14,9,4,0,14090400,,Предмет - падение,"ЧАСТИ, ДЕТАЛИ - Кровля крыша фасад балкон",,"В: есть ли угроза обрушения в дальнейшем (один большой кусок штукатурки упал, падают другие)","Падение (детали кровли, крыши, балкона, фасада)",Обрушение наземных элементов зданий,Police,,,,,,,,,Аварии в городском хозяйстве,Аварии в городском хозяйстве,,Травма,нет реагирования,,Обрушение (угроза обрушения) здания (фасада здания),,,,,,,,,,,,Карточка-112,Карточка-112,,,,,,,Карточка-112,,,,,,,Обрушение наземных элементов зданий,,,,карточка-112,,,,,,,,,,,,,,,,карточка-112,карточка-112,,,,,,карточка-112,,карточка-112,карточка-112,,,,"Падение (детали кровли, крыши, балкона, фасада)",карточка-112,карточка-112,,,карточка -112,,,,,Карточка-112,,,,,
14,9,5,0,14090500,,Предмет - падение,Мачта освещения столб,,,Падение (мачта освещения),Обрушение конструкций,,,,,,,,,,Аварии в городском хозяйстве,Аварии в городском хозяйстве,,Придавило (обрушение),нет реагирования,,Обрушение (угроза обрушения) здания (фасада здания),,,Карточка-112,,,,,,,,,Карточка-112,карточка-112,карточка-112,,,,,,,,,,,,,Обрушение конструкций,,,,карточка-112,,,,,,,,,,,,,,,,карточка-112,карточка-112,,,,,,карточка-112,,карточка-112,карточка-112,,,,,,,,,карточка -112,,,,,,,,,,
14,9,6,0,14090600,,Предмет - падение,Рекламный щит,,,Падение (рекламный щит),Обрушение конструкций,,,,,,,,,,Аварии в городском хозяйстве,Аварии в городском хозяйстве,,Придавило (обрушение),нет реагирования,,Обрушение (угроза обрушения) здания (фасада здания),,,Карточка-112,,,,,,,,,Карточка-112,карточка-112,карточка-112,,,,,,,,,,,,,Обрушение конструкций,,,,карточка-112,,,,,,,,,,,,,,,,карточка-112,карточка-112,,,,,,карточка-112,,карточка-112,карточка-112,,,,,,карточка-112,,,карточка -112,,,,,,,,,,
14,9,7,0,14090700,,Предмет - падение,Прочие объекты,,,Падение (прочие объекты),Обрушение конструкций,,,,,,,,,,Аварии в городском хозяйстве,Аварии в городском хозяйстве,,Придавило (обрушение),нет реагирования,,Обрушение (угроза обрушения) здания (фасада здания),,,Карточка-112,,,,,,,,,Карточка-112,карточка-112,карточка-112,,,,,,,,,,,,,Обрушение конструкций,,,,карточка-112,,,,,,,,,,,,,,,,карточка-112,карточка-112,,,,,,карточка-112,,карточка-112,карточка-112,,,,Падение (прочие объекты),карточка-112,,,,карточка -112,,,,,,,,,,
14,9,8,0,14090800,,Предмет - падение,Набережная: Облицовочных плит ,,,Падение (облицовочные плиты набережной),Обрушение облицовочных плит в воду,GORMOST,,,,,,,,,,,,,,,,,,,,,,,,,,,,Карточка-112,карточка-112,,,,,,,,,,,,,Обрушение облицовочных плит в воду,,,,карточка-112,,,,,,,,,,,,,,,,карточка-112,карточка-112,,,,,,карточка-112,,карточка-112,,,,,,,,,,,,,,,,,,,,
14,9,1,4,14090104,,Предмет - падение,Сосульки наледь снег,Угроза падения,,"Сосульки, наледь, снег, свисающие с крыши и карнизов","Неубранные сосульки, наледь, снег, свисающие с крыши и карнизов",,,,,,,,,,Аварии в городском хозяйстве,,,Травма,нет реагирования,,,,,Карточка-112,,,,,,,,,,Карточка-112,,карточка-112,карточка-112,,,,,,,,,,,,,,,карточка-112,,,,,,,,,,,,,,,,карточка-112,карточка-112,,,,,,карточка-112,,карточка-112,,,,,,,,,,,,,,,,,,,,
14,9,4,4,14090404,,Предмет - падение,"ЧАСТИ, ДЕТАЛИ - Кровля крыша фасад балкон",Угроза падения,,"Угроза падения (детали кровли, крыши, балкона, фасада)","Нарушение элементов облицовки стен и выступающих конструкций, угрожающее безопасности людей",Police,,Угроза обрушения,,,,Угроза обрушения,,,Аварии в городском хозяйстве,,,Травма,нет реагирования,,Обрушение (угроза обрушения) здания (фасада здания),,,,,,,,,,,,,Карточка-112,,,,,,,,,,,,,,"Нарушение элементов облицовки стен и выступающих конструкций, угрожающее безопасности людей",,,,карточка-112,,,,,,,,,,,,,,,,карточка-112,карточка-112,,,,,,карточка-112,,карточка-112,,,,,"Угроза падения (детали кровли, крыши, балкона, фасада)",карточка-112,карточка-112,,,,,,,,,,,,,
14,9,5,4,14090504,,Предмет - падение,Мачта освещения столб,Угроза падения,,Угроза падение (мачта освещения),Нет в ЕКП,,,,,,,,,,,,,Травма,нет реагирования,,,,,Карточка-112,,,,,,,,,,,,,,,,,,,,,,,,Обрушение конструкций,,,,,,,,,,,,,,,,,,,,карточка-112,карточка-112,,,,,,карточка-112,,карточка-112,,,,,,,,,,,,,,,,,,,,
14,9,6,4,14090604,,Предмет - падение,Рекламный щит,Угроза падения,,Угроза падение (рекламный щит),Нет в ЕКП,,,,,,,,,,,,,Травма,нет реагирования,,,,,Карточка-112,,,,,,,,,,,,,,,,,,,,,,,,Обрушение конструкций,,,,,,,,,,,,,,,,,,,,карточка-112,карточка-112,,,,,,карточка-112,,карточка-112,,,,,,,карточка-112,,,,,,,,,,,,,
14,9,7,4,14090704,,Предмет - падение,Прочие объекты,Угроза падения,,Угроза падение (прочие объекты),Нет в ЕКП,,,,,,,,,,,,,Травма,нет реагирования,,,,,Карточка-112,,,,,,,,,,,,,,,,,,,,,,,,Обрушение конструкций,,,,,,,,,,,,,,,,,,,,карточка-112,карточка-112,,,,,,карточка-112,,карточка-112,,,,,Угроза падение (прочие объекты),карточка-112,,,,,,,,,,,,,,
14,10,1,0,14100100,ЛИФТ,Лифт,Застревание,,,Застревание в лифте,Застревание в лифте,MOSLIFT,,,,,,,,,,,,,,,,,,,,,,,,,,,,Карточка-112,,карточка-112,карточка-112,карточка-112,,,,,,,,,карточка-112,,,,,карточка-112,,,,,,,,,,,,,,,,карточка-112,карточка-112,,,,,,карточка-112,,карточка-112,,,,,,,,,,,,,,,,,,,,
14,10,1,1,14100101,,Лифт,Застревание,Требуется медицинская помощь,,Застревание в лифте (требуется медицинская помощь),Помощь лифтовым службам,MOSLIFT,Помощь лифтовым службам,,,,,,,,,,МЧС Вскрытие двери,МЧС Вскрытие двери,нет реагирования,,,,,,,,,,,,,,,Карточка-112,,карточка-112,карточка-112,карточка-112,,,,,,,,,карточка-112,,,,,карточка-112,,,,,,,,,,,,,,,,карточка-112,карточка-112,,,,,,карточка-112,,карточка-112,,,,,,,,,,,,,,,,,,,,
14,10,1,2,14100102,,Лифт,Застревание,Дети до 10 лет без сопровождения взрослых,,Застревание в лифте (ребенок без взрослых),Помощь лифтовым службам,MOSLIFT,Помощь лифтовым службам,,,,,,,,,Прочее,,МЧС Вскрытие двери,нет реагирования,,,,,,,,,,,,,,,Карточка-112,,карточка-112,карточка-112,карточка-112,,,,,,,,,карточка-112,,,,,карточка-112,,,,,,,,,,,,,,,,карточка-112,карточка-112,,,,,,карточка-112,,карточка-112,,,,,,,,,,,,,,,,,,,,
14,10,2,1,14100201,,Лифт,Падение в шахту,Человек,,Падение человека в шахту лифта,Падение с высоты,MOSLIFT,,Падение с высоты,,,,,,Падение с высоты,,,,Падение с высоты,нет реагирования,,,,,Карточка-112,Карточка-112,,,,,,,,,карточка-112,,,,,,,Карточка-112,,,,,,карточка-112,,,Авария (катастрофа) техногенного или природного характера,Авария (катастрофа) техногенного или природного характера,карточка-112,,,,,,карточка -112,,,,,,,,,,карточка-112,карточка-112,,,карточка-112,,карточка-112,карточка-112,,карточка-112,карточка-112,,,,Падение человека в шахту лифта,карточка-112,,,,,,,,,Карточка-112,,,,,
14,10,2,2,14100202,,Лифт,Падение в шахту,Вещи,,Падение предметов в шахту лифта,"Падение вещей, предметов в шахту лифта",MOSLIFT,,,,,,,,,,,,Травма,нет реагирования,,,,,,,,,,,,,,,Карточка-112,,карточка-112,карточка-112,карточка-112,,,,,,,,,карточка-112,,,,,,,,,,,,,,,,,,,,,карточка-112,карточка-112,,,,,карточка-112,карточка-112,,карточка-112,,,,,,,,,,,,,,,,,,,,
14,10,2,3,14100203,,Лифт,Падение в шахту,Животные,,Падение животных в шахту лифта,Спасение животных,MOSLIFT,,,СПАСЕНИЕ ЖИВОТНЫХ,,,,,,,,,Травма,нет реагирования,,,,,,,,,,,,,,,Карточка-112,,карточка-112,карточка-112,карточка-112,,,,,,,,,карточка-112,,,,,карточка-112,,,,,,,,,,,,,,,,карточка-112,карточка-112,,,,,,карточка-112,,карточка-112,,,,,,,,,,,,,,,,,,,,
14,10,3,0,14100300,,Лифт,Упал,,,Лифт упал,Обрушение конструкций,,Обрушение конструкций,,,,,,,Аварии в городском хозяйстве,,,,Придавило (обрушение),нет реагирования,,Обрушение (угроза обрушения) здания (фасада здания),Карточка-112,,,,,,,,,,,Карточка-112,карточка-112,карточка-112,,,,,,,,,,,,карточка-112,Обрушение конструкций,,Авария (катастрофа) техногенного или природного характера,Авария (катастрофа) техногенного или природного характера,карточка-112,,,,,,карточка -112,,,,,,,,,,карточка-112,карточка-112,,,карточка-112,,,карточка-112,,карточка-112,карточка-112,,,,Лифт упал,карточка-112,карточка-112,,,карточка -112,,,,,Карточка-112,,,,,
14,10,4,0,14100400,,Лифт,Не работает,,,Лифт не работает,"Не работает лифт (левый, правый, средний)",MOSLIFT,,,,,,,,,,,,Травма,нет реагирования,,,,,,,,,,,,,,,Карточка-112,,,карточка-112,,,,,,,,,,карточка-112,,,,,карточка-112,,,,,,,,,,,,,,,,карточка-112,карточка-112,,,,,,карточка-112,,карточка-112,,,,,,,,,,,,,,,,,,,,
14,10,5,0,14100500,,Лифт,Не вызывается на этаж,,,Лифт не вызывается,Лифт не вызывается на этаж,MOSLIFT,,,,,,,,,,,,Травма,нет реагирования,,,,,,,,,,,,,,,Карточка-112,,карточка-112,карточка-112,карточка-112,,,,,,,,,карточка-112,,,,,карточка-112,,,,,,,,,,,,,,,,карточка-112,карточка-112,,,,,,карточка-112,,карточка-112,,,,,,,,,,,,,,,,,,,,
14,10,6,0,14100600,,Лифт,Не останавливается на этаже,,,Лифт не останавливается на этаже,Лифт не останавливается на этаже,MOSLIFT,,,,,,,,,,,,Травма,нет реагирования,,,,,,,,,,,,,,,Карточка-112,,карточка-112,карточка-112,карточка-112,,,,,,,,,карточка-112,,,,,карточка-112,,,,,,,,,,,,,,,,карточка-112,карточка-112,,,,,,карточка-112,,карточка-112,,,,,,,,,,,,,,,,,,,,
14,10,7,0,14100700,,Лифт,Не закрываются двери лифта,,,Не закрываются двери лифта,Не закрываются двери лифта,MOSLIFT,,,,,,,,,,,,Травма,нет реагирования,,,,,,,,,,,,,,,Карточка-112,,карточка-112,карточка-112,карточка-112,,,,,,,,,карточка-112,,,,,карточка-112,,,,,,,,,,,,,,,,карточка-112,карточка-112,,,,,,карточка-112,,карточка-112,,,,,,,,,,,,,,,,,,,,
14,10,8,0,14100800,,Лифт,"Не закрываются двери кабины, шахты",,,"Не закрываются двери кабины, шахты","Не закрываются двери кабины, шахты",MOSLIFT,,,,,,,,,,,,Травма,нет реагирования,,,,,,,,,,,,,,,Карточка-112,,карточка-112,карточка-112,карточка-112,,,,,,,,,карточка-112,,,,,карточка-112,,,,,,,,,,,,,,,,карточка-112,карточка-112,,,,,,карточка-112,,карточка-112,,,,,,,,,,,,,,,,,,,,
14,10,9,0,14100900,,Лифт,Кнопки повреждены,,,Повреждение кнопок в лифте ,"Неисправность/повреждение кнопок в лифте (левый, правый, средний)",MOSLIFT,,,,,,,,,,,,Травма,нет реагирования,,,,,,,,,,,,,,,Карточка-112,,,карточка-112,,,,,,,,,,карточка-112,,,,,карточка-112,,,,,,,,,,,,,,,,карточка-112,карточка-112,,,,,,карточка-112,,карточка-112,,,,,,,,,,,,,,,,,,,,
14,10,10,0,14101000,,Лифт,Нет связи с кабиной лифта,,,Нет связи с кабиной лифта,Нет связи с кабиной лифта,MOSLIFT,,,,,,,,,,,,Травма,нет реагирования,,,,,,,,,,,,,,,Карточка-112,,карточка-112,карточка-112,карточка-112,,,,,,,,,карточка-112,,,,,карточка-112,,,,,,,,,,,,,,,,карточка-112,карточка-112,,,,,,карточка-112,,карточка-112,,,,,,,,,,,,,,,,,,,,
14,10,11,0,14101100,,Лифт,Самопроизвольное движение,,,Самопроизвольное движение лифта,Самопроизвольное движение лифта,MOSLIFT,,,,,,,,,,,,Травма,нет реагирования,,,,,,,,,,,,,,,Карточка-112,,карточка-112,карточка-112,карточка-112,,,,,,,,,карточка-112,,,,,карточка-112,,,,,,,,,,,,,,,,карточка-112,карточка-112,,,,,,карточка-112,,карточка-112,,,,,,,,,,,,,,,,,,,,
14,10,12,0,14101200,,Лифт,Нет повторного вызова,,,Отсутствует повторный вызов лифта,Отсутствует повторный вызов лифта,MOSLIFT,,,,,,,,,,,,Травма,нет реагирования,,,,,,,,,,,,,,,Карточка-112,,карточка-112,карточка-112,карточка-112,,,,,,,,,карточка-112,,,,,,,,,,,,,,,,,,,,,карточка-112,карточка-112,,,,,,карточка-112,,карточка-112,,,,,,,,,,,,,,,,,,,,
14,10,13,0,14101300,,Лифт,"Шум, скрежет, вибрация при движении",,,Скрежет (вибрация) в кабине лифта при движении,"Шум, скрежет, вибрация в кабине лифта при движении",MOSLIFT,,,,,,,,,,,,Травма,нет реагирования,,,,,,,,,,,,,,,Карточка-112,,карточка-112,карточка-112,карточка-112,,,,,,,,,карточка-112,,,,,карточка-112,,,,,,,,,,,,,,,,карточка-112,карточка-112,,,,,,карточка-112,,карточка-112,,,,,,,,,,,,,,,,,,,,
14,10,14,0,14101400,,Лифт,Дверь шахта открыто,,,Открыты двери шахты,Открыты двери шахты,MOSLIFT,,,,,,,,,,,,Травма,нет реагирования,,,,,,,,,,,,,,,Карточка-112,,карточка-112,карточка-112,карточка-112,,,,,,,,,Карточка-112,,,,,карточка-112,,,,,,,,,,,,,,,,карточка-112,карточка-112,,,,,,карточка-112,,карточка-112,,,,,,,,,,,,,,,,,,,,
14,10,15,0,14101500,,Лифт,Дверь машинное помещение открыто,,,Открыта дверь машинного помещения,Открыта дверь маш. помещения,MOSLIFT,,,,,,,,,,,,Травма,нет реагирования,,,,,,,,,,,,,,,Карточка-112,,карточка-112,карточка-112,карточка-112,,,,,,,,,карточка-112,,,,,карточка-112,,,,,,,,,,,Карточка-112,,,,,карточка-112,карточка-112,,,,,,карточка-112,,карточка-112,,,,,,,,,,,,,,,,,,,,
14,10,16,0,14101600,,Лифт,Нет света,,,Нет света в кабине лифта,Неисправное освещение/отсутствие освещения в кабине лифта,MOSLIFT,,,,,,,,,,,,Травма,нет реагирования,,,,,,,,,,,,,,,Карточка-112,,карточка-112,карточка-112,карточка-112,,,,,,,,,карточка-112,,,,,карточка-112,,,,,,,,,,,,,,,,карточка-112,карточка-112,,,,,,карточка-112,,карточка-112,,,,,,,,,,,,,,,,,,,,
14,10,17,0,14101700,,Лифт,"Грязь, мусор",,,Мусор в лифте,"Мусор, грязь в лифте",,,,,,,,,,,,,,,,,,,Карточка-112,,,,,,,,,,Карточка-112,,,карточка-112,,,,,,,,,,,,,,,,,,,,,,,,,,,,,,,карточка-112,карточка-112,,,,,,карточка-112,,карточка-112,,,,,,,,,,,,,,,,,,,,
14,10,18,0,14101800,,Лифт,"Порча кабина (надписи, разломана и т.д.)",,,Порча кабины лифта,Порча кабины лифта,MOSLIFT,,,,,,,,Хулиганство мелкое,,,,Травма,нет реагирования,,,,,,,,,,,,,,,Карточка-112,,карточка-112,карточка-112,карточка-112,,,,,,,,,карточка-112,,,,Авария (катастрофа) техногенного или природного характера,,,,,,,,,,,,,,,,,карточка-112,карточка-112,,,,,,карточка-112,,карточка-112,,,,,,,,,,,,,,,,,,,,
14,10,19,0,14101900,,Лифт,Проникновение в шахту,,,Проникновение в шахту,Проникновение в шахту,MOSLIFT,,,,,,,,Хулиганство мелкое,,,,Травма,нет реагирования,,,,,,,,,,,,,,,Карточка-112,,,,,,,,,,,,,карточка-112,,,,Авария (катастрофа) техногенного или природного характера,карточка-112,,,,,,,,,,,,,,,,карточка-112,карточка-112,,,,,,карточка-112,,карточка-112,,,,,,,,,,,,,,,,,,,,
14,10,20,0,14102000,,Лифт,Другое,,,Лифты Другое,Лифты Другое,,,,,,,,,,,,,,,,,,,Карточка-112,,,,,,,,,,Карточка-112,,карточка-112,карточка-112,карточка-112,,,,,,,,,,,,,,карточка-112,,,,,,,,,,,,,,,,карточка-112,карточка-112,,,,,,карточка-112,,карточка-112,,,,,,,,,,,,,,,,,,,,
14,10,21,0,14102100,,Лифт,Подъемник для инвалидов не работает,,,Неисправна подъемная платформа для инвалидов,Неисправность/недоступность подъемной платформы для инвалидов,MOSLIFT,,,,,,,,,,,,Травма,нет реагирования,,,,,,,,,,,,,,,Карточка-112,,карточка-112,карточка-112,карточка-112,,,,,,,,,карточка-112,,,,,карточка-112,,,,,,,,,,,,,,,,карточка-112,карточка-112,,,,,,карточка-112,,карточка-112,,,,,,,,,,,,,,,,,,,,
14,10,22,0,14102200,,Лифт,"Нарушение работы эскалатора (быстрое движение, резкая остановка)",,,Нарушение работы эскалатора,Нет в ЕКП,,,,,,,Деблокация,,,Прочее,Прочее,,Травма,Нет реагирования,,,,карточка-112,карточка-112,карточка-112,карточка-112,,,,,,,,карточка-112,,,,,,,,,,,,,,,,,,,,,,,,,,,,,,,,,,карточка-112,карточка-112,,,,,,карточка-112,,карточка-112,,,,,,,,,,,,,,,,,,,,
14,11,1,0,14110100,Провода электрические,Провода  электрические,Провисли,,,Провисли электрические провода,"Свисающие, оборванные, искрящие провода",OEK,,,,,,,,,,,,Электротравма,нет реагирования,,,,,,,,,,,,,,Карточка-112,Карточка-112,,,,,,,Карточка-112,,,,,Карточка-112,,"Свисающие, оборванные, искрящие провода",,,,карточка-112,,,,,,,,,,,,,,,,карточка-112,карточка-112,,,,,,карточка-112,,карточка-112,,,,,,,карточка-112,,,,,,,,,,,,,
14,11,2,0,14110200,,Провода электрические,Искрят,,,Искрят электрические провода,"Свисающие, оборванные, искрящие провода",OEK,Аварии на электросетях,     ,,,,,,,,,,Электротравма,нет реагирования,,,,,,,,,,,,,,Карточка-112,Карточка-112,,,,,,,Карточка-112,,,,,Карточка-112,,"Свисающие, оборванные, искрящие провода",,,,карточка-112,,,,,,,,,,,,,,,,карточка-112,карточка-112,,,,,,карточка-112,,карточка-112,,,,,,,карточка-112,,,,,,,карточка-112,,,,,,
14,11,3,1,14110301,,Провода электрические,Обрыв,Двор тротуар газон на здании на землю,,Обрыв проводов (двор),Обрыв в сети наружного электроснабжения,OEK,Аварии на электросетях,     ,,,,,,,Аварии в городском хозяйстве,Аварии в городском хозяйстве,,Электротравма,нет реагирования,,,,Карточка-112,Карточка-112,Карточка-112,Карточка-112,,,,,,,,Карточка-112,,,,,,,,,,,Карточка-112,Карточка-112,,,,,,карточка-112,,,,,,,,,,,,,,,,карточка-112,карточка-112,,,,,,карточка-112,,карточка-112,,,,,,,,,,,,,,,,,,,,
14,11,3,2,14110302,,Провода электрические,Обрыв,Проезжая часть ,,Обрыв проводов (проезжая часть),Обрыв в сети наружного электроснабжения,OEK,Аварии на электросетях,     ,,,,,,Аварии в городском хозяйстве,,Аварии в городском хозяйстве,,Электротравма,нет реагирования,,,,Карточка-112,Карточка-112,Карточка-112,Карточка-112,,,,,,,,Карточка-112,,,,,,,,,,,Карточка-112,Карточка-112,,Обрыв в сети наружного электроснабжения,,,,карточка-112,,,,,,,,,,,,,,,,карточка-112,карточка-112,,,,,,карточка-112,,карточка-112,карточка-112,,,,,,карточка-112,,,карточка -112,,,,,,,,,,
14,11,3,3,14110303,,Провода электрические,Обрыв,На автомашину - нет пострадавших,,Обрыв проводов на автомашину,Повреждение автомашины в результате паденияпредмета или действия людей,,,,,,,,,"Повреждение автотранспортного средства в результате падения предмета, либо действия людей",,,,Электротравма,нет реагирования,,,,,,,,,,,,,,,Карточка-112,,,,,,,,,,,,,,Обрыв в сети наружного электроснабжения,,Авария (катастрофа) техногенного или природного характера,Авария (катастрофа) техногенного или природного характера,карточка-112,,,,,,,,,,,,,,,,карточка-112,карточка-112,,,,,,карточка-112,,карточка-112,карточка-112,,,,,,карточка-112,,,,,,,,,,,,,
14,11,3,4,14110304,,Провода электрические,Обрыв,На автомашину - есть пострадавшие,,Обрыв проводов на автомашину (пострадавшие),Обрыв в сети наружного электроснабжения,MCHS,Аварии на электросетях,     ,,,,,,"Повреждение автотранспортного средства в результате падения предмета, либо действия людей",,,,Электротравма,нет реагирования,,,,Карточка-112,Карточка-112,Карточка-112,Карточка-112,,,,,,,,Карточка-112,,,,,,,,,,,Карточка-112,Карточка-112,,Обрыв в сети наружного электроснабжения,,,,карточка-112,,,,,,карточка -112,,,,,,,,,,карточка-112,карточка-112,,,,,,карточка-112,,карточка-112,карточка-112,,,,,,карточка-112,,,,,,,,,,,,,
14,11,4,1,14110401,,Провода электрические,Мачта освещения,Повреждение,,Повреждены провода у мачты освещения,"Сбита опора лэп , мачта освещения",,,,,,,,,,,Аварии в городском хозяйстве,,Электротравма,нет реагирования,,,,,Карточка-112,,,,,,,,,,,,,,,,,,,,,,Карточка-112,,"Сбита опора лэп , мачта освещения",,,,карточка-112,,,,,,,,,,,,,,,,карточка-112,карточка-112,,,,,,карточка-112,,карточка-112,,,,,,,карточка-112,,,,,,,,,,,,,
14,11,4,2,14110402,,Провода электрические,Мачта освещения,Упала,,Упала мачта освещения,"Сбита опора лэп , мачта освещения",,,,,,,,,,,Аварии в городском хозяйстве,,Электротравма,нет реагирования,,,,,Карточка-112,,,,,,,,,,,,,,,,,,,,,,Карточка-112,,"Сбита опора лэп , мачта освещения",,,,карточка-112,,,,,,,,,,,,,,,,карточка-112,карточка-112,,,,,,карточка-112,,карточка-112,карточка-112,,,,,,,,,карточка -112,,,,,,,,,,
14,11,4,3,14110403,,Провода электрические,Мачта освещения,Горит,,Горит мачта освещения,Нет в ЕКП,MCHS,пожар,,,,,,,,,Пожар,,Электротравма,нет реагирования,,,,Карточка-112,Карточка-112,Карточка-112,Карточка-112,,,,,,,карточка-112,карточка-112,,карточка-112,карточка-112,,,,,,,,,Карточка-112,,пожар: электрические сети,,,,,,,,,,карточка -112,,,,,,,,,,карточка-112,карточка-112,,,,,,карточка-112,,карточка-112,карточка-112,,,,,,,,,карточка -112,,,,,,,,,,
14,11,5,0,14110500,,Провода электрические,Упали на человека,,нет доступа,Обрыв проводов на человека,Нет в ЕКП,MCHS,,деблокация,,,,,,Аварии в городском хозяйстве,,,,Электротравма,нет реагирования,,,,Карточка-112,Карточка-112,Карточка-112,Карточка-112,,,,,,,карточка-112,карточка-112,,карточка-112,карточка-112,,,,,,,,Карточка-112,Карточка-112,,Обрыв в сети наружного электроснабжения,,,,,,,,,,карточка -112,,,,,,,,,,карточка-112,карточка-112,,,,,,карточка-112,,карточка-112,карточка-112,,,,,,карточка-112,,,,,,,,,,,,,
14,11,6,0,14110600,,Провода электрические,Упали на животное,,нет доступа,Обрыв проводов на животное,Нет в ЕКП,MCHS,,спасение животных,,,,,,,,,,Электротравма,нет реагирования,,,,Карточка-112,Карточка-112,Карточка-112,Карточка-112,,,,,,,карточка-112,карточка-112,,карточка-112,карточка-112,,,,,,,,Карточка-112,Карточка-112,,Обрыв в сети наружного электроснабжения,,,,,,,,,,,,,,,,,,,,карточка-112,карточка-112,,,,,,карточка-112,,карточка-112,,,,,,,,,,,,,,,,,,,,
14,12,1,0,14120100,Провода контактные,Провода контактные,Провисли,,,Провисли контактные провода,Повреждение контактной сети,MOSGORTRANS,,,,,,,,,,,,Электротравма,нет реагирования,,,,,,,,,,,,Карточки-112,,,,,,,,,,,,,,,,,Повреждение контактной сети,,,,карточка-112,,,,,,,,,,,,,,,,карточка-112,карточка-112,,,,,,карточка-112,,карточка-112,,,,,,,,,,,,,,,,,,,,
14,12,2,0,14120200,,Провода контактные,"Искрят, короткое замыкание",,,Искрят контактные провода,Короткое замыкание в контактной сети,MOSGORTRANS,,,,,,,,,Аварии в городском хозяйстве,,,Электротравма,нет реагирования,,,,,,,,,,,,Карточки-112,,,,,,,,,,,,,,,,,Короткое замыкание в контактной сети,,,,карточка-112,,,,,,,,,,,,,,,,карточка-112,карточка-112,,,,,,карточка-112,,карточка-112,,,,,,,,,,,,,,,,,,,,
14,12,3,1,14120301,,Провода контактные,Обрыв,"На землю, на здание, на проезжую часть, двор, тротуар, газон",,Обрыв контактные провода,Повреждение контактной сети,MOSGORTRANS,,,,,,,,,Аварии в городском хозяйстве,Аварии в городском хозяйстве,,Электротравма,нет реагирования,,,,,,,,,,,,Карточки-112,,,,,,,,,,,,,,,,,Повреждение контактной сети,,,,карточка-112,,,,,,,,,,,,,,,,карточка-112,карточка-112,,,,,,карточка-112,,карточка-112,карточка-112,,,,,,карточка-112,,,,,,,,,,,,,
14,12,3,2,14120302,,Провода контактные,Обрыв,На автомашину - нет пострадавших,,Обрыв контактных проводов на автомашину,Повреждение автомашины в результате паденияпредмета или действия людей,Police,,,,,,,,"Повреждение автотранспортного средства в результате падения предмета, либо действия людей",,,,,,,,,,,,,,,,,,,,,,,,,,,,,,,,,,Повреждение автомобиля в результате падения предмета либо действий людей,,,,карточка-112,,,,,,,,,,,,,,,,карточка-112,карточка-112,,,,,,карточка-112,,карточка-112,,,,,,,,,,,,,,,,,,,,
14,12,3,3,14120303,,Провода контактные,Обрыв,На автомашину - есть пострадавшие,,Обрыв контактных проводов на автомашину (пострадавшие),Повреждение контактной сети,MCHS,,Прочие происшествия,,,,,,"Повреждение автотранспортного средства в результате падения предмета, либо действия людей",,,,Электротравма,нет реагирования,,,,,,,,,,,,карточка-112,,,,,,,,,,,,,,,,,Повреждение контактной сети,,,,карточка-112,,,,,,карточка -112,,,,,,,,,,карточка-112,карточка-112,,,,,,карточка-112,,карточка-112,карточка-112,,,,,,карточка-112,,,карточка -112,,,,,,,,,,
14,12,3,4,14120304,,Провода контактные,Обрыв,На человека,,Обрыв контактные провода на человека,Нет в ЕКП,MOSGORTRANS,,деблокация,,,,,,Аварии в городском хозяйстве,,,,Электротравма,нет реагирования,,,,Карточка-112,Карточка-112,Карточка-112,Карточка-112,,,,,карточка-112,,,карточка-112,,карточка-112,,,,,,,,,,,,Повреждение контактной сети,,,,,,,,,,карточка -112,,,,,,,,,,карточка-112,карточка-112,,,,,,карточка-112,,карточка-112,карточка-112,,,,,,карточка-112,,,,,,,,,,,,,
14,12,3,5,14120305,,Провода контактные,Обрыв,на животное,нет доступа,Обрыв контактные провода на животное,Нет в ЕКП,MOSGORTRANS,,спасение животных,,,,,,,Аварии в городском хозяйстве,,,Электротравма,нет реагирования,,,,Карточка-112,Карточка-112,Карточка-112,Карточка-112,,,,,карточка-112,,,карточка-112,,,,,,,,,,,,,,Повреждение контактной сети,,,,,,,,,,,,,,,,,,,,карточка-112,карточка-112,,,,,,карточка-112,,карточка-112,,,,,,,,,,,,,,,,,,,,
14,12,4,0,14120400,,Провода контактные,Предмет на контактной сети,,,Посторонний предмет на контактной сети,Посторонний предмет на контактной сети,MOSGORTRANS,,Прочие происшествия,,,,,,,,,,Электротравма,нет реагирования,,,,,,,,,,,,карточка-112,,,,,,,,,,,карточка-112,,,,,,Посторонний предмет на контактной сети,,,,карточка-112,,,,,,,,,,,,,,,,карточка-112,карточка-112,,,,,,карточка-112,,карточка-112,,,,,,,,,,,,,,,,,,,,
14,12,5,1,14120501,,Провода контактные,Столб опора,Повреждение,,Повреждение опоры контактной сети,Сбита опора с повреждением контактной сети,MCHS,,Помощь службам городского хозяйства,,,,,,,,Аварии в городском хозяйстве,,Электротравма,нет реагирования,,,,,,,,,,,,карточка-112,,,,,,,,,,,,,,,,,Сбита опора с повреждением контактной сети,,,,карточка-112,,,,,,,,,,,,,,,,карточка-112,карточка-112,,,,,,карточка-112,,карточка-112,,,,,,,карточка-112,,,,,,,,,,,,,
14,12,5,2,14120502,,Провода контактные,Столб опора,Упала,"На землю, на здание, на проезжую часть, двор, тротуар, газон",Опора контактной сети падение,Сбита опора с повреждением контактной сети,MCHS,,Помощь службам городского хозяйства,,,,,,,,Аварии в городском хозяйстве,,Электротравма,нет реагирования,,,,,,,,,,,,карточка-112,,,,,карточка-112,,,,,,,,,,,,Сбита опора с повреждением контактной сети,,,,карточка-112,,,,,,,,,,,,,,,,карточка-112,карточка-112,,,,,,карточка-112,,карточка-112,карточка-112,,,,,,,,,,,,,,,,,,,
14,12,5,3,14120503,,Провода контактные,Столб опора,Упала (на человека),,Опора контактной сети падение на человека,Сбита опора с повреждением контактной сети,MCHS,,Помощь службам городского хозяйства,,,,,,Аварии в городском хозяйстве,,,,Электротравма,нет реагирования,,,,,,,,,,,,карточка-112,,,,,карточка-112,,,,,,,,,,,,Сбита опора с повреждением контактной сети,,,,карточка-112,,,,,,карточка -112,,,,,,,,,,карточка-112,карточка-112,,,,,,карточка-112,,карточка-112,карточка-112,,,,,,карточка-112,,,,,,,,,,,,,
14,12,5,4,14120504,,Провода контактные,Столб опора,Упала (на животное),,Опора контактной сети падение на животное,Сбита опора с повреждением контактной сети,MCHS,,Помощь службам городского хозяйства,,,,,,,Аварии в городском хозяйстве,,,Электротравма,нет реагирования,,,,,,,,,,,,карточка-112,,,,,,,,,,,,,,,,,Сбита опора с повреждением контактной сети,,,,карточка-112,,,,,,,,,,,,,,,,карточка-112,карточка-112,,,,,,карточка-112,,карточка-112,,,,,,,,,,,,,,,,,,,,
14,12,5,5,14120505,,Провода контактные,Столб опора,горит,,Горит опора контактной сети,Нет в ЕКП,MCHS,пожар,,,,,,,пожар,,,,Электротравма,нет реагирования,,,,Карточка-112,Карточка-112,Карточка-112,Карточка-112,,,,,,,карточка-112,карточка-112,,карточка-112,,,,,,,,,Карточка-112,Карточка-112,,Повреждение контактной сети,,,,,,,,,,карточка -112,,,,,,,,,,карточка-112,карточка-112,,,,,,карточка-112,,карточка-112,,,,,,,карточка-112,,,карточка -112,,,,,,,,,,
14,13,1,1,14130101,Снег грязь мусор тротуарная плитка,"Снег, грязь, плитка",Снег неубранный,Проезжая часть Обочина,,"Снег на обочинах, проезжей части",Снеговые кучи на обочинах,AUTOROADS,,,,,,,,,,,,Травма,нет реагирования,,,,,,,,,,,Карточка-112,,,Карточка-112,Карточка-112,,,,,,,,,,,,,,Снеговые кучи на обочинах,,,,карточка-112,,,,,,,,,,,,,,,,карточка-112,карточка-112,карточка-112,,,,,карточка-112,,карточка-112,,,,,,,,,,,,,,,,,,,,
14,13,1,2,14130102,,"Снег, грязь, плитка",Снег неубранный,Остановка общественного транспорта,,Снег на остановках,Неубранный снег на остановке,AUTOROADS,,,,,,,,,,,,Травма,нет реагирования,,,,,,,,,,,Карточка-112,,,Карточка-112,Карточка-112,,,,,,,,,,,,,,Неубранный снег на остановке,,,,карточка-112,,,,,,,,,,,,,,,,карточка-112,карточка-112,карточка-112,,,,,карточка-112,,карточка-112,,,,,,,,,,,,,,,,,,,,
14,13,1,3,14130103,,"Снег, грязь, плитка",Снег неубранный,На газоне с реагентами,,Снег с реагентами на газоне,Складирование снега с реагентами на газонах,AUTOROADS,,,,,,,,,,,,Травма,нет реагирования,,,,,,,,,,,Карточка-112,,,Карточка-112,Карточка-112,,,,,,,,,,,,,,,,,,карточка-112,,,,,,,,,,,,,,,,карточка-112,карточка-112,карточка-112,,,,,карточка-112,,карточка-112,,,,,,,,,,,,,,,,,,,,
14,13,1,4,14130104,,"Снег, грязь, плитка",Снег неубранный,"В парковочных ""карманах""",,Снег в парковочных карманах,Неочищенные от снега парковочные карманы на проезжей части,AUTOROADS,,,,,,,,,,,,Травма,нет реагирования,,,,,,,,,,,Карточка-112,,,Карточка-112,Карточка-112,,,,,,,,,,,,,,Неочищенные от снега парковочные карманы на проезжей части,,,,карточка-112,,,,,,,,,,,,,,,,карточка-112,карточка-112,карточка-112,,,,,карточка-112,,карточка-112,,,,,,,,,,,,,,,,,,,,
14,13,1,5,14130105,,"Снег, грязь, плитка",Снег неубранный,Много реагентов,,Избыточное применение реагентов,Избыточное/неравномерное применение реагентов,AUTOROADS,,,,,,,,,,,,Травма,нет реагирования,,,,,,,,,,,Карточка-112,,,Карточка-112,Карточка-112,,,,,,,,,,,,,,,,,,карточка-112,,,,,,,,,,,,,,,,карточка-112,карточка-112,карточка-112,,,,,карточка-112,,карточка-112,,,,,,,,,,,карточка-112,,,,,,,,,
14,13,2,1,14130201,,"Снег, грязь, плитка","Грязь, мусор",Проезжая часть,,Грязь на проезжей части,Неубранная проезжая часть/тротуар,AUTOROADS,,,,,,,,,,,,Травма,нет реагирования,,,,,,,,,,,Карточка-112,,,Карточка-112,Карточка-112,,,,,,,,,,,,,,Неубранная проезжая часть/тротуар,,,,карточка-112,,,,,,,,,,,,,,,,карточка-112,карточка-112,карточка-112,,,,,карточка-112,,карточка-112,,,,,,,,,,,,,,,,,,,,
14,13,2,2,14130202,,"Снег, грязь, плитка","Грязь, мусор",Тротуар ,,Грязь на тротуаре,Неубранная проезжая часть/тротуар,AUTOROADS,,,,,,,,,,,,Травма,нет реагирования,,,,,,,,,,,Карточка-112,,,Карточка-112,Карточка-112,,,,,,,,,,,,,,,,,,карточка-112,,,,,,,,,,,,,,,,карточка-112,карточка-112,карточка-112,,,,,карточка-112,,карточка-112,,,,,,,,,,,,,,,,,,,,
14,13,2,3,14130203,,"Снег, грязь, плитка","Грязь, мусор",Остановка общественного транспорта,,Грязь на остановке,Грязь/мусор на остановках общественного транспорта,AUTOROADS,,,,,,,,,,,,Травма,нет реагирования,,,,,,,,,,,Карточка-112,карточка-112,,Карточка-112,Карточка-112,,,,,,,,,,,,,,Грязь/мусор на остановках общественного транспорта,,,,,,,,,,,,,,,,,,,,карточка-112,карточка-112,карточка-112,,,,,карточка-112,,карточка-112,,,,,,,,,,,,,,,,,,,,
14,13,2,4,14130204,,"Снег, грязь, плитка","Грязь, мусор",Мачта освещения столб,,Грязь у столба освещения,Неудовлетворительное санитарное содержание осветительных опор,AUTOROADS,,,,,,,,,,,,Травма,нет реагирования,,,,,,,,,,,Карточка-112,,,Карточка-112,Карточка-112,,,,,,,,,,,,,,,,,,карточка-112,,,,,,,,,,,,,,,,карточка-112,карточка-112,карточка-112,,,,,карточка-112,,карточка-112,,,,,,,,,,,,,,,,,,,,
14,13,3,0,14130300,,"Снег, грязь, плитка",Тротуарная плитка некачественная укладка,,,Некачественная укладка уличной плитки,Некачественная укладка плитки на тротуаре,AUTOROADS,,,,,,,,,,,,Травма,нет реагирования,,,,,,,,,,,Карточка-112,,,Карточка-112,Карточка-112,,,,,,,,,,,,,,,,,,карточка-112,,,,,,,,,,,,,,,,карточка-112,карточка-112,карточка-112,,,,,карточка-112,,карточка-112,,,,,,,,,,,,,,,,,,,,
14,14,1,0,14140100,"повреждение элементов набережной, моста, эстакады, инженерного сооружения","Повреждение, разрушение",Инженерное сооружение,,,Повреждение инженерного сооружения,Повреждение инженерного сооружения,MCHS,,Прочие происшествия,,,,Прочие происшествия,,,Аварии в городском хозяйстве,Аварии в городском хозяйстве,,Травма,нет реагирования,,,,,,,,,,,Карточка-112,,,Карточка-112,Карточка-112,,,,,,,,,,,,,,Повреждение инженерного сооружения,,,,карточка-112,,,,,,,,,,,,,,,,карточка-112,карточка-112,карточка-112,карточка-112,,,,карточка-112,,карточка-112,,,,,,,,,,,карточка-112,,,,,,,,,
14,14,2,0,14140200,,"Повреждение, разрушение",Набережная ограждение,,,Разрушение ограждения набережной,Разрушение ограждения набережной,GORMOST,,Прочие происшествия,,,,Прочие происшествия,,,Аварии в городском хозяйстве,Аварии в городском хозяйстве,,Травма,нет реагирования,,,,,,,,,,,,,,Карточка-112,,Карточка-112,,,,,,,,,,,,,Разрушение ограждения набережной,,,,карточка-112,,,,,,,,,,,,,,,,карточка-112,карточка-112,,карточка-112,,,,карточка-112,,карточка-112,,,,,Разрушение ограждения набережной,карточка-112,карточка-112,,Карточка-112,,карточка-112,,,,,,,,,
14,14,3,0,14140300,,"Повреждение, разрушение",Мост элементы,,,Повреждение элементов моста или моста,Повреждение элементов моста или моста,GORMOST,,Прочие происшествия,,,,Прочие происшествия,,,Аварии в городском хозяйстве,Аварии в городском хозяйстве,,Травма,нет реагирования,,,,,,,,,,,,,,карточка-112,,Карточка-112,,,,,,,,,,,,,Повреждение элементов моста или моста,,,,карточка-112,,,,,,,,,,,,,,,,карточка-112,карточка-112,,карточка-112,,,,карточка-112,,карточка-112,,,,,Повреждение элементов моста или моста,карточка-112,карточка-112,,,карточка -112,карточка-112,,,,Карточка-112,,,,,
14,14,4,0,14140400,,"Повреждение, разрушение",Эстакада элементы,,,Повреждение элементов эстакады или эстакады,Повреждение элементов эстакады или эстакады,GORMOST,,Прочие происшествия,,,,Прочие происшествия,,,Аварии в городском хозяйстве,Аварии в городском хозяйстве,,Травма,нет реагирования,,,,,,,,,,,,,,карточка-112,,Карточка-112,,,,,,,,,,,,,Повреждение элементов эстакады или эстакады,,,,карточка-112,,,,,,,,,,,,,,,,карточка-112,карточка-112,,карточка-112,,,,карточка-112,,карточка-112,,,,,Повреждение элементов эстакады или эстакады,карточка-112,,,,карточка -112,карточка-112,,,,Карточка-112,,,,,
14,99,1,0,14990100,,Аварии в городском хозяйстве,От Службы 102,,,Аварии в городском хозяйстве (от 102),,,,прочие происшествия (условие оповещения -  Служба 101 добавляется диспетчером Службы 102),,,,,,Аварии в городском хозяйстве (от 102),,,,травма (условие оповещения -  Служба 103 добавляется диспетчером Службы 102),,,аварии в городском хозяйстве  (условие оповещения -  Служба 104 добавляется диспетчером Службы 102),,,,,,,,,карточка-112,,,,,карточка-112,,,,,карточка-112,,карточка-112,прочее,карточка-112,карточка-112,карточка-112,карточка-112,Аварии в городском хозяйстве от 102,,Авария (катастрофа) техногенного или природного характера,Авария (катастрофа) техногенного или природного характера,,карточка-112,,,,,,,карточка-112,,,карточка-112,,,,,карточка-112,карточка-112,карточка-112,,,,,карточка-112,,карточка-112,карточка-112,,,,,,карточка-112,,,,,,,,,,,,,
,,,,15,Нарушение правопорядка,,,,,,,,прочие происшествия (условие оповещения -  Служба 101 добавляется диспетчером Службы 102),прочие происшествия (условие оповещения -  Служба 101 добавляется диспетчером Службы 102),,,,,,,,,,,,,,,,,,,,,,,,,,,,,,,,,,,,,,,,,,,,,,,,,,,,,,,,,,,,,,,,,,,,,,,,,,,,,,,,,,,,,,,,,
15,1,1,0,15010100,Автомашина - Нарушение правопорядка,Автомашина ,В воде извлечь,,,Достать автомашину из воды,Происшествия на воде: извлечение транспортных средств,MCHS,Извлечение транспортных средств,,Извлечение транспортных средств,,,,,Прочее,,,,АВТО,,,,,Карточка-112,Карточка-112,Карточка-112,Карточка-112,,,,,,,,,,,,,,,,,,,,,,Происшествия на воде: извлечение транспортных средств,,,,карточка-112,,,,Карточка-112,,,,,,,,,,,,,,,,,,,карточка-112,,карточка-112,,,,,,,карточка-112,,,,,,,,,,,,,
15,1,2,0,15010200,,Автомашина,Повреждение в результате действий людей или падения предмета,,,Повреждение автомашины (не ДТП),Повреждение автомобиля в результате падения предмета либо действий людей,Police,,,,,,,,"Повреждение автотранспортного средства в результате падения предмета, либо действия людей",,,,Травма,нет реагирования,,,,,,,,,,,,,,,,,,,,,,,,,,,,,,,,,карточка-112,,,,,,,,,,,,,,,,карточка-112,карточка-112,,,,,,карточка-112,,карточка-112,,,,,,,карточка-112,,,,,,,,,,,,,
15,1,3,0,15010300,,Автомашина,Брошенная,,,Брошеная автомашина,Брошенная автомашина,Police,,,,,,,,Брошенное автотранспортное средство,,,,Травма,нет реагирования,,,,,,,,,,,,,,,,,,,,,,,,,,,,,,,,Нарушение правопорядка,карточка-112,,,,,,,,,,,,,,,карточка-112,карточка-112,карточка-112,,,,,,карточка-112,,карточка-112,карточка-112,,,,,,карточка-112,,,,,,,,,,,,,
15,1,3,1,15010301,,Автомашина,Брошенная,На трамвайных путях / по ходу движения троллейбуса.,,Оставлено транспортное средство мешающее проезду трамвая и тролейбуса,Оставлено транспортное средство мешающее проезду трамвая и тролейбуса,Police,,,,,,,,Нарушение правил дорожного движения,,,,Травма,нет реагирования,,,,,,,,,,,,карточка-112,,,,,,,,,,,карточка-112,,,,,,Оставлено транспортное средство мешающее проезду трамвая и тролейбуса,,Нарушение правопорядка,Нарушение правопорядка,карточка-112,,,,,,,,,,,,,,,,карточка-112,карточка-112,,,,,,карточка-112,,карточка-112,,,,,,,,,,карточка -112,,,,,,,,,,
15,1,3,2,15010302,,Автомашина,Брошенная,Давно стоит автохлам,,Брошеная автомашина (давно),Брошенная автомашина,Police,,,,,,,,Брошенная автомашина,,,,Травма,нет реагирования,,,,,,,,,,,,,,,,,,,,,,,,,,,,,,,,Нарушение правопорядка,карточка-112,,,,,,,,,,,,,,,карточка-112,карточка-112,карточка-112,,,,,,карточка-112,,карточка-112,,,,,,,карточка-112,,,,,,,,,,,,,
15,1,4,0,15010400,,Автомашина,Моют в неположенном месте,,,Моют автомашину в неположенном месте,Экологическое правонарушение,Police,,,,,,,,Экологическое правонарушение,,,,Травма,нет реагирования,,,,Карточка-112,Карточка-112,Карточка-112,Карточка-112,,,,,,,,,,,,,,,,,,,,,,,,,,карточка-112,,,,,,,,,,,,,,,карточка-112,,,,,,,,карточка-112,,карточка-112,,,,,,,,,,,,,,,,,,,,
15,1,5,0,15010500,,Автомашина,Нарушение ПДД,,В: (подтипы),Нарушение ПДД,Нарушение правил дорожного движения,Police,,,,,,,,Нарушение правил дорожного движения,,,,Травма,нет реагирования,,,,,,,,,,,,,,,,,,,,,,,,,,,,,,,,,карточка-112,,,,,,,,,,,,,,,,,,,,,,,карточка-112,,карточка-112,,,,,,,,,,,,,,,,,,,,
15,1,6,0,15010600,,Автомашина,Вскрывают разбирают в настоящий момент,,,Автомашину вскрывают,"Вскрывают, разбирают автомашину",Police,,,,,,,,"Вскрывают, разбирают автотранспортное средство",,,,Травма,нет реагирования,,,,,,,,,,,,,,,,,,,,,,,,,,,,,,,Нарушение правопорядка,Нарушение правопорядка,карточка-112,,,,,,,,,,,,,,,карточка-112,,,,,,,,карточка-112,,карточка-112,,,,,,,карточка-112,,,,,,,,,,,,,
15,1,7,0,15010700,,Автомашина,Подозрительная,,,Автомашина подозрительная,Подозрительная автомашина,Police,,,,,,,,Подозрительное автотранспортное средство,,,,Травма,нет реагирования,,,,,,,,,,,,,,,,,,,,,,Карточка-112,,,,,,,,,,,карточка-112,,,,,,,,,,,,,,,карточка-112,,,,,,,,карточка-112,,карточка-112,карточка-112,,,,,,карточка-112,,,,,,,,,,,,,
15,2,1,0,15020100,Вскрыта /открыто,Вскрыта,Квартира помещение гараж,,,"Вскрыта квартира, помещение","Вскрыта квартира, помещение",Police,,,,,,,,"Вскрыто жилое помещение, организация",,,,Травма,нет реагирования,,,,,,,,,,,,,,,,,,,,,,,,,,,,,,,,Нарушение правопорядка,карточка-112,,,,,,,,,,,,,,,карточка-112,,,,,,,,карточка-112,,карточка-112,карточка-112,,,,,,,,,,,,,,,,,,,
15,2,2,0,15020200,,Вскрыта,Автомашина,,,Вскрыта автомашина,"Кража (из гаража, из организации, из автомашины, личного имущества, документов)",Police,,,,,,,,"Вскрывают, разбирают автотранспортное средство",,,,Травма,нет реагирования,,,,,,,,,,,,,,,,,,,,,,,,,,,,,,,,,,,,,,,,,,,,,,,,карточка-112,,,,,,,,карточка-112,,карточка-112,,,,,,,карточка-112,,,,,,,,,,,,,
15,2,3,0,15020300,,Вскрыта,"Объект МОСГАЗ, МОСОБЛГАЗ /Нет сотрудников МОСГАЗ",,,Открыта дверь на объекте АО МОСГАЗ,Открыта дверь на объекте АО МОСГАЗ,MOSGAZ,,,,,,,,,"Вскрыта квартира, помещение",,,Травма,нет реагирования,Открыта дверь на объекте АО МОСГАЗ,,,,,,,,,Карточка-112,,,,,,,,,,,,,,,,,,,,,,Нарушение правопорядка,карточка-112,,,,,,,,,,,,,,,,,,,,,,,карточка-112,,карточка-112,карточка-112,,,,,,,,,,,,,,,,,,,
15,2,4,0,15020400,,Вскрыта ,Электрощитовая подстанции ОЭК,,,Открыта дверь электрощитовой,Открыта дверь электрощитовой в распределительной подстанции,"MOESK, OEK",,,,,,,,,,,,Травма,нет реагирования,,,,,,,,,,,,,,,Карточка-112,,,,,,,,,,,Карточка-112,Карточка-112,,,,,Нарушение правопорядка,,,,,,,,,,,,,,,,,,,,,,,,карточка-112,,карточка-112,,,,,,,,,,,,,,,,,,,,
15,2,5,0,15020500,,Вскрыта ,Прочие объекты,,,Вскрыт объект (прочее),"Вскрыта квартира, помещение",Police,,,,,,,,"Вскрыто жилое помещение, организация",,,,Травма,нет реагирования,,,,,,,,,,,,,,,,,,,,,,,,,,,,,,,,Нарушение правопорядка,карточка-112,,,,,,,,,,,,,,,карточка-112,,,,,,,,карточка-112,,карточка-112,,,,,,,,,,,,,,,,,,,,
15,2,6,0,15020600,,Вскрыта ,Вскрывают разбирают в настоящий момент: Квартира помещение гараж лифт,,,Вскрывают квартиру сейчас,Посторонние пытаются вскрыть квартиру,Police,,,,,,,,"Посторонние пытаются вскрыть жилое помещение, организацию",,,,Травма,нет реагирования,,,,,,,,,,,,,,,,,,,,,,,,,,,,,,,,Нарушение правопорядка,карточка-112,,,,,,,,,,,,,,,карточка-112,,,,,,,,карточка-112,,карточка-112,карточка-112,,,,,,,,,,,,,,,,,,,
15,2,7,0,15020700,,Вскрыта ,Вскрывают разбирают в настоящий момент: Автомашина,,,Вскрывают автомашину сейчас,"Вскрывают, разбирают автомашину",Police,,,,,,,,"Вскрывают, разбирают автотранспортное средство",,,,Травма,нет реагирования,,,,,,,,,,,,,,,,,,,,,,,,,,,,,,,,Нарушение правопорядка,карточка-112,,,,,,,,,,,,,,,карточка-112,,,,,,,,карточка-112,,карточка-112,,,,,,,,,,,,,,,,,,,,
15,3,1,0,15030100,Вымогательство Мошенничество,"Вымогательство, Мошенничество",Вымогательство: Требование взятки,,,Требуют взятку,Вымогательство,Police,,,,,,,,Вымогательство,,,,Травма,нет реагирования,,,,,,,,,,,,,,,,,,,,,,,,,,,,,,,,,карточка-112,,,,,,,,,,,,,,,карточка-112,,,,,,,,карточка-112,,карточка-112,карточка-112,,,,,,,,,,,,,,,,,,,
15,3,2,0,15030200,,"Вымогательство, Мошенничество",Вымогательство: Требование вознаграждения за возврат личных вещей,,,Требуют деньги,Вымогательство,Police,,,,,,,,Вымогательство,,,,Травма,нет реагирования,,,,,,,,,,,,,,,,,,,,,,,,,,,,,,,,,карточка-112,,,,,,,,,,,,,,,карточка-112,,,,,,,,карточка-112,,карточка-112,карточка-112,,,,,,,,,,,,,,,,,,,
15,3,3,0,15030300,,"Вымогательство, Мошенничество",Вымогательство: Прочие происшествия,,,Вымогательство,Вымогательство,Police,,,,,,,,Вымогательство,,,,Травма,нет реагирования,,,,,,,,,,,,,,,,,,,,,,,,,,,,,,,,,карточка-112,,,,,,,,,,,,,,,карточка-112,,,,,,,,карточка-112,,карточка-112,карточка-112,,,,,,,,,,,,,,,,,,,
15,3,4,0,15030400,,"Вымогательство, Мошенничество",Мошенничество: Фальшивые деньги,,,Фальшивые деньги,Мошенничество,Police,,,,,,,,Мошенничество,,,,Травма,нет реагирования,,,,,,,,,,,,,,,,,,,,,,,,,,,,,,,,Нарушение правопорядка,карточка-112,,,,,,,,,,,,,,,,,,,,,,,карточка-112,,карточка-112,карточка-112,,,,,,,,,,,,,,,,,,,
15,3,5,0,15030500,,"Вымогательство, Мошенничество",Мошенничество: Обман,,,Обман,Мошенничество,Police,,,,,,,,Мошенничество,,,,Травма,нет реагирования,,,,,,,,,,,,,,,,,,,,,,,,,,,,,,,,Нарушение правопорядка,карточка-112,,,,,,,,,,,,,,,,,,,,,,,карточка-112,,карточка-112,карточка-112,,,,,,,,,,,,,,,,,,,
15,3,6,0,15030600,,"Вымогательство, Мошенничество",Мошенничество: Телефонное мошенничество,,,Телефонное мошенничество,Мошенничество,Police,,,,,,,,Мошенничество,,,,Травма,нет реагирования,,,,,,,,,,,,,,,,,,,,,,,,,,,,,,,,Нарушение правопорядка,карточка-112,,,,,,,,,,,,,,,,,,,,,,,карточка-112,,карточка-112,карточка-112,,,,,,,,,,,,,,,,,,,
15,3,7,0,15030700,,"Вымогательство, Мошенничество",Мошенничество: Прочие происшествия,,,Мошенничество,Мошенничество,Police,,,,,,,,Мошенничество,,,,Травма,нет реагирования,,,,,,,,,,,,,,,,,,,,,,,,,,,,,,,,Нарушение правопорядка,карточка-112,,,,,,,,,,,,,,,,,,,,,,,карточка-112,,карточка-112,карточка-112,,,,,,,,,,,,,,,,,,,
15,4,0,0,15040000,Граждане с оружием,Граждане с оружием,,,Описание,Граждане с оружием,Граждане с оружием,Police,,,,,,,,Граждане с оружием,,,,Травма,нет реагирования,,,,,,,,,,,,,,,,,,,,,,,,,,,,,,,,,карточка-112,,,,,,,,,,,,,,,карточка-112,,,,,,,,карточка-112,,карточка-112,карточка-112,,,,,,карточка-112,,,,,,,,,,,,,
15,5,1,0,15050100,"Кража, грабеж, разбой","Кража, грабеж, разбой",Кража: Квартира ,,,Квартирная кража,Кража из квартиры,Police,,,,,,,,Кража из жилого помещения,,,,Травма,нет реагирования,,,,,,,,,,,,,,,,,,,,,,,,,,,,,,,,Авария (катастрофа) техногенного или природного характера,карточка-112,,,,,,,,,,,,,,,карточка-112,,,,,,,,карточка-112,,карточка-112,карточка-112,,,,,,,,,,,,,,,,,,,
15,5,2,0,15050200,,"Кража, грабеж, разбой",Кража: Госномер автомашины,,,Кража гос.номеров,Кража государственных регистрационных знаков с автомашин,Police,,,,,,,,Кража государственных регистрационных знаков с автотранспортного средства,,,,Травма,нет реагирования,,,,,,,,,,,,,,,,,,,,,,,,,,,,,,,,,,,,,,,,,,,,,,,,карточка-112,,,,,,,,карточка-112,,карточка-112,карточка-112,,,,,,,,,,,,,,,,,,,
15,5,3,0,15050300,,"Кража, грабеж, разбой","Кража: Гараж, огранизация, Автомашина, личное имущество, документы",,,Кража,"Кража (из гаража, из организации, из автомашины, личного имущества, документов)",Police,,,,,,,,"Кража  личного имущества, документов",,,,Травма,нет реагирования,,,,,,,,,,,,,,,,,,,,,,,,,,,,,,,,Нарушение правопорядка,,,,,,,,,,,,,,,,карточка-112,,,,,,,,карточка-112,,карточка-112,карточка-112,,,,,,,,,,,,,,,,,,,
15,5,4,0,15050400,,"Кража, грабеж, разбой",Кража: Кабели связи и оборудование,,,Кража кабелей связи,Хищение кабелей связи и оборудования,Police,,,,,,,,"Кража  личного имущества, документов",,,,Травма,нет реагирования,,,,,,,,,,,,,,,,,,,,,,Карточка-112,,,,,,,,,,Нарушение правопорядка,,,,,,,,,,,,,,,,,,,,,,,,карточка-112,,карточка-112,карточка-112,,,,,,,,,,,,,,,,,,,
15,5,5,0,15050500,,"Кража, грабеж, разбой","Кража: с  улицы - кабели, трубы и т.п. оборудование",,,"Кража кабели, трубы и т.п. оборудование с улицы","Кража (из гаража, из организации, из автомашины, личного имущества, документов)",Police,,,,,,,,"Кража  личного имущества, документов",,,,Травма,нет реагирования,,,,,,,,,,,,,,,,,,,,,,,,,,,,,,,,,,,,,,,,,,,,,,,,карточка-112,,,,,,,,карточка-112,,карточка-112,карточка-112,,,,,,,,,,,,,,,,,,,
15,5,6,0,15050600,,"Кража, грабеж, разбой",Грабеж,,,Грабеж,Грабеж ,Police,,,,,,,,Грабеж,,,,Травма,нет реагирования,,,,,,,,,,,,,,,,,,,,,,,,,,,,,,,Нарушение правопорядка,Нарушение правопорядка,,,,,,,,,,,,,,,,карточка-112,,,,,,,,карточка-112,,карточка-112,карточка-112,,,,,,,,,,,,,,,,,,,
15,5,7,1,15050701,,"Кража, грабеж, разбой",Грабеж,"Инкассация, перевозка ценностей",В: направляение движения,Грабеж - инкассация,Грабеж ,Police,,,,,,,,Грабеж,,,,Травма,нет реагирования,,,,,,,,,,,,,,,,,,,,,,,,,,,,,,,Нарушение правопорядка,Нарушение правопорядка,,,,,,,,,,,,,,,,карточка-112,,,,,,,,карточка-112,,карточка-112,карточка-112,,,,,,карточка-112,,,,,,,,,,,,,
15,5,7,2,15050702,,"Кража, грабеж, разбой",Грабеж,Транспорт завладение,В: направляение движения,Грабеж (завладели автомашиной),Грабеж ,Police,,,,,,,,Грабеж с завладением автотранспорта,,,,Травма,нет реагирования,,,,,,,,,,,,,,,,,,,,,,,,,,,,,,,Нарушение правопорядка,Нарушение правопорядка,,,,,,,,,,,,,,,,карточка-112,,,,,,,,карточка-112,,карточка-112,карточка-112,,,,,,карточка-112,,,,,,,,,,,,,
15,5,8,0,15050800,,"Кража, грабеж, разбой",Разбой,,Применение оружия,Разбой,Разбой ,Police,,,,,,,,Разбой,,,,Травма,нет реагирования,,,,,,,,,,,,,,,,,,,,,,,,,,,,,,,Нарушение правопорядка,Нарушение правопорядка,,,,,,,,,,,,,,,,карточка-112,,,,,,,,карточка-112,,карточка-112,карточка-112,,,,,,карточка-112,,,,,,,,,,,,,
15,5,8,1,15050801,,"Кража, грабеж, разбой",Разбой,"Инкассация, перевозка ценностей","Применение оружия, Направляение движения",Разбой - инкассация,Разбой ,Police,,,,,,,,Разбой,,,,Травма,нет реагирования,,,,,,,,,,,,,,,,,,,,,,,,,,,,,,,Нарушение правопорядка,Нарушение правопорядка,,,,,,,,,,,,,,,,карточка-112,,,,,,,,карточка-112,,карточка-112,карточка-112,,,,,,карточка-112,,,,,,,,,,,,,
15,5,8,2,15050802,,"Кража, грабеж, разбой",Разбой,Транспорт завладение,"Применение оружия, Направляение движения",Разбой (завладели автомашиной),Разбой,Police,,,,,,,,Грабеж с завладением автотранспорта,,,,Травма,нет реагирования,,,,,,,,,,,,,,,,,,,,,,,,,,,,,,,Нарушение правопорядка,Нарушение правопорядка,,,,,,,,,,,,,,,,карточка-112,,,,,,,,карточка-112,,карточка-112,карточка-112,,,,,,карточка-112,,,,,,,,,,,,,
15,5,9,0,15050900,,"Кража, грабеж, разбой",Посторонние пытаются вскрыть: Автомашина,,,Кража - вскрывают автомашину,"Вскрывают, разбирают автомашину",Police,,,,,,,,"Вскрывают, разбирают автотранспортное средство",,,,Травма,нет реагирования,,,,,,,,,,,,,,,,,,,,,,,,,,,,,,,Нарушение правопорядка,Нарушение правопорядка,карточка-112,,,,,,,,,,,,,,,карточка-112,,,,,,,,карточка-112,,карточка-112,карточка-112,,,,,,,,,,,,,,,,,,,
15,5,10,0,15051000,,"Кража, грабеж, разбой",Посторонние пытаются вскрыть: Квартира помещение гараж лифт частный дом,,,Кража - вскрывают квартиру,Посторонние пытаются вскрыть квартиру,Police,,,,,,,,"Посторонние пытаются вскрыть жилое помещение, организацию",,,,Травма,нет реагирования,,,,,,,,,,,,,,,,,,,,,,,,,,,,,,,,Нарушение правопорядка,карточка-112,,,,,,,,,,,,,,,карточка-112,,,,,,,,карточка-112,,карточка-112,карточка-112,,,,,,,,,,,,,,,,,,,
15,6,1,0,15060100,Драка,Драка,Квартира ,,,Драка в квартире,Драка в квартире,Police,,,,,,,, Драка в жилом помещении,,,,Травма,нет реагирования,,,,,,,,,,,,,,,,,,,,,,,,,,,,,,,,,карточка-112,,,,,,,,,,,,,,,карточка-112,,,,,,,,карточка-112,,карточка-112,,,,,,,,,,,,,,,,,,,,
15,6,2,1,15060201,,Драка,Улица общественное место,До 10 человек,Наличие оружия,Драка на улице,Драка в общественном месте,Police,,,,,,,,Драка в общественном месте,,,,Травма,нет реагирования,,,,,,,,,,,,,,,,,,,,,,,,,,,,,Драка в общественном месте,,Нарушение правопорядка,Нарушение правопорядка,карточка-112,,,,,,,,,,,,,,,карточка-112,,,,,,,,карточка-112,,карточка-112,карточка-112,,,,,,карточка-112,,,,,,,,,,,,,
15,6,2,2,15060202,,Драка,Улица общественное место,Массовая (от 10 человек),Наличие оружия,Массовая драка,Драка массовая в общественном месте,Police,,,,,,,,Драка массовая в общественном месте,,,,Травма,нет реагирования,,,,Карточка-112,Карточка-112,Карточка-112,Карточка-112,Карточка-112,,,,,,,,,,,,,,,,,,,,,Драка массовая в общественном месте,,Нарушение правопорядка,Нарушение правопорядка,карточка-112,,,,,,,,,,,,,,,карточка-112,карточка-112,карточка-112,,,,,,карточка-112,,карточка-112,карточка-112,,,,,,карточка-112,,,,,,,,,,,,,
15,7,1,0,15070100,Заложники,Захват заложников,"Квартира, помещение, дом частный, учебное, лечебное, административное, общественное, прочие объекты; Аэропорт, порт/причал, опасный объект",,"В: кто сообщает, количество захваченных, количество захватчиков, наличие оружия, требования захватчиков",Захват заложников,Захват заложников,Police,,,,,,,,Захват заложников,,,Дежурство от МЧС,Дежурство от МЧС,,,,Карточка-112,,,,,Карточка-112,,,,,,,Карточка-112,,,,,,,Карточка-112,,,,,,,Захват заложников,,Нарушение правопорядка,Нарушение правопорядка,карточка-112,,,,,,карточка -112,,,,,,,,карточка-112,карточка-112,карточка-112,карточка-112,,,,,,карточка-112,,карточка-112,карточка-112,,,,,,карточка-112,,,,,,,,,,,,,
15,7,2,0,15070200,,Захват заложников,"Вокзал, ж/д станция, поезд грузовой, поезд пассажирский",,"В: кто сообщает, количество захваченных, количество захватчиков, наличие оружия, требования захватчиков",Захват заложников - ж/д объект,Захват заложников,Police,,,,,,,,Захват заложников,,,Дежурство от МЧС,Дежурство от МЧС,,,,Карточка-112,,,,,Карточка-112,,,,,,,Карточка-112,,,,,,,Карточка-112,,,,,,,Захват заложников,,Нарушение правопорядка,Нарушение правопорядка,карточка-112,,Карточка-112,,,,карточка -112,,,,,,,,,карточка-112,карточка-112,карточка-112,,,,,,карточка-112,,карточка-112,карточка-112,,,,,,,,,,,,,,,,,,,
15,7,3,0,15070300,,Захват заложников,Метро,,"В: кто сообщает, количество захваченных, количество захватчиков, наличие оружия, требования захватчиков",Захват заложников - метро,Захват заложников,Police,,,,,,,,Захват заложников,,,Дежурство от МЧС,Дежурство от МЧС,,,,Карточка-112,,,,,Карточка-112,,,,,,,Карточка-112,,,,,,,Карточка-112,Карточка-112,,,,,,Захват заложников,,Нарушение правопорядка,Нарушение правопорядка,карточка-112,,,,,,карточка -112,,,,,,,,,карточка-112,карточка-112,карточка-112,,,,,,карточка-112,,карточка-112,карточка-112,,,,,,карточка-112,,,,,,,,,,,,,
15,7,4,0,15070400,,Захват заложников,МЦК,,"В: кто сообщает, количество захваченных, количество захватчиков, наличие оружия, требования захватчиков",Захват заложников - МЦК,Захват заложников,Police,,,,,,,,Захват заложников,,,Дежурство от МЧС,Дежурство от МЧС,,,,Карточка-112,,,,,Карточка-112,,,,,,,Карточка-112,,,,,,,Карточка-112,Карточка-112,,,,,,Захват заложников,,Нарушение правопорядка,Нарушение правопорядка,карточка-112,,Карточка-112,,,,карточка -112,,,,,,,,,карточка-112,карточка-112,карточка-112,,,,,,карточка-112,,карточка-112,карточка-112,,,,,,карточка-112,,,,,,,,,,,,,
15,7,5,0,15070500,,Захват заложников,"Общественный транспорт - автобус, троллейбус, трамвай, маршрутка",,"В: кто сообщает, количество захваченных, количество захватчиков, наличие оружия, требования захватчиков",Захват заложников - общественный транспорт,Захват заложников,Police,,,,,,,,Захват заложников,,,Дежурство от МЧС,Дежурство от МЧС,,,,Карточка-112,,,,,Карточка-112,,,,карточка-112,,,Карточка-112,,,,,,,Карточка-112,,,,,,,Захват заложников,,Нарушение правопорядка,Нарушение правопорядка,карточка-112,,,,,,карточка -112,,,,,,,,,карточка-112,карточка-112,карточка-112,,,,,,карточка-112,,карточка-112,карточка-112,,,,,,карточка-112,,карточка-112,,,,,,,,,,,
15,7,6,0,15070600,,Захват заложников,"Воздушный транспорт - самолет, вертолет и т.д",,"В: кто сообщает, количество захваченных, количество захватчиков, наличие оружия, требования захватчиков",Захват заложников - воздушный транспорт,Захват заложников,Police,,,,,,,,Захват заложников,,,Дежурство от МЧС,Дежурство от МЧС,,,,Карточка-112,,,,,Карточка-112,,,,,,,Карточка-112,,,,,,,Карточка-112,,,,,,,Захват заложников,,Нарушение правопорядка,Нарушение правопорядка,карточка-112,,,,,,карточка -112,,,,,,,,,карточка-112,карточка-112,карточка-112,,,,,,карточка-112,,карточка-112,карточка-112,,,,,,карточка-112,,,,,,,,,,,,,
15,7,7,0,15070700,,Захват заложников,"Водный транспорт - пассажирский, грузовой, маломерный",,"В: кто сообщает, количество захваченных, количество захватчиков, наличие оружия, требования захватчиков",Захват заложников - водный транспорт,Захват заложников,Police,,,,,,,,Захват заложников,,,Дежурство от МЧС,Дежурство от МЧС,,,,Карточка-112,,,,,Карточка-112,,,,,,,Карточка-112,,,,,,,Карточка-112,,,,,,,Захват заложников,,Нарушение правопорядка,Нарушение правопорядка,карточка-112,,,,,,карточка -112,,,,,,,,,карточка-112,карточка-112,карточка-112,,,,,,карточка-112,,карточка-112,карточка-112,,,,,,карточка-112,,карточка-112,,,,,,,,,,,
15,7,8,0,15070800,,Захват заложников,"Спецтранспорт - МВД, Росгвардия, МЧС, 103",,"В: кто сообщает, количество захваченных, количество захватчиков, наличие оружия, требования захватчиков",Захват заложников -спецтранспорт,Захват заложников,Police,,,,,,,,Захват заложников,,,Дежурство от МЧС,Дежурство от МЧС,,,,Карточка-112,,,,,Карточка-112,,,,,,,Карточка-112,,,,,,,Карточка-112,,,,,,,Захват заложников,,Нарушение правопорядка,Нарушение правопорядка,карточка-112,,,,,,карточка -112,,,,,,,,,карточка-112,карточка-112,карточка-112,,,,,,карточка-112,,карточка-112,карточка-112,,,,,,карточка-112,,,,,,,,,,,,,
15,7,9,0,15070900,,Захват заложников,Спецтранспорт - 104,,"В: кто сообщает, количество захваченных, количество захватчиков, наличие оружия, требования захватчиков",Захват заложников -спецтранспорт 104,Захват заложников,Police,,,,,,,,Захват заложников,,,Дежурство от МЧС,Дежурство от МЧС,,ДТП служебный транспорт 104,,Карточка-112,,,,,Карточка-112,,,,,,,Карточка-112,,,,,,,Карточка-112,,,,,,,Захват заложников,,Нарушение правопорядка,Нарушение правопорядка,карточка-112,,,,,,карточка -112,,,,,,,,,карточка-112,карточка-112,карточка-112,,,,,,карточка-112,,карточка-112,карточка-112,,,,,,карточка-112,,,,,,,,,,,,,
15,7,10,0,15071000,,Захват заложников,Спецтранспорт - прочий,,"В: кто сообщает, количество захваченных, количество захватчиков, наличие оружия, требования захватчиков",Захват заложников -спецтранспорт прочий,Захват заложников,Police,,,,,,,,Захват заложников,,,Дежурство от МЧС,Дежурство от МЧС,,,,Карточка-112,,,,,Карточка-112,,,,,,,Карточка-112,,,,,,,Карточка-112,,,,,,,Захват заложников,,Нарушение правопорядка,Нарушение правопорядка,карточка-112,,,,,,,,,,,,,,,карточка-112,карточка-112,карточка-112,,,,,,карточка-112,,карточка-112,карточка-112,,,,,,карточка-112,,,,,,,,,,,,,
15,8,1,0,15080100,"Имущественный спор, рейдерский захват",Имущественно-хозяйственный спор,Рейдерский захват,,,Рейдерский захват,Имущественно-хозяйственный спор,Police,,,,,,,,Имущественно-хозяйственный спор,,,,Травма,нет реагирования,,,,,,,,,,,,,,,,,,,,,,,,,,,,,,,,,карточка-112,,,,,,,,,,,,,,,,карточка-112,карточка-112,,,,,,карточка-112,,карточка-112,карточка-112,,,,,,,,,,,,,,,,,,,
15,8,2,0,15080200,,Имущественно-хозяйственный спор,Прочее,,,Имущественный спор,Имущественно-хозяйственный спор,Police,,,,,,,,Имущественно-хозяйственный спор,,,,Травма,нет реагирования,,,,,,,,,,,,,,,,,,,,,,,,,,,,,,,,,карточка-112,,,,,,,,,,,,,,,,,,,,,,,карточка-112,,карточка-112,,,,,,,,,,,,,,,,,,,,
15,9,1,1,15090101,Нападение,Нападение ,Спецслужба,Сотрудник полиции,Применяется оружие,Нападение на сотрудника полиции, Нападение cотрудник правоохранительных органов ,Police,,,,,,,,"Нападение на сотрудников МВД, ФСБ, Росгвардии, 101,103, и иных служб",,,,Травма,нет реагирования,,,Карточка-112,,,,,Карточка-112,,,,,,,,,,,,,,,,,,,,,Нападение: сотрудник правоохранительных органов,,Нарушение правопорядка,Нарушение правопорядка,карточка-112,,,,,,,,,,,,,,,карточка-112,,,,,,,,карточка-112,,карточка-112,карточка-112,,,,,,карточка-112,,,,,,,,,,,,,
15,9,1,2,15090102,,Нападение ,Спецслужба,Сотрудник ФСБ,Применяется оружие,Нападение на сотрудника ФСБ, Нападение cотрудник правоохранительных органов ,Police,,,,,,,,"Нападение на сотрудников МВД, ФСБ, Росгвардии, 101,103, и иных служб",,,,Травма,нет реагирования,,,,,,,,Карточка-112,,,,,,,,,,,,,,,,,,,,,Нападение: сотрудник правоохранительных органов,,Нарушение правопорядка,Нарушение правопорядка,карточка-112,,,,,,,,,,,,,,,карточка-112,,,,,,,,карточка-112,,карточка-112,карточка-112,,,,,,карточка-112,,,,,,,,,,,,,
15,9,1,3,15090103,,Нападение ,Спецслужба,Сотрудние Росгвардия,Применяется оружие,Нападение на сотрудника Росгвардия, Нападение cотрудник правоохранительных органов ,Police,,,,,,,,"Нападение на сотрудников МВД, ФСБ, Росгвардии, 101,103, и иных служб",,,,Травма,нет реагирования,,,,,,,,Карточка-112,,,,,,,,,,,,,,,,,,,,,Нападение: сотрудник правоохранительных органов,,Нарушение правопорядка,Нарушение правопорядка,карточка-112,,,,,,,,,,,,,,,карточка-112,,,,,,,,карточка-112,,карточка-112,карточка-112,,,,,,карточка-112,,,,,,,,,,,,,
15,9,1,4,15090104,,Нападение ,Спецслужба,Сотрудник МЧС,Применяется оружие,Нападение на сотрудника МЧС, Нападение cотрудник правоохранительных органов ,Police,прочие происшествия,,прочие происшествия,,,,,"Нападение на сотрудников МВД, ФСБ, Росгвардии, 101,103, и иных служб",,,,Травма,нет реагирования,,,,,,,,Карточка-112,,,,,,,,,,,,,,,,,,,,,Нападение: сотрудник правоохранительных органов,,Нарушение правопорядка,Нарушение правопорядка,карточка-112,,,,,,,,,,,,,,,карточка-112,,,,,,,,карточка-112,,карточка-112,карточка-112,,,,,,карточка-112,,,,,,,,,,,,,
15,9,1,5,15090105,,Нападение ,Спецслужба,Сотрудние 103,Применяется оружие,Нападение на сотрудника скорой помощи, Нападение cотрудник правоохранительных органов ,Police,,,,,,,,"Нападение на сотрудников МВД, ФСБ, Росгвардии, 101,103, и иных служб",,,,Травма,нет реагирования,,,,,,,,Карточка-112,,,,,,,,,,,,,,,,,,,,,Нападение: сотрудник правоохранительных органов,,Нарушение правопорядка,Нарушение правопорядка,карточка-112,,,,,,,,,,,,,,,карточка-112,,,,,,,,карточка-112,,карточка-112,карточка-112,,,,,,карточка-112,,,,,,,,,,,,,
15,9,1,6,15090106,,Нападение ,Спецслужба,Сотрудник 104,Применяется оружие,Нападение на сотрудника службы газа, Нападение cотрудник правоохранительных органов ,Police,,,,,,,,"Нападение на сотрудников МВД, ФСБ, Росгвардии, 101,103, и иных служб",,,,Травма,нет реагирования,ДТП служебный транспорт 104,,,,,,,Карточка-112,,,,,,,,,,,,,,,,,,,,,Нападение: сотрудник правоохранительных органов,,Нарушение правопорядка,Нарушение правопорядка,карточка-112,,,,,,,,,,,,,,,карточка-112,,,,,,,,карточка-112,,карточка-112,карточка-112,,,,,,,,,,,,,,,,,,,
15,9,1,7,15090107,,Нападение ,Спецслужба, Сотрудник МГТС,Применяется оружие,Нападение на сотрудника МГТС, Нападение cотрудник правоохранительных органов ,Police,,,,,,,,Прочее,,,,Травма,нет реагирования,,,,,,,,Карточка-112,,,,,,,,,,,,,,Карточка-112,,,,,,,Нападение: сотрудник правоохранительных органов,,Нарушение правопорядка,Нарушение правопорядка,карточка-112,,,,,,,,,,,,,,,карточка-112,,,,,,,,карточка-112,,карточка-112,карточка-112,,,,,,,,,,,,,,,,,,,
15,9,1,8,15090108,,Нападение ,Спецслужба, Сотрудник (прочие службы),Применяется оружие,Нападение на сотрудника (прочие службы), Нападение cотрудник правоохранительных органов ,Police,,,,,,,,Прочее,,,,Травма,нет реагирования,,,,,,,,Карточка-112,,,,,,,,,,,,,,,,,,,,,Нападение: сотрудник правоохранительных органов,,Нарушение правопорядка,Нарушение правопорядка,карточка-112,,,,,,,,,,,,,,,карточка-112,,,,,,,,карточка-112,,карточка-112,карточка-112,,,,,,карточка-112,,,,,,,,,,,,,
15,9,2,0,15090200,,Нападение ,Военнослужащий,,Применяется оружие,Нападение на военного, Нападение военнослужащий,Police,,,,,,,,Хулиганство (с оружием или предметом),,,,Травма,нет реагирования,,,Карточка-112,,,,,Карточка-112,,,,,,,,,,,,,,,,,,,,,Нападение: военнослужащий,,Нарушение правопорядка,Нарушение правопорядка,карточка-112,,,,,Карточка-112,,,,,,,,,,карточка-112,,,,,,,,карточка-112,,карточка-112,карточка-112,,,,,,карточка-112,,,,,,,,,,,,,
15,9,3,0,15090300,,Нападение ,Депутат,,Применяется оружие,Нападение на депутата, Нападение Депутат,Police,,,,,,,,Хулиганство (с оружием или предметом),,,,Травма,нет реагирования,,,Карточка-112,,,,,Карточка-112,,,,,,,,,,,,,,,,,,,,,Нападение: Депутат,,Нарушение правопорядка,Нарушение правопорядка,карточка-112,,,,,,,,,,,,,,,карточка-112,,,,,,,,карточка-112,,карточка-112,карточка-112,,,,,,карточка-112,,,,,,,,,,,,,
15,9,4,0,15090400,,Нападение ,"Правозащитник, адвокат",,Применяется оружие,Нападение на правозащитника, Нападение Правозащитник,Police,,,,,,,,Хулиганство (с оружием или предметом),,,,Травма,нет реагирования,,,Карточка-112,,,,,Карточка-112,,,,,,,,,,,,,,,,,,,,,Нападение: Правозащитник,,Нарушение правопорядка,Нарушение правопорядка,карточка-112,,,,,,,,,,,,,,,карточка-112,,,,,,,,карточка-112,,карточка-112,карточка-112,,,,,,карточка-112,,,,,,,,,,,,,
15,9,5,0,15090500,,Нападение ,Представитель духовенства,,Применяется оружие,Нападение на представителя духовенства,Нападение Представитель духовенства,Police,,,,,,,,Хулиганство (с оружием или предметом),,,,Травма,нет реагирования,,,Карточка-112,,,,,Карточка-112,,,,,,,,,,,,,,,,,,,,,Нападение: Представитель духовенства,,Нарушение правопорядка,Нарушение правопорядка,карточка-112,,,,,,,,,,,,,,,карточка-112,,,,,,,,карточка-112,,карточка-112,карточка-112,,,,,,карточка-112,,,,,,,,,,,,,
15,9,6,0,15090600,,Нападение ,Судья,,Применяется оружие,Нападение на судью,Нападение Судья,Police,,,,,,,,Хулиганство (с оружием или предметом),,,,Травма,нет реагирования,,,Карточка-112,,,,,Карточка-112,,,,,,,,,,,,,,,,,,,,,Нападение: Судья,,Нарушение правопорядка,Нарушение правопорядка,карточка-112,,,,,,,,,,,,,,,карточка-112,,,,,,,,карточка-112,,карточка-112,карточка-112,,,,,,карточка-112,,,,,,,,,,,,,
15,9,7,0,15090700,,Нападение ,Склад с оружием,,Применяется оружие,Нападение на склад с оружием,Нападение Склад с оружием,Police,,,,,,,,Прочее,,,,Травма,нет реагирования,,,Карточка-112,,,,,Карточка-112,,,,,,,,,,,,,,,,,,,,,Нападение: Склад с оружием,,Нарушение правопорядка,Нарушение правопорядка,карточка-112,,,,,Карточка-112,,,,,,,,,,карточка-112,,,,,,,,карточка-112,,карточка-112,карточка-112,,,,,,карточка-112,,,,,,,,,,,,,
15,9,8,0,15090800,,Нападение ,Теле- радиоцентр,,Применяется оружие,Нападение на теле (радио) центр,Нападение Теле радиоцентр,Police,,,,,,,,Прочее,,,,Травма,нет реагирования,,,Карточка-112,,,,,Карточка-112,,,,,,Карточка-112,,,,,,,,,,,,,,,Нападение: Теле- и радиоцентр,,Нарушение правопорядка,Нарушение правопорядка,карточка-112,,,,,,,,,,,,,,,карточка-112,,,,,,,,карточка-112,,карточка-112,карточка-112,,,,,,,,,карточка -112,,,,,,,,,,
15,9,9,0,15090900,,Нападение ,Военный объект ,,Применяется оружие,"Нападение на военный объект,",Нападение Военный объект,Police,,,,,,,,Прочее,,,,Травма,нет реагирования,,,Карточка-112,,,,,Карточка-112,,,,,,,,,,,,,,,,,,,,,Нападение: Военный объект,,Нарушение правопорядка,Нарушение правопорядка,карточка-112,,,,,Карточка-112,,,,,,,,,,карточка-112,,,,,,,,карточка-112,,карточка-112,карточка-112,,,,,,карточка-112,,,,,,,,,,,,,
15,9,10,0,15091000,,Нападение ,Здание правоохранительных огранов,,Применяется оружие,Нападение на здание полиции,Нападение Здание правоохранительных органов,Police,,,,,,,,"Нападение на сотрудников МВД, ФСБ, Росгвардии, 101,103, и иных спецслужб",,,,Травма,нет реагирования,,,Карточка-112,,,,,Карточка-112,,,,,,Карточка-112,,,,,,,,,,,,,,,Нападение: Здание правоохранительных органов,,Нарушение правопорядка,Нарушение правопорядка,карточка-112,,,,,,,,,,,,,,,карточка-112,,,,,,,,карточка-112,,карточка-112,карточка-112,,,,,,карточка-112,,,карточка -112,,,,,,,,,,
15,9,11,0,15091100,,Нападение ,Общественно-политическая организация,,Применяется оружие,Нападение на здание политической организации,Нападение Общественно-политическая организация,Police,,,,,,,,Прочее,,,,Травма,нет реагирования,,,Карточка-112,,,,,Карточка-112,,,,,,,,,,,,,,,,,,,,,Нападение: Общественно-политическая организация,,Нарушение правопорядка,Нарушение правопорядка,карточка-112,,,,,,,,,,,,,,,карточка-112,,,,,,,,карточка-112,,карточка-112,карточка-112,,,,,,,,,,,,,,,,,,,
15,9,12,0,15091200,,Нападение ,Объект хранения денежных средств,,Применяется оружие,Нападение на банк,Нападение Объект хранения денежных средств,Police,,,,,,,,Прочее,,,,Травма,нет реагирования,,,Карточка-112,,,,,Карточка-112,,,,,,Карточка-112,,,,,,,,,,,,,,,Нападение: Объект хранения денежных средств,,Нарушение правопорядка,Нарушение правопорядка,карточка-112,,,,,,,,,,,,,,,карточка-112,,,,,,,,карточка-112,,карточка-112,карточка-112,,,,,,карточка-112,,,карточка -112,,,,,,,,,,
15,9,13,0,15091300,,Нападение,"СМИ, журналист",,Применяется оружие,"Нападение на журналиста, редакцию",Нападение СМИ,Police,,,,,,,,Прочее,,,,Травма,нет реагирования,,,Карточка-112,,,,,Карточка-112,,,,,,,,,,,,,,,,,,,,,Нападение: СМИ,,Нарушение правопорядка,Нарушение правопорядка,карточка-112,,,,,,,,,,,,,,,карточка-112,,,,,,,,карточка-112,,карточка-112,карточка-112,,,,,,карточка-112,,,,,,,,,,,,,
15,9,14,0,15091400,,Нападение,Инкассатор перевозка ценностей,,,Ограблены инкассаторы,Грабеж,Police,,,,,,,,Грабеж,,,,Травма,нет реагирования,,,,,,,,,,,,,,,,,,,,,,,,,,,,,Грабеж,,Нарушение правопорядка,Нарушение правопорядка,,,,,,,,,,,,,,,,карточка-112,,,,,,,,карточка-112,,карточка-112,карточка-112,,,,,,карточка-112,,,,,,,,,,,,,
15,9,14,1,15091401,,Нападение,Инкассатор перевозка ценностей,Применяется оружие,,Разбой инкассаторы,Разбой ,Police,,,,,,,,Разбой,,,,Травма,нет реагирования,,,,,,,,,,,,,,,,,,,,,,,,,,,,,Разбой,,Нарушение правопорядка,Нарушение правопорядка,,,,,,,,,,,,,,,,карточка-112,,,,,,,,карточка-112,,карточка-112,карточка-112,,,,,,карточка-112,,,,,,,,,,,,,
15,9,15,0,15091500,,Нападение,Прочие лица,,Применяется оружие,Нападение,Нападение,Police,,,,,,,,Хулиганство (с оружием или предметом),,,,Травма,нет реагирования,,,Карточка-112,,,,,,,,,,,,,,,,,,,карточка-112,,,,,,,,,Нарушение правопорядка,Нарушение правопорядка,карточка-112,,,,,,,,,,,,,,,карточка-112,,,,,,,,карточка-112,,карточка-112,карточка-112,,,,,,карточка-112,,,,,,,,,,,,,
15,9,16,0,15091600,,Нападение,Прочие объекты,,Применяется оружие,Нападение на объект,Нападение здание органов гос.власти,Police,,,,,,,,Прочее,,,,Травма,нет реагирования,,,Карточка-112,,,,,Карточка-112,,,,,,Карточка-112,,,,,,,,,,,,,,,Нападение: здание органов гос.власти,,Нарушение правопорядка,Нарушение правопорядка,карточка-112,,,,,,,,,,,,,,,карточка-112,,,,,,,,карточка-112,,карточка-112,карточка-112,,,,,,карточка-112,,,,,,,,,,,,,
15,10,1,0,15100100,нарушение тишины,Нарушение тишины - в неразрешенное время,"Шум, музыка, ремонт, сигнализация автомашины",,,Нарушение тишины,Нарушение тишины,Police,,,,,,,,Нарушение тишины,,,,Травма,нет реагирования,,,,,,,,,,,,,,,,,,,,,,,,,,,,,,,,,карточка-112,,,,,,,,,,,,,,,,карточка-112,карточка-112,,,,,,карточка-112,,карточка-112,,,,,,,,,,,,,,,,,,,,
15,10,2,0,15100200,,Нарушение тишины - в неразрешенное время,Дорожно строительные работы ,,,Дорожно-строительные работы в ночное время,Дорожно-строительные работы в ночное время,Police,,,,,,,,Дорожно-строительные работы в ночное время,,,,Травма,нет реагирования,,,,,,,,,,,,,,Карточка-112,,,,,,,,,,,,,,,Дорожно-строительные работы в ночное время,,,,карточка-112,,,,,,,,,,,,,,,,карточка-112,карточка-112,,,,,,карточка-112,,карточка-112,,,,,Дорожно-строительные работы в ночное время,карточка-112,,,,,,,,,,,,,,
15,11,1,0,15110100,Нарушение правил торговли,Нарушение правил торговли,Продажа алкоголя несовершеннолетним,,,Продажа алкоголя несовершеннолетним,Нарушение правил торговли,Police,,,,,,,,Нарушение правил торговли,,,,Травма,нет реагирования,,,,,,,,,,,,,,,,,,,,,,,,,,,,,,,,Нарушение правопорядка,карточка-112,,,,,,,,,,,,,,,,,,,,,,,карточка-112,,карточка-112,,,,,,,,,,,,,,,,,,,,
15,11,2,0,15110200,,Нарушение правил торговли,Продажа алкоголя в неположенное время,,,Продажа алкоголя в неположенное время,Нарушение правил торговли,Police,,,,,,,,Нарушение правил торговли,,,,Травма,нет реагирования,,,,,,,,,,,,,,,,,,,,,,,,,,,,,,,,Нарушение правопорядка,карточка-112,,,,,,,,,,,,,,,,,,,,,,,карточка-112,,карточка-112,,,,,,,,,,,,,,,,,,,,
15,11,3,0,15110300,,Нарушение правил торговли,Продажа алкоголя без лицензии,,,Продажа алкоголя без лицензии,Нарушение правил торговли,Police,,,,,,,,Нарушение правил торговли,,,,Травма,нет реагирования,,,,,,,,,,,,,,,,,,,,,,,,,,,,,,,,Нарушение правопорядка,карточка-112,,,,,,,,,,,,,,,,,,,,,,,карточка-112,,карточка-112,,,,,,,,,,,,,,,,,,,,
15,11,4,0,15110400,,Нарушение правил торговли,Обман потребителей,,,Обман потребителей,Нарушение правил торговли,Police,,,,,,,,Нарушение правил торговли,,,,Травма,нет реагирования,,,,,,,,,,,,,,,,,,,,,,,,,,,,,,,,,карточка-112,,,,,,,,,,,,,,,,,,,,,,,карточка-112,,карточка-112,,,,,,,,,,,,,,,,,,,,
15,11,5,0,15110500,,Нарушение правил торговли,"Товар ненадлежащего качества (например, истек срок годности)",,,Товар ненадлежащего качества,Нарушение правил торговли,Police,,,,,,,,Нарушение правил торговли,,,,Травма,нет реагирования,,,,,,,,,,,,,,,,,,,,,,,,,,,,,,,,,карточка-112,,,,,,,,,,,,,,,,,,,,,,,карточка-112,,карточка-112,,,,,,,,,,,,,,,,,,,,
15,11,6,0,15110600,,Нарушение правил торговли,Торгуют в неположенном месте,,,Нарушение правил торговли,Нарушение правил торговли,Police,,,,,,,,Нарушение правил торговли,,,,Травма,нет реагирования,,,,,,,,,,,,,,,,,,,,,,,,,,,,,,,,Нарушение правопорядка,карточка-112,,,,,,,,,,,,,,карточка-112,,карточка-112,карточка-112,,,,,,карточка-112,,карточка-112,,,,,,,,,,,,,,,,,,,,
15,11,7,0,15110700,,Нарушение правил торговли,"Скандал с продавцом, охраной магазина",,,Скандал в магазине,Скандал,Police,,,,,,,,Скандал/конфликтная ситуация,,,,Травма,нет реагирования,,,,,,,,,,,,,,,,,,,,,,,,,,,,,,,,,,,,,,,,,,,,,,,карточка-112,,,,,,,,,карточка-112,,карточка-112,,,,,,,,,,,,,,,,,,,,
15,12,1,0,15120100,Нарушение ПДД,Нарушение ПДД,Пешеход,,,Нарушение ПДД - пешеход,Нарушение правил дорожного движения,Police,,,,,,,,Нарушение правил дорожного движения,,,,Травма,нет реагирования,,,,,,,,,,,,,,,,,,,,,,,,,,,,,,,,,карточка-112,,,,,,,,,,,,,,,,,,,,,,,карточка-112,,карточка-112,,,,,,,,,,,,,,,,,,,,
15,12,2,0,15120200,,Нарушение ПДД,Животное движется по проезжей части,,,Животное идет по проезжей части,Посторонний предмет на проезжей части,Police,,,,,,,,Нарушение правил дорожного движения,,,,,,,,,Карточка-112,,,,,,,,,,Карточка-112,,,,,,,,,,,,,,,,,,,карточка-112,,,,,,,,,,,,,,,,,,,,,,,карточка-112,,карточка-112,,,,,,,,,,,,,,,,,,,,
15,12,3,0,15120300,,Нарушение ПДД,Автомашина,,"перегородил выезд, нарушение правил парковки, агрессивное вождение, прочее",Нарушение ПДД - автомашина,Нарушение правил дорожного движения,Police,,,,,,,,Нарушение правил дорожного движения,,,,Травма,нет реагирования,,,,,,,,,,,,,,,,,,,,,,,,,,,,,,,,,карточка-112,,,,,,,,,,,,,,,,,,,,,,,карточка-112,,карточка-112,,,,,,,,,,,,,,,,,,,,
15,13,1,0,15130100,Обнаружение подозрительных предметов и транспортных средств,"Подозрительный предмет, транспорт, боебприпасы, оружие",Граната,,,Нашли гранату,Обнаружение гранат,Police,Обнаружение гранат,,Обнаружение гранат,,,,,Подозрительный предмет,,,,Травма,нет реагирования,,Угроза взрыва (террористический акт),Карточка-112,Карточка-112,Карточка-112,Карточка-112,Карточка-112,Карточка-112,,,,,,карточка-112,,,,,,,,Карточка-112,,,,,,,Обнаружение гранат,,Нарушение правопорядка,Нарушение правопорядка,карточка-112,,,,,Карточка-112,карточка -112,,,,,,,,,карточка-112,карточка-112,карточка-112,,,карточка-112,,,карточка-112,,карточка-112,карточка-112,Нашли гранату,,,,,карточка-112,,,карточка -112,,,,,,,,,,
15,13,2,0,15130200,,"Подозрительный предмет, транспорт, боебприпасы, оружие",Мина,,,Нашли мину,Обнаружение мины,Police,Обнаружение мины,,Обнаружение мины,,,,,Подозрительный предмет,,,,Травма,нет реагирования,,Угроза взрыва (террористический акт),,Карточка-112,Карточка-112,Карточка-112,Карточка-112,Карточка-112,,,,,,карточка-112,,,,,,,,Карточка-112,,,,,,,Обнаружение мины,,Нарушение правопорядка,Нарушение правопорядка,карточка-112,,,,,Карточка-112,карточка -112,,,,,,,,,карточка-112,карточка-112,карточка-112,,,карточка-112,,,карточка-112,,карточка-112,карточка-112,Нашли мину,,,,,карточка-112,,,карточка -112,,,,,,,,,,
15,13,3,0,15130300,,"Подозрительный предмет, транспорт, боебприпасы, оружие",Снаряд,,,Нашли снаряд,Обнаружение снаряда,Police,Обнаружение снаряда,,Обнаружение снаряда,,,,,Подозрительный предмет,,,,Травма,нет реагирования,,Угроза взрыва (террористический акт),,Карточка-112,Карточка-112,Карточка-112,Карточка-112,Карточка-112,,,,,,карточка-112,,,,,,,,Карточка-112,,,Карточка-112,,,,Обнаружение снаряда,,Нарушение правопорядка,Нарушение правопорядка,карточка-112,,,,,Карточка-112,карточка -112,,,,,,,,,карточка-112,карточка-112,карточка-112,,,карточка-112,,,карточка-112,,карточка-112,карточка-112,Нашли снаряд,,,Нашли снаряд,карточка-112,карточка-112,,,карточка -112,,,карточка-112,,Карточка-112,,,,,
15,13,4,0,15130400,,"Подозрительный предмет, транспорт, боебприпасы, оружие",Оружие,,,Нашли оружие,Обнаружение оружия,Police,,,,,,,,Хранение оружия,,,,Травма,нет реагирования,,Угроза взрыва (террористический акт),,Карточка-112,Карточка-112,Карточка-112,Карточка-112,Карточка-112,,,,,,,,,,,,,,,,,,,,,,,Нарушение правопорядка,Нарушение правопорядка,карточка-112,,,,,,,,,,,,,,,карточка-112,карточка-112,карточка-112,,,карточка-112,,,карточка-112,,карточка-112,карточка-112,Нашли оружие,,,,,карточка-112,,,,,,,,,,,,,
15,13,5,0,15130500,,"Подозрительный предмет, транспорт, боебприпасы, оружие",Взрывчатые вещества (боеприпасы),,,Нашли боеприпасы (взрывчатые вещества),"Обнаружение боеприпасов, взврывчатых веществ",Police,Обнаружение мины,,Обнаружение мины,,,,,Хранение оружия,,,,Травма,нет реагирования,,Угроза взрыва (террористический акт),Карточка-112,Карточка-112,,,Карточка-112,Карточка-112,,,,,,карточка-112,,,,,,,,Карточка-112,,,,,,,"Обнаружение боеприпасов, взврывчатых веществ",,Нарушение правопорядка,Нарушение правопорядка,карточка-112,,,,,Карточка-112,карточка -112,,,,,,,,,карточка-112,карточка-112,карточка-112,,,карточка-112,,,карточка-112,,карточка-112,карточка-112,Нашли боеприпасы (взрывчатые вещества),,,,,карточка-112,,,карточка -112,,,,,,,,,,
15,13,6,0,15130600,,"Подозрительный предмет, транспорт, боебприпасы, оружие","Подозрительный предмет (коробка, сумка, мешок и т.д.)",,"Сумка, коробка, мешок, похожий на ВУ предмет",Подозрительный предмет,Обнаружение подозрительного предмета,Police,Обнаружение подозрительного предмета,,Обнаружение подозрительного предмета,,,,,Подозрительный предмет,,,,Травма,нет реагирования,,Угроза взрыва (террористический акт),Карточка-112,Карточка-112,,,Карточка-112,,,,,,,карточка-112,,,карточка-112,карточка-112,карточка-112,,,Карточка-112,,,,,,,Обнаружение подозрительного предмета,,Нарушение правопорядка,Нарушение правопорядка,карточка-112,,,,,,,,,,,,,,,карточка-112,карточка-112,карточка-112,,,карточка-112,,,карточка-112,,карточка-112,карточка-112,Подозрительный предмет,,,Подозрительный предмет,карточка-112,карточка-112,,,карточка -112,,,,,,,,,,
15,13,6,1,15130601,,"Подозрительный предмет, транспорт, боебприпасы, оружие","Подозрительный предмет (коробка, сумка, мешок и т.д.)","водный транспорт, судоходные гидротехнические сооружения",,Подозрительный предмет - водный транспорт,Обнаружение подозрительного предмета,Police,Обнаружение подозрительного предмета,,Обнаружение подозрительного предмета,,,,,Подозрительный предмет,,,,Травма,нет реагирования,,Угроза взрыва (террористический акт),Карточка-112,Карточка-112,,,Карточка-112,,,,,,,карточка-112,,,карточка-112,карточка-112,карточка-112,Карточка-112,,Карточка-112,,,,,,,Обнаружение подозрительного предмета,,Нарушение правопорядка,Нарушение правопорядка,карточка-112,,,,,,,,,,,,,,,карточка-112,карточка-112,карточка-112,,,карточка-112,,,карточка-112,,карточка-112,карточка-112,Подозрительный предмет - водный транспорт,,,,,карточка-112,,карточка-112,,,,,,,,,,,
15,13,7,0,15130700,,"Подозрительный предмет, транспорт, боебприпасы, оружие",Подозрительная автомашина,,,Подозрительная автомашина,Подозрительная автомашина,Police,,,,,,,,Подозрительное автотранспортное средство,,,,Травма,нет реагирования,,,,,,,,,,,,,,,,,,,,,,Карточка-112,,,,,,,,,Нарушение правопорядка,Нарушение правопорядка,карточка-112,,,,,,,,,,,,,,,карточка-112,карточка-112,карточка-112,,,,,,карточка-112,,карточка-112,карточка-112,Подозрительная автомашина,,,,,карточка-112,,,,,,,,,,,,,
15,14,0,0,15140000,"Подозрительные, посторонние граждане","Подозрительные, посторонние граждане",,,Описание,Подозрительные граждане,Подозрительные граждане,Police,,,,,,,,Подозрительные граждане,,,,Травма,нет реагирования,,,,,,,,,,,,,,,,,,,,,,Карточка-112,,,,,,,,,,,карточка-112,,,,,,,,,,,,,,,карточка-112,,,,,,,,карточка-112,,карточка-112,карточка-112,,,,,,карточка-112,,,,,,,,,,,,,
15,14,1,0,15140100,,"Подозрительные, посторонние граждане","Посторонние выносят вещи из квартиры, подъезда",,,Посторонние выносят вещи,"Посторонние выносят вещи из квартиры, подъезда",Police,,,,,,,,"Посторонние выносят вещи из жилого помещения, организации",,,,Травма,нет реагирования,,,,,,,,,,,,,,,,,,,,,,,,,,,,,,,,,карточка-112,,,,,,,,,,,,,,,карточка-112,,,,,,,,карточка-112,,карточка-112,,,,,,,,,,,,,,,,,,,,
15,14,2,0,15140200,,"Подозрительные, посторонние граждане","Посторонние в квартире, только что вышли",,,Посторонние в квартире или только что вышли,Посторонние в квартире или только что вышли,Police,,,,,,,,Посторонние в жилом помещении или только вышли,,,,Травма,нет реагирования,,,,,,,,,,,,,,,,,,,,,,,,,,,,,,,,,карточка-112,,,,,,,,,,,,,,,карточка-112,,,,,,,,карточка-112,,карточка-112,,,,,,,,,,,,,,,,,,,,
15,14,3,0,15140300,,"Подозрительные, посторонние граждане",Посторонние пытаются вскрыть квартиру (помещение),,,Посторонние вскрывают квартиру,Посторонние пытаются вскрыть квартиру,Police,,,,,,,,"Посторонние пытаются вскрыть жилое помещение, организацию",,,,Травма,нет реагирования,,,,,,,,,,,,,,,,,,,,,,,,,,,,,,,,,карточка-112,,,,,,,,,,,,,,,карточка-112,,,,,,,,карточка-112,,карточка-112,,,,,,,,,,,,,,,,,,,,
15,14,4,0,15140400,,"Подозрительные, посторонние граждане","Посторонние рвутся в квартиру магазин, организацию, гараж и др",,,Рвутся в квартиру (огранизацию),"Посторонние рвутся в квартиру магазин, организацию и др",Police,,,,,,,,"Посторонние рвутся в жилое помещение, магазин, организацию и т.п.",,,,Травма,нет реагирования,,,,,,,,,,,,,,,,,,,,,,,,,,,,,,,,,карточка-112,,,,,,,,,,,,,,,карточка-112,,,,,,,,карточка-112,,карточка-112,,,,,,,карточка-112,,,,,,,,,,,,,
15,14,5,0,15140500,,"Подозрительные, посторонние граждане","Посторонние пытаются вскрыть, разобрать автомашину",,,Вскрывают автомашину,"Вскрывают, разбирают автомашину",Police,,,,,,,,"Вскрывают, разбирают автотранспортное средство",,,,Травма,нет реагирования,,,,,,,,,,,,,,,,,,,,,,,,,,,,,,,,,карточка-112,,,,,,,,,,,,,,,карточка-112,,,,,,,,карточка-112,,карточка-112,,,,,,,,,,,,,,,,,,,,
15,14,6,0,15140600,,"Подозрительные, посторонние граждане",Посторонние проживают без регистрации,,,Проживают без регистрации,Проживают без регистрации,Police,,,,,,,,Проживают без регистрации,,,,Травма,нет реагирования,,,,,,,,,,,,,,,,,,,,,,,,,,,,,,,,Нарушение правопорядка,карточка-112,,,,,,,,,,,,,,,карточка-112,карточка-112,карточка-112,,,,,,карточка-112,,карточка-112,карточка-112,,,,,,,,,,,,,,,,,,,
15,14,7,0,15140700,,"Подозрительные, посторонние граждане","Посторонние пьют, курят в неположенном месте",,,Посторонние пьют (курят) в неположенном месте,Распитие спиртных напитков/курение в общественном месте,Police,,,,,,,,Распитие спиртных напитков/курение в общественном месте,,,,Травма,нет реагирования,,,,,,,,,,,,,,,,,,,,,,,,,,,,,,,,,,,,,,,,,,,,,,,,,,,,,,,,карточка-112,,карточка-112,,,,,,,,,,,,,,,,,,,,
15,14,8,0,15140800,,"Подозрительные, посторонние граждане",Посторонние прозванивают квартиры,,,Прозванивают квартиры,Прозванивают квартиры,Police,,,,,,,,Прозванивают квартиры,,,,Травма,нет реагирования,,,,,,,,,,,,,,,,,,,,,,,,,,,,,,,,Нарушение правопорядка,карточка-112,,,,,,,,,,,,,,,,,,,,,,,карточка-112,,карточка-112,,,,,,,,,,,,,,,,,,,,
15,14,9,0,15140900,,"Подозрительные, посторонние граждане",Лица в розыске,,,Лица в розыске,Лица в розыске,Police,,,,,,,,Лица в розыске,,,,Травма,нет реагирования,,,,,,,,,,,,,,,,,,,,,,,,,,,,,,,Нарушение правопорядка,Нарушение правопорядка,карточка-112,,,,,,,,,,,,,,,карточка-112,,,,,,,,карточка-112,,карточка-112,карточка-112,,,,,,карточка-112,,,,,,,,,,,,,
15,15,1,0,15150100,Пьяный в общественном месте,"Пьют, курят в неположенном месте",Пьяный в общественном месте,,,Пьяный в общественном месте,Пьяный в общественном месте,Police,,,,,,,,Гражданин(-не) в состоянии опьянения в общественном месте,,,,Травма,нет реагирования,,,,,,,,,,,,,,,,,,,,,,,,,,,,,,,Нарушение правопорядка,Нарушение правопорядка,карточка-112,,,,,,,,,,,,,,,карточка-112,,,,,,,,карточка-112,,карточка-112,,,,,,,,,,,,,,,,,,,,
15,15,2,0,15150200,,"Пьют, курят в неположенном месте",Пьют в неположенном месте,,,Распитие в неположенном месте,Распитие спиртных напитков/курение в общественном месте,Police,,,,,,,,Распитие спиртных напитков в общественном месте,,,,Травма,нет реагирования,,,,,,,,,,,,,,,,,,,,,,,,,,,,,,,Нарушение правопорядка,Нарушение правопорядка,,,,,,,,,,,,,,,,,,,,,,,,карточка-112,,карточка-112,,,,,,,,,,,,,,,,,,,,
15,15,3,0,15150300,,"Пьют, курят в неположенном месте",Курят в неположенном месте,,,Курение в неположенном месте,Распитие спиртных напитков/курение в общественном месте,Police,,,,,,,,Распитие спиртных напитков в общественном месте,,,,Травма,нет реагирования,,,,,,,,,,,,,,,,,,,,,,,,,,,,,,,,Нарушение правопорядка,,,,,,,,,,,,,,,,,,,,,,,,карточка-112,,карточка-112,,,,,,,,,,,,,,,,,,,,
15,16,1,0,15160100,Притон,Притон,Гастарбайтеры,,,Притон (гастарбайтеры),Проживают без регистрации,Police,,,,,,,,Проживают без регистрации,,,,Травма,нет реагирования,,,,,,,,,,,,,,,,,,,,,,,,,,,,,,,Нарушение правопорядка,Нарушение правопорядка,карточка-112,,,,,,,,,,,,,,,карточка-112,карточка-112,карточка-112,,,,,,карточка-112,,карточка-112,,,,,,,карточка-112,,,,,,,,,,,,,
15,16,2,0,15160200,,Притон,Проститутки,,,Притон (проститутки),нет в ЕКП,Police,,,,,,,,Прочее,,,,Травма,нет реагирования,,,,,,,,,,,,,,,,,,,,,,,,,,,,,,,Нарушение правопорядка,Нарушение правопорядка,,,,,,,,,,,,,,,,,,,,,,,,карточка-112,,карточка-112,карточка-112,,,,,,карточка-112,,,,,,,,,,,,,
15,16,3,0,15160300,,Притон,Наркоманы,,,Притон (наркоманы),Хранение и сбыт наркотиков,Police,,,,,,,,"Хранение, изготовление и сбыт наркотиков",,,,Травма,нет реагирования,,,,,,,,,,,,,,,,,,,,,,,,,,,,,,,Нарушение правопорядка,Нарушение правопорядка,карточка-112,,,,,,,,,,,,,,,,,,,,,,,карточка-112,,карточка-112,карточка-112,,,,,,карточка-112,,,,,,,,,,,,,
15,17,0,0,15170000,Преступления в сфере экономики,Преступления в сфере экономики,,,,Преступления в сфере экономики,Преступление в сфере экономики,Police,,,,,,,,Преступление в сфере экономики,,,,Травма,нет реагирования,,,,,,,,,,,,,,,,,,,,,,,,,,,,,,,,,карточка-112,,,,,,,,,,,,,,,,,,,,,,,карточка-112,,карточка-112,,,,,,,,,,,,,,,,,,,,
15,18,0,0,15180000,Развратные действия,Развратные действия (в отношении лиц до 16 лет),,,,Развратные действия в отношении лиц до 16 лет,Развратные действия,Police,,,,,,,,Развратные действия сексуального характера,,,,Травма,нет реагирования,,,,,,,,,,,,,,,,,,,,,,,,,,,,,,,,,карточка-112,,,,,,,,,,,,,,,карточка-112,,,,,,,,карточка-112,,карточка-112,,,,,,,,,,,,,,,,,,,,
15,19,0,0,15190000,Скандал,Скандал,,,,Скандал,Скандал,Police,,,,,,,,Скандал/конфликтная ситуация,,,,Травма,нет реагирования,,,,,,,,,,,,,,,,,,,,,,,,,,,,,,,,,,,,,,,,,,,,,,,,,,,,,,,,карточка-112,,карточка-112,,,,,,,,,,,,,,,,,,,,
15,20,0,0,15200000,Стрельба,Стрельба,,,,Стрельба,Стрельба,Police,,,,,,,,Стрельба,,,,Огнестрельное ранение,нет реагирования,,,,Карточка-112,Карточка-112,Карточка-112,Карточка-112,,,,,,,,,,,,,,,,,,,,,,,,Нарушение правопорядка,Нарушение правопорядка,карточка-112,,,,,,,,,,,,,,,карточка-112,,,,,,,,карточка-112,,карточка-112,карточка-112,,,,,,карточка-112,,,,,,,,,,,,,
15,20,1,0,15200100,,Стрельба,Огнестрельное ранение,,,Стрельба - огнестрельное ранение,Огнестрельное ранение,Police,,,,,,Прочие происшествия,,Огнестрельное ранение,,,Огнестрельное ранение,Огнестрельное ранение,нет реагирования,,,,,,,,карточка-112,,,,,,,,,,,,,,,Карточка-112,,,,,,,,Нарушение правопорядка,Нарушение правопорядка,карточка-112,,,,,,,,,,,,,,,карточка-112,,,,,,,,карточка-112,,карточка-112,карточка-112,,,,,,карточка-112,,,,,,,,,,,,,
15,20,2,0,15200200,,Стрельба,Транспорт общественный,,Автобус / троллейбус / трамвай,Обстрелян общественный транспорт,Обстрелян общественный транспорт,Police,,,,,,,,Стрельба,,,,Огнестрельное ранение,нет реагирования,,,Карточка-112,,,,,карточка-112,,,,карточка-112,,,,,,,,,,,,,,,,,Обстрелян общественный транспорт,,Нарушение правопорядка,Нарушение правопорядка,карточка-112,,,,,,,,,,,,,,,карточка-112,,,,,,,,карточка-112,,карточка-112,карточка-112,,,,,,карточка-112,,карточка-112,,,,,,,,,,,
15,20,3,0,15200300,,Стрельба,Звуки похожие на выстрелы стрельбу,,,"Звуки, похожие на стрельбу",Стрельба,Police,,,,,,,,Стрельба,,,,Огнестрельное ранение,нет реагирования,,,,Карточка-112,Карточка-112,Карточка-112,Карточка-112,,,,,,,,,,,,,,,,,,,,,,,,Нарушение правопорядка,Нарушение правопорядка,карточка-112,,,,,,,,,,,,,,,карточка-112,,,,,,,,карточка-112,,карточка-112,карточка-112,,,,,,карточка-112,,,,,,,,,,,,,
15,21,1,1,15210101,Угон транспорта,Угон транспорта,Транспорт автомашина,До 30 минут,,Угон автомашины (до 30 минут),Угон,Police,,,,,,,,Хищение автотранспортного средства,,,,Травма,нет реагирования,,,,,,,,,,,,,,,,,,,,,,,,,,,,,,,,,карточка-112,,,,,,,,,,,,,,,,,,,,,,,карточка-112,,карточка-112,карточка-112,,,,,,карточка-112,,,,,,,,,,,,,
15,21,2,1,15210201,,Угон транспорта,Спецтранспорт 101,До 30 минут,,Угон спецтранспорта 101 (до 30 минут),Угон,Police,,,,,,,,Хищение автотранспортного средства,,,,Травма,нет реагирования,,,,,,,,,,,,,,,,,,,,,,,,,,,,,Угон,,,,карточка-112,,,,,,,,,,,,,,,,,,,,,,,карточка-112,,карточка-112,карточка-112,,,,,,карточка-112,,,,,,,,,,,,,
15,21,3,1,15210301,,Угон транспорта,Спецтранспорт 102,До 30 минут,,Угон спецтранспорта 102 (до 30 минут),Угон,Police,,,,,,,,Хищение автотранспортного средства,,,,Травма,нет реагирования,,,,,,,,,,,,,,,,,,,,,,,,,,,,,Угон,,,,карточка-112,,,,,,,,,,,,,,,,,,,,,,,карточка-112,,карточка-112,карточка-112,,,,,,карточка-112,,,,,,,,,,,,,
15,21,4,1,15210401,,Угон транспорта,Спецтранспорт 103,До 30 минут,,Угон спецтранспорта 103 (до 30 минут),Угон,Police,,,,,,,,Хищение автотранспортного средства,,,,Травма,нет реагирования,,,,,,,,,,,,,,,,,,,,,,,,,,,,,Угон,,,,карточка-112,,,,,,,,,,,,,,,,,,,,,,,карточка-112,,карточка-112,карточка-112,,,,,,карточка-112,,,,,,,,,,,,,
15,21,5,1,15210501,,Угон транспорта,Спецтранспорт 104,До 30 минут,,Угон спецтранспорта 104 (до 30 минут),Угон,Police,,,,,,,,Хищение автотранспортного средства,,,,Травма,нет реагирования,,,,,,,,,,,,,,,,,,,,,,,,,,,,,Угон,,,,карточка-112,,,,,,,,,,,,,,,,,,,,,,,карточка-112,,карточка-112,карточка-112,,,,,,карточка-112,,,,,,,,,,,,,
15,21,6,1,15210601,,Угон транспорта,Спецтранспорт спецтехника,До 30 минут,,Угон спецтранспорта спецтехника (до 30 минут),Угон,Police,,,,,,,,Хищение автотранспортного средства,,,,Травма,нет реагирования,,,,,,,,,,,,,,,,,,,,,,,,,,,,,Угон,,,,карточка-112,,,,,,,,,,,,,,,,,,,,,,,карточка-112,,карточка-112,карточка-112,,,,,,карточка-112,,,,,,,,,,,,,
15,21,7,1,15210701,,Угон транспорта,Спецтранспорт прочее,До 30 минут,,Угон спецтранспорта прочее (до 30 минут),Угон,Police,,,,,,,,Хищение автотранспортного средства,,,,Травма,нет реагирования,,,,,,,,,,,,,,,,,,,,,,,,,,,,,Угон,,,,карточка-112,,,,,,,,,,,,,,,,,,,,,,,карточка-112,,карточка-112,карточка-112,,,,,,карточка-112,,,,,,,,,,,,,
15,21,8,1,15210801,,Угон транспорта,Транспорт ОЭК,До 30 минут,,"Угон (транспорт ОЭК, до 30 минут)",Угон,Police,,,,,,,,Хищение автотранспортного средства,,,,Травма,нет реагирования,,,,,,,,,,,,,,,,,,,,,,,,,,,Карточка-112,,,,,,карточка-112,,,,,,,,,,,,,,,,,,,,,,,карточка-112,,карточка-112,карточка-112,,,,,,карточка-112,,,,,,,,,,,,,
15,21,9,1,15210901,,Угон транспорта,Транспорт общественный,До 30 минут,Автобус / троллейбус / трамвай,Угон общественный транспорт (до 30 минут),Угон общественный транспорт,Police,,,,,,,,Хищение автотранспортного средства,,,,Травма,нет реагирования,,,,,,,,,,,,карточка-112,,,,,,,,,,,,,,,,,Угон: общественный транспорт,,,,карточка-112,,,,,,,,,,,,,,,,,,,,,,,карточка-112,,карточка-112,карточка-112,,,,,,карточка-112,,карточка-112,,,,,,,,,,,
15,21,10,1,15211001,,Угон транспорта,Транспорт воздушный,До 30 минут,,Угон воздушный транспорт (до 30 минут),Угон воздушный транспорт,Police,,,,,,,,Хищение автотранспортного средства,,,,Травма,нет реагирования,,,,,,,,Карточка-112,,,,,,,,,,,,,,,,,,,,,Угон: воздушный транспорт,,,,карточка-112,,,,,,,,,,,,,,,карточка-112,,,,,,,,карточка-112,,карточка-112,карточка-112,,,,,,карточка-112,,,,,,,,,,,,,
15,21,11,1,15211101,,Угон транспорта,Транспорт водный,До 30 минут,,Угон водный транспорт (до 30 минут),Угон водный транспорт,Police,,,,,,,,Хищение автотранспортного средства,,,,Травма,нет реагирования,,,,,,,,Карточка-112,,,,,,,,,,,,,,,,,,,,,Угон: водный транспорт,,,,карточка-112,,,,,,,,,,,,,,,,,,,,,,,карточка-112,,карточка-112,карточка-112,,,,,,карточка-112,,карточка-112,,,,,,,,,,,
15,21,12,1,15211201,,Угон транспорта,Транспорт жд,До 30 минут,,Угон ж/д поезд (до 30 минут),Угон ж/д транспорт,Police,,,,,,,,Хищение автотранспортного средства,,,,Травма,нет реагирования,,,,,,,,Карточка-112,,,,,,,,,,,,,,,,,,,,,Угон: ж/д транспорт,,,,карточка-112,,Карточка-112,,,,,,,,,,,,,,,,,,,,,карточка-112,,карточка-112,карточка-112,,,,,,,,,,,,,,,,,,,
15,21,13,1,15211301,,Угон транспорта,Подвижной состав жд,До 30 минут,,Угон вагон ж/д (до 30 минут),Угон ж/д подвижной состав,Police,,,,,,,,Хищение автотранспортного средства,,,,Травма,нет реагирования,,,,,,,,Карточка-112,,,,,,,,,,,,,,,,,,,,,Угон: ж/д подвижной состав,,,,карточка-112,,Карточка-112,,,,,,,,,,,,,,,,,,,,,карточка-112,,карточка-112,карточка-112,,,,,,,,,,,,,,,,,,,
15,21,1,2,15210102,,Угон транспорта,Транспорт автомашина,Свыше 30 мин,,Угон автомашины (свыше 30 минут),Угон,Police,,,,,,,,Хищение автотранспортного средства,,,,Травма,нет реагирования,,,,,,,,,,,,,,,,,,,,,,,,,,,,,,,,Нарушение правопорядка,карточка-112,,,,,,,,,,,,,,,,,,,,,,,карточка-112,,карточка-112,карточка-112,,,,,,карточка-112,,,,,,,,,,,,,
15,21,2,2,15210202,,Угон транспорта,Спецтранспорт 101,Свыше 30 мин,,Угон спецтранспорта 101 (свыше 30 минут),Угон,Police,,,,,,,,Хищение автотранспортного средства,,,,Травма,нет реагирования,,,,,,,,,,,,,,,,,,,,,,,,,,,,,Угон,,Нарушение правопорядка,Нарушение правопорядка,карточка-112,,,,,,,,,,,,,,,,,,,,,,,карточка-112,,карточка-112,карточка-112,,,,,,карточка-112,,,,,,,,,,,,,
15,21,3,2,15210302,,Угон транспорта,Спецтранспорт 102,Свыше 30 мин,,Угон спецтранспорта 102 (свыше 30 минут),,Police,,,,,,,,Хищение автотранспортного средства,,,,Травма,нет реагирования,,,,,,,,,,,,,,,,,,,,,,,,,,,,,Угон,,Нарушение правопорядка,Нарушение правопорядка,карточка-112,,,,,,,,,,,,,,,,,,,,,,,карточка-112,,карточка-112,карточка-112,,,,,,карточка-112,,,,,,,,,,,,,
15,21,4,2,15210402,,Угон транспорта,Спецтранспорт 103,Свыше 30 мин,,Угон спецтранспорта 103 (свыше 30 минут),,Police,,,,,,,,Хищение автотранспортного средства,,,,Травма,нет реагирования,,,,,,,,,,,,,,,,,,,,,,,,,,,,,Угон,,Нарушение правопорядка,Нарушение правопорядка,карточка-112,,,,,,,,,,,,,,,,,,,,,,,карточка-112,,карточка-112,карточка-112,,,,,,карточка-112,,,,,,,,,,,,,
15,21,5,2,15210502,,Угон транспорта,Спецтранспорт 104,Свыше 30 мин,,Угон спецтранспорта 104 (свыше 30 минут),,Police,,,,,,,,Хищение автотранспортного средства,,,,Травма,нет реагирования,,,,,,,,,,,,,,,,,,,,,,,,,,,,,Угон,,Нарушение правопорядка,Нарушение правопорядка,карточка-112,,,,,,,,,,,,,,,,,,,,,,,карточка-112,,карточка-112,карточка-112,,,,,,карточка-112,,,,,,,,,,,,,
15,21,6,2,15210602,,Угон транспорта,Спецтранспорт спецтехника,Свыше 30 мин,,Угон спецтранспорта спецтехника (свыше 30 минут),,Police,,,,,,,,Хищение автотранспортного средства,,,,Травма,нет реагирования,,,,,,,,,,,,,,,,,,,,,,,,,,,,,Угон,,Нарушение правопорядка,Нарушение правопорядка,карточка-112,,,,,,,,,,,,,,,,,,,,,,,карточка-112,,карточка-112,карточка-112,,,,,,карточка-112,,,,,,,,,,,,,
15,21,7,2,15210702,,Угон транспорта,Спецтранспорт прочее,Свыше 30 мин,,Угон спецтранспорта прочее (свыше 30 минут),,Police,,,,,,,,Хищение автотранспортного средства,,,,Травма,нет реагирования,,,,,,,,,,,,,,,,,,,,,,,,,,,,,Угон,,Нарушение правопорядка,Нарушение правопорядка,карточка-112,,,,,,,,,,,,,,,,,,,,,,,карточка-112,,карточка-112,карточка-112,,,,,,карточка-112,,,,,,,,,,,,,
15,21,8,2,15210802,,Угон транспорта,Транспорт ОЭК,Свыше 30 мин,,"Угон (транспорт ОЭК, свыше 30 минут)",Угон,Police,,,,,,,,Хищение автотранспортного средства,,,,Травма,нет реагирования,,,,,,,,,,,,,,,,,,,,,,,,,,,Карточка-112,,,,,Нарушение правопорядка,карточка-112,,,,,,,,,,,,,,,,,,,,,,,карточка-112,,карточка-112,карточка-112,,,,,,карточка-112,,,,,,,,,,,,,
15,21,9,2,15210902,,Угон транспорта,Транспорт общественный,Свыше 30 мин,Автобус / троллейбус / трамвай,Угон общественный транспорт (свыше 30 минут),Угон общественный транспорт,Police,,,,,,,,Хищение автотранспортного средства,,,,Травма,нет реагирования,,,,,,,,,,,,карточка-112,,,,,,,,,,,,,,,,,Угон: общественный транспорт,,,Нарушение правопорядка,карточка-112,,,,,,,,,,,,,,,,,,,,,,,карточка-112,,карточка-112,карточка-112,,,,,,карточка-112,,карточка-112,,,,,,,,,,,
15,21,10,2,15211002,,Угон транспорта,Транспорт воздушный,Свыше 30 мин,,Угон воздушный транспорт (свыше 30 минут),Угон воздушный транспорт,Police,,,,,,,,Хищение автотранспортного средства,,,,Травма,нет реагирования,,,,,,,,Карточка-112,,,,,,,,,,,,,,,,,,,,,Угон: воздушный транспорт,,,Нарушение правопорядка,карточка-112,,,,,,,,,,,,,,,карточка-112,,,,,,,,карточка-112,,карточка-112,карточка-112,,,,,,карточка-112,,,,,,,,,,,,,
15,21,11,2,15211102,,Угон транспорта,Транспорт водный,Свыше 30 мин,,Угон водный транспорт (свыше 30 минут),Угон водный транспорт,Police,,,,,,,,Хищение автотранспортного средства,,,,Травма,нет реагирования,,,,,,,,Карточка-112,,,,,,,,,,,,,,,,,,,,,Угон: водный транспорт,,,Нарушение правопорядка,карточка-112,,,,,,,,,,,,,,,,,,,,,,,карточка-112,,карточка-112,карточка-112,,,,,,карточка-112,,карточка-112,,,,,,,,,,,
15,21,12,2,15211202,,Угон транспорта,Транспорт жд,Свыше 30 мин,,Угон ж/д поезд (свыше 30 минут),Угон ж/д транспорт,Police,,,,,,,,Хищение автотранспортного средства,,,,Травма,нет реагирования,,,,,,,,Карточка-112,,,,,,,,,,,,,,,,,,,,,Угон: ж/д транспорт,,,Нарушение правопорядка,карточка-112,,Карточка-112,,,,,,,,,,,,,,,,,,,,,карточка-112,,карточка-112,карточка-112,,,,,,,,,,,,,,,,,,,
15,21,13,2,15211302,,Угон транспорта,Подвижной состав жд,Свыше 30 мин,,Угон вагон ж/д (свыше 30 минут),Угон ж/д подвижной состав,Police,,,,,,,,Хищение автотранспортного средства,,,,Травма,нет реагирования,,,,,,,,Карточка-112,,,,,,,,,,,,,,,,,,,,,Угон: ж/д подвижной состав,,,Нарушение правопорядка,карточка-112,,Карточка-112,,,,,,,,,,,,,,,,,,,,,карточка-112,,карточка-112,карточка-112,,,,,,,,,,,,,,,,,,,
15,21,14,0,15211400,,Угон транспорта,Грабеж с завладением автомашиной,,,Угон (грабеж),Грабеж ,Police,,,,,,,,Грабеж с завладением автотранспорта,,,,Травма,нет реагирования,,,,,,,,,,,,,,,,,,,,,,,,,,,,,,,Нарушение правопорядка,Нарушение правопорядка,,,,,,,,,,,,,,,,карточка-112,,,,,,,,карточка-112,,карточка-112,карточка-112,,,,,,карточка-112,,,,,,,,,,,,,
15,21,15,0,15211500,,Угон транспорта,Разбой с завладением автомашиной,,,Угон (разбой),Разбой,Police,,,,,,,,Разбой с завладением автотранспортом,,,,Травма,нет реагирования,,,,,,,,,,,,,,,,,,,,,,,,,,,,,,,Нарушение правопорядка,Нарушение правопорядка,,,,,,,,,,,,,,,,карточка-112,,,,,,,,карточка-112,,карточка-112,карточка-112,,,,,,карточка-112,,,,,,,,,,,,,
15,22,0,0,15220000,Хулиганство,Хулиганство,,,,Мелкое хулиганство,Хулиганство мелкое,Police,,,,,,,,Хулиганство,,,,Травма,нет реагирования,,,,,,,,,,,,,,,,,,,,,,,,,,,,,,,,,,,,,,,,,,,,,,,,,,,,,,,,карточка-112,,карточка-112,карточка-112,,,,,,,,,,,,,,,,,,,
15,22,1,0,15220100,,Хулиганство,Пьяный в общественном месте,,,Хулиганство - пьяный,Пьяный в общественном месте,Police,,,,,,,,Гражданин(-не) в состоянии опьянения в общественном месте,,,,Травма,нет реагирования,,,,,,,,,,,,,,,,,,,,,,,,,,,,,,,,,карточка-112,,,,,,,,,,,,,,,карточка-112,,,,,,,,карточка-112,,карточка-112,,,,,,,,,,,,,,,,,,,,
15,22,2,0,15220200,,Хулиганство,Пьют /курят в неположенном месте,,,Распитие (курение) в неположенном месте,Распитие спиртных напитков/курение в общественном месте,Police,,,,,,,,Распитие спиртных напитков в общественном месте,,,,Травма,нет реагирования,,,,,,,,,,,,,,,,,,,,,,,,,,,,,,,,,,,,,,,,,,,,,,,,,,,,,,,,карточка-112,,карточка-112,,,,,,,,,,,,,,,,,,,,
15,22,3,0,15220300,,Хулиганство,Бомж в общественном месте (Нарушенение правопорядка),,,Бомж (нарушение правопорядка),Хулиганство мелкое,Police,,,,,,,,,Хулиганство мелкое,,,,,,,,,,,,,,,,,,,,,,,,,,,,,,,,,,,,Нарушение правопорядка,,,,,,,,,,,,,,,,,,,,,,,,карточка-112,,карточка-112,,,,,,,,,,,,,,,,,,,,
15,22,4,0,15220400,,Хулиганство,Попрошайки,,,Попрошайки,Хулиганство мелкое,Police,,,,,,,,Хулиганство,,,,Травма,нет реагирования,,,,,,,,,,,,,,,,,,,,,,,,,,,,,,,,Нарушение правопорядка,,,,,,,,,,,,,,,,,,,,,,,,карточка-112,,карточка-112,,,,,,,,,,,,,,,,,,,,
15,22,5,0,15220500,,Хулиганство,"Запускают фейверки, петарды в неположеном месте",,,"Запускают фейверки, петарды в неположеном месте",Нарушение тишины,Police,,,,,,,,Нарушение тишины,,,,Травма,нет реагирования,,,,,,,,,,,,,,,,,,,,,,,,,,,,,,,,Нарушение правопорядка,карточка-112,,,,,,,,,,,,,,,,,,,,,,,карточка-112,,карточка-112,,,,,,,,,,,,,,,,,,,,
15,22,6,0,15220600,,Хулиганство,Оружие биты предметы,,,Хулиганство (с оружием или предметами),Хулиганство (с оружием или предметами),Police,,,,,,,,Хулиганство (с оружием или предметом),,,,Травма,нет реагирования,,,,,,,,,,,,,,,,,,,,,,,,,,,,,,,Нарушение правопорядка,Нарушение правопорядка,карточка-112,,,,,,,,,,,,,,,,карточка-112,карточка-112,,,,,,карточка-112,,карточка-112,карточка-112,,,,,,карточка-112,,,,,,,,,,,,,
15,22,6,1,15220601,,Хулиганство,Оружие биты предметы,Угрожают,,Хулиганство - угрожают,Хулиганство (с оружием или предметами),Police,,,,,,,,Хулиганство (с оружием или предметом),,,,Травма,нет реагирования,,,,,,,,,,,,,,,,,,,,,,,,,,,,,,,Нарушение правопорядка,Нарушение правопорядка,карточка-112,,,,,,,,,,,,,,,,карточка-112,карточка-112,,,,,,карточка-112,,карточка-112,,,,,,,карточка-112,,,,,,,,,,,,,
15,22,6,2,15220602,,Хулиганство,Оружие биты предметы,Применяют,,Хулиганство - применяют оружие,Хулиганство (с оружием или предметами),Police,,,,,,,,Хулиганство (с оружием или предметом),,,,Травма,нет реагирования,,,,,,,,,,,,,,,,,,,,,,,,,,,,,,,Нарушение правопорядка,Нарушение правопорядка,карточка-112,,,,,,,,,,,,,,,,карточка-112,карточка-112,,,,,,карточка-112,,карточка-112,карточка-112,,,,,,карточка-112,,,,,,,,,,,,,
15,22,6,3,15220603,,Хулиганство,Оружие биты предметы,Ломают остановку общественного транспорта,,Ломают остановку общественного транспорта,Хулиганство (с оружием или предметами),Police,,,,,,,,Хулиганство (с оружием или предметом),,,,Травма,нет реагирования,,,,,,,,,,,,Карточка-112,,,,,,,,,,,,,,,,,,,Нарушение правопорядка,Нарушение правопорядка,карточка-112,,,,,,,,,,,,,,,,карточка-112,карточка-112,,,,,,карточка-112,,карточка-112,,,,,,,карточка-112,,,,,,,,,,,,,
15,22,7,0,15220700,,Хулиганство,"Газовый балончик распылили (улица, помещение)",,,Хулиганство,Хулиганство (с оружием или предметами),Police,,,,,,,,Хулиганство (с оружием или предметом),,,,Травма,нет реагирования,,,,,,,,,,,,,,,,,,,,,,,,,,,,,,,Нарушение правопорядка,Нарушение правопорядка,карточка-112,,,,,,,,,,,,,,,,,,,,,,,карточка-112,,карточка-112,,,,,,,карточка-112,,,,,,,,,,,,,
15,23,1,0,15230100,Хранение и сбыт наркотиков,Наркотики,Хранение,,,Хранение наркотиков,Хранение и сбыт наркотиков,Police,,,,,,,,"Хранение, изготовление и сбыт наркотиков",,,,Травма,нет реагирования,,,,,,,,,,,,,,,,,,,,,,,,,,,,,,,Нарушение правопорядка,Нарушение правопорядка,карточка-112,,,,,,,,,,,,,,,,,,,,,,,карточка-112,,карточка-112,карточка-112,,,,,,,,,,,,,,,,,,,
15,23,2,0,15230200,,Наркотики,Продажа,,,Продажа наркотиков,Хранение и сбыт наркотиков,Police,,,,,,,,"Хранение, изготовление и сбыт наркотиков",,,,Травма,нет реагирования,,,,,,,,,,,,,,,,,,,,,,,,,,,,,,,Нарушение правопорядка,Нарушение правопорядка,карточка-112,,,,,,,,,,,,,,,,,,,,,,,карточка-112,,карточка-112,карточка-112,,,,,,,,,,,,,,,,,,,
15,23,3,0,15230300,,Наркотики,Употребление в общественном месте,,,Употребление наркотиков в общественном месте,Пьяный в общественном месте,Police,,,,,,,,Гражданин(-не) в состоянии опьянения в общественном месте,,,,Травма,нет реагирования,,,,,,,,,,,,,,,,,,,,,,,,,,,,,,,Нарушение правопорядка,Нарушение правопорядка,карточка-112,,,,,,,,,,,,,,,карточка-112,,,,,,,,карточка-112,,карточка-112,карточка-112,,,,,,,,,,,,,,,,,,,
15,24,0,0,15240000,Хранение оружия,Хранение оружия,,,,Хранеие оружия,Хранение оружия,Police,,,,,,,,Хранение оружия,,,,Травма,нет реагирования,,,,,,,,Карточка-112,,,,,,,,,,,,,,,,,,,,,,,,,карточка-112,,,,,,,,,,,,,,,карточка-112,,,,,,,,карточка-112,,карточка-112,карточка-112,,,,,,карточка-112,,,,,,,,,,,,,
15,25,0,0,15250000,"Массовый беспорядок, скопление, пикет, забастовка, межнациональный",Массовые беспорядки,,,,Массовые беспорядки,Массовые беспорядки,Police,,,,,,,,Массовые беспорядки,,,Дежурство от МЧС,Травма,,,,,Карточка-112,Карточка-112,Карточка-112,Карточка-112,Карточка-112,,,,,,Карточка-112,,,,,,,,,,,,,,,Массовые беспорядки,,Нарушение правопорядка,Нарушение правопорядка,карточка-112,Карточка-112,,,,,,,,,,,,,,карточка-112,карточка-112,карточка-112,,,,,,карточка-112,,карточка-112,карточка-112,,,,,,карточка-112,,,карточка -112,,,,,,,,,,
15,25,1,1,15250101,,Массовые беспорядки,Скопление людей (10 и более человек),Молодежь,Молодежь скинхеды,Скопление молодежи,Массовое скопление молодежи ,Police,,,,,,,,Массовое скопление молодежи,,,,Травма,,,,,,,,,,,,,,,Картчока-112,,,,,,,,,,,,,,,,,Нарушение правопорядка,Нарушение правопорядка,карточка-112,,,,,,,,,,,,,,,карточка-112,карточка-112,карточка-112,,,,,,карточка-112,,карточка-112,карточка-112,,,,,,карточка-112,,,,,,,,,,,,,
15,25,1,2,15250102,,Массовые беспорядки,Скопление людей (10 и более человек),Взрослые,,Скопление людей,нет в ЕКП,Police,,,,,,,,Массовые беспорядки,,,,Травма,,,,,,,,,,,,,,,Картчока-112,,,,,,,,,,,,,,,,,Нарушение правопорядка,Нарушение правопорядка,,,,,,,,,,,,,,,,,карточка-112,карточка-112,,,,,,карточка-112,,карточка-112,карточка-112,,,,,,карточка-112,,,,,,,,,,,,,
15,25,2,0,15250200,,Массовые беспорядки,Пикет митинг шествие несанкционированный,,,Пикет митинг шествие несанкционированный," Митинг, шествие, пикетирование (несанкционированные)",Police,,,,,,,,"Митинг, шествие, пикетирование",,,,Травма,,,,,,,,,карточка-112,,,,,,Картчока-112,,,,,,,,,,,,,,,"Митинг, шествие, пикетирование (несанкционированные)",,Нарушение правопорядка,Нарушение правопорядка,карточка-112,Карточка-112,,,,,,,,,,,,,,карточка-112,карточка-112,карточка-112,,,,,,карточка-112,,карточка-112,карточка-112,,,,,,карточка-112,,,карточка -112,,,,,,,,,,
15,25,3,0,15250300,,Массовые беспорядки, Голодовка (3 и более человек),,,Голодовка,Проведение групповой (свыше 3 человек) голодовки в общественных местах,Police,,,,,,,,"Митинг, шествие, пикетирование",,,,Травма,,,,,,,,,карточка-112,,,,,,Картчока-112,,,,,,,,,,,,,,,,,Нарушение правопорядка,Нарушение правопорядка,карточка-112,,,,,,,,,,,,,,,,карточка-112,карточка-112,,,,,,карточка-112,,карточка-112,карточка-112,,,,,,,,,,,,,,,,,,,
15,25,4,0,15250400,,Массовые беспорядки,Забастовка,,,Забастовка,Коллективные забастовки,Police,,,,,,,,"Митинг, шествие, пикетирование",,,,Травма,,,,,,,,,карточка-112,,,,,,Картчока-112,,,,,,,,,,,,,,,Коллективные забастовки,,Нарушение правопорядка,Нарушение правопорядка,карточка-112,,,,,,,,,,,,,,,карточка-112,карточка-112,карточка-112,,,,,,карточка-112,,карточка-112,карточка-112,,,,,,,,,,,,,,,,,,,
15,25,5,1,15250501,,Массовые беспорядки,Драка,До 10 человек,Наличие оружия,Беспорядки - драка на улице,Драка в общественном месте,Police,,,,,,,,Драка в общественном месте,,,,Травма,,,,,,,,,,,,,,,,,,,,,,,,,,,,,,Драка в общественном месте,,Нарушение правопорядка,Нарушение правопорядка,карточка-112,,,,,,,,,,,,,,,карточка-112,,,,,,,,карточка-112,,карточка-112,карточка-112,,,,,,карточка-112,,,,,,,,,,,,,
15,25,5,2,15250502,,Массовые беспорядки,Драка,От 10 человек,Наличие оружия,Беспорядки - массовая драка,Драка массовая в общественном месте,Police,,,,,,,,Драка массовая в общественном месте,,,,Травма,,,,,Карточка-112,Карточка-112,Карточка-112,Карточка-112,Карточка-112,,,,,,,,,,,,,,,,,,,,,Драка массовая в общественном месте,,Нарушение правопорядка,Нарушение правопорядка,карточка-112,,,,,,,,,,,,,,,карточка-112,карточка-112,карточка-112,,,,,,карточка-112,,карточка-112,карточка-112,,,,,,карточка-112,,,,,,,,,,,,,
15,25,6,1,15250601,,Массовые беспорядки,Толпа,Агрессивное поведение оружие биты предметы,,Агрессивная толпа,Массовые беспорядки,Police,,,,,,,,Массовые беспорядки,,,,Травма,,,,,Карточка-112,Карточка-112,Карточка-112,Карточка-112,Карточка-112,,,,,,Карточка-112,,,,,,,,,,,,,,,Массовые беспорядки,,Нарушение правопорядка,Нарушение правопорядка,карточка-112,,,,,,,,,,,,,,,карточка-112,карточка-112,карточка-112,,,,,,карточка-112,,карточка-112,карточка-112,,,,,,карточка-112,,,карточка -112,,,,,,,,,,
15,25,6,0,15250600,,Массовые беспорядки,Толпа,,,Толпа,Происшествие в месте массового скопления людей,Police,,,,,,,,Массовые беспорядки,,,,Травма,,,,,Карточка-112,Карточка-112,Карточка-112,Карточка-112,,,,,,,Карточка-112,,,,,,,,,,,,,,,Массовые беспорядки,,Нарушение правопорядка,Нарушение правопорядка,карточка-112,,,,,,,,,,,,,,,карточка-112,карточка-112,карточка-112,,,,,,карточка-112,,карточка-112,карточка-112,,,,,,карточка-112,,,,,,,,,,,,,
15,25,6,2,15250602,,Массовые беспорядки,Толпа,Давка,,Давка,Происшествие в месте массового скопления людей,Police,,,,,,,,Массовые беспорядки,,,,Травма,,,,,Карточка-112,Карточка-112,Карточка-112,Карточка-112,Карточка-112,,,,,,Карточка-112,,,,,,,,,,,,,,,Массовые беспорядки,,Нарушение правопорядка,Нарушение правопорядка,карточка-112,,,,,,,,,,,,,,,карточка-112,карточка-112,карточка-112,,,,,,карточка-112,,карточка-112,карточка-112,,,,,,карточка-112,,,,,,,,,,,,,
15,26,0,0,15260000,Происшествия военного характера ,Происшествия военного характера ,,,,Происшествия военного характера ,Происшествия военного характера ,Police,,,,,,,,Прочее,,,Дежурство от МЧС,Огнестрельное ранение,,,,Карточка-112,,,,,карточка-112,,,,,,,,,,,,,,,,,,,,,Происшествия военного характера ,,,,карточка-112,,,,,,,,,,,,,,,,карточка-112,карточка-112,,,,,,карточка-112,,карточка-112,карточка-112,,,,,,карточка-112,,,,,,,,,,,,,
,,,,16,Проблемы на дороге,,,,,,,,,,,,,,,,,,,,,,,,,,,,,,,,,,,,,,,,,,,,,,,,,,,,,,,,,,,,,,,,,,,,,,,,,,,,,,,,,,,,,,,,,,,,,,,,,,
16,1,0,0,16010000,Дорожное движение помеха,Автомашина аварийная,,,,Консультация - аварийная автомашина,,,,,,,,,,,,,,,,,,,,,,,,,,,,,,,,,,,,,,,,,,,,,,,,,,,,,,,,,,,,,,,,,,,,,,,,,карточка-112,,,,,,,,,,,,,,,,,,,,
16,1,1,0,16010100,,Автомашина аварийная,"Помеха, перекрыто движение",,,Аварийная автомашина на проезжей части,Помеха движению общественного транспорта (прочее),Police,,,,,,,,,Нарушение правил дорожного движения,,,Травма,,,,,,,,,,,,,,,Карточка-112,,,,,,,,,,,,,,,Помеха движению общественного транспорта (прочее),,,,карточка-112,,,,,,,,,,,,,,,,,,,,,,,,,карточка-112,карточка-112,,,,,,,,,карточка -112,,,,,,,,,,
16,2,0,0,16020000,,Автомашина неправильная парковка,,,,Неправильная парковка,Нарушение правил дорожного движения,,,,,,,,,Нарушение правил дорожного движения,,,,,,,,,,,,,,,,,,,Карточка-112,,,,,,,,,,,,,,,,,,,карточка-112,,,,,,,,,,,,,,,,,,,,,,,,,карточка-112,,,,,,,,,,,,,,,,,,,,
16,3,0,0,16030000,,Автомашина брошенная,,,,Брошенная автомашина,Брошенная автомашина,,,,,,,,,Брошенное автотранспортное средство,,,,Травма,,,,,,,,,,,,,,,Карточка-112,,,,,,,,,,,,,,,,,,,карточка-112,,,,,,,,,,,,,,,карточка-112,карточка-112,карточка-112,,,,,,,,карточка-112,,,,,,,карточка-112,,,,,,,,,,,,,
16,3,1,0,16030100,,Автомашина брошенная,"Трамвайные пути, ход движения троллейбусов",,,"Брошенная автомашина (помеха трамвай, троллейбус)",Оставлено транспортное средство мешающее проезду трамвая и тролейбуса,Police,,,,,,,,Нарушение правил дорожного движения,,,,Травма,,,,,,,,,,,,,карточка -112,,,,,,,,,,,карточка-112,,,,,,Оставлено транспортное средство мешающее проезду трамвая и тролейбуса,,,,карточка-112,,,,,,,,,,,,,,,,карточка-112,карточка-112,,,,,,,,карточка-112,,,,,,,,,,карточка -112,,,,,,,,,,
16,4,0,0,16040000,,Дорожные работы (с 23:00 по 8:00 ),,,,Дорожные работы в ночное время,Дорожно-строительные работы в ночное время,Police,,,,,,,,Дорожно-строительные работы в ночное время,,,,Травма,,,,,,,,,,,,Карточка-112,,,Карточка-112,,,,,,,,,,,,,,,Дорожно-строительные работы в ночное время,,,,карточка-112,,,,,,,,карточка-112,,,,,,,,,карточка-112,карточка-112,,,,,,,карточка-112,,,,,Дорожные работы в ночное время,карточка-112,,,,карточка -112,,,,,,,,,,
16,5,0,0,16050000,,Посторонний предмет (Мешает движению),,,,Посторонний предмет на проезжей части,Посторонний предмет на проезжей части,AUTOROADS,,,,,,,,,Нарушение правил дорожного движения,,,,,,,,,,,,,,,Карточка-112,,,Карточка-112,,,,,,,,,,,,,,,Посторонний предмет на проезжей части,,,,карточка-112,,,,,,,,,,,,,,,,,карточка-112,карточка-112,,,,,,,карточка-112,карточка-112,,,,,,карточка-112,,,карточка -112,,,,,,,,,,
16,6,0,0,16060000,,Мусор,,,,Мусор на проезжей части,Неубранная проезжая часть/тротуар,Police,,,,,,,,,Прочее,,,Травма,,,,,,,,,,,,Карточка-112,,,Карточка-112,Карточка-112,,,,,,,,,,,,,,Посторонний предмет на проезжей части,,,,карточка-112,,,,,,,,,,,,,,,,карточка-112,карточка-112,карточка-112,,,,,,,карточка-112,,,,,,,,,,,,,,,,,,,,
16,7,0,0,16070000,,Гололед,,,,Гололед на проезжей части ,Гололед на проезжей части/тротуаре,AUTOROADS,,,,,,,,,,,,Травма,,,,,,,,,,,,Карточка-112,,,,Карточка-112,,Карточка-112,,,,,,,,,,,,Гололед на проезжей части/тротуаре,,,,карточка-112,,,,,,,,,,,,,,,,карточка-112,карточка-112,карточка-112,,,,,,,карточка-112,,,,,,,,,,,,,,,,,,,,
16,8,1,0,16080100,,Снег неубранный,"На обочинах, На проезжей части",,,"На обочинах, проезжей части снег",Снеговые кучи на обочинах,AUTOROADS,,,,,,,,,,,,Травма,,,,,,,,,,,,Карточка-112,,,,Карточка-112,,,,,,,,,,,,,,Снеговые кучи на обочинах,,,,карточка-112,,,,,,,,,,,,,,,,карточка-112,карточка-112,карточка-112,,,,,,,карточка-112,,,,,,,,,,,,,,,,,,,,
16,8,2,0,16080200,,Снег неубранный,На остановках общественного транспорта,,,На остановках снег,Неубранный снег на остановке,AUTOROADS,,,,,,,,,,,,Травма,,,,,,,,,,,,Карточка-112,,,Карточка-112,Карточка-112,,,,,,,,,,,,,,Неубранный снег на остановке,,,,карточка-112,,,,,,,,,,,,,,,,карточка-112,карточка-112,карточка-112,,,,,,,карточка-112,,,,,,,,,,,,,,,,,,,,
16,8,3,0,16080300,,Снег неубранный,"В парковочных ""карманах""",,,В парковочных карманах снег,Неочищенные от снега парковочные карманы на проезжей части,AUTOROADS,,,,,,,,,,,,Травма,,,,,,,,,,,,Карточка-112,,,,Карточка-112,,,,,,,,,,,,,,Неочищенные от снега парковочные карманы на проезжей части,,,,карточка-112,,,,,,,,,,,,,,,,карточка-112,карточка-112,карточка-112,,,,,,,карточка-112,,,,,,,,,,,,,,,,,,,,
16,9,0,0,16090000,,Туман,,,В: 50 м и менее,Консультация - туман,,MCHS,прочие происшествия,,прочие происшествия,,,,,,,,,,,,,,,,,,,,,,,,,,,,,,,,,,,,,,,,,,,,,,,,,,,,,,,,,,,карточка-112,карточка-112,,,,,,,,карточка-112,,,,,,,,,,,,,,,,,,,,
16,10,0,0,16100000,,"Просадка, повреждение дорожного покрытия, сянт асфальт",,,,"Повреждение дорожного покрытия (ямы, выступы)",Ямы/выступы на проезжей части/тротуаре,AUTOROADS,,,,,,,,,,Прочее,,Травма,,,,,,,,,,,,Карточка-112,,,карточка-112,карточка-112,,карточка-112,,,,,,,,,,,,Ямы/выступы на проезжей части/тротуаре,,,,карточка-112,,,,,,,,,,,,,,,,карточка-112,карточка-112,карточка-112,,,,,,,карточка-112,карточка-112,,,,,,,,,карточка -112,,,,,,,,,,
16,11,1,0,16110100,,Провал грунта яма,До 2х2 метров,,,Проезжая часть - провал,Провал на проезжей части,AUTOROADS,,,,,,,,,Аварии в городском хозяйстве,Аварии в городском хозяйстве,,Травма,,,,,,,,,,,,Карточка-112,,,карточка-112,карточка-112,,карточка-112,,,,,,,Провал на проезжей части,Карточка-112,Карточка-112,,,Провал на проезжей части,,,,карточка-112,карточка-112,,,,,,карточка-112,,,,,,,,,карточка-112,карточка-112,карточка-112,,,,,,,карточка-112,карточка-112,,,,Проезжая часть - провал,карточка-112,карточка-112,,,карточка -112,,,,,Карточка-112,,,,,
16,11,2,0,16110200,,Провал грунта яма,Более 2х2 метров ,,,Проезжая часть - провал более 2*2 метров,Провал грунта (более 2х2 метров или с разрушением коммуникаций),MCHS,,,Провалы грунта,,,,,,Аварии в городском хозяйстве,Аварии в городском хозяйстве,,Травма,,Провал,,,карточка-112,карточка-112,карточка-112,карточка-112,,,,Карточка-112,,,карточка-112,Карточка-112,,карточка-112,,,,карточка-112,,,Провал на проезжей части,Карточка-112,Карточка-112,Карточка-112,,Провал грунта (более 2х2 метров или с разрушением коммуникаций),,,,карточка-112,карточка-112,,,,,карточка -112,Карточка-112,,,,,,,,,карточка-112,карточка-112,карточка-112,,,,,,,карточка-112,карточка-112,,,,Проезжая часть - провал более 2*2 метров,карточка-112,карточка-112,,,карточка -112,карточка-112,,,,Карточка-112,,,,,
16,11,3,0,16110300,,Провал грунта яма,Коммуникации разрушение повреждение ,,,Проезжая часть - провал с разрушением коммуникаций,Провал грунта (более 2х2 метров или с разрушением коммуникаций),MCHS,,,Провалы грунта,,,,,,Аварии в городском хозяйстве,Аварии в городском хозяйстве,,Травма,,Провал,,,карточка-112,карточка-112,карточка-112,карточка-112,,,,Карточка-112,,,карточка-112,Карточка-112,,карточка-112,,,,,,,Провал на проезжей части,Карточка-112,Карточка-112,Карточка-112,,Провал грунта (более 2х2 метров или с разрушением коммуникаций),,,,карточка-112,карточка-112,,,,,,Карточка-112,,,,,,,,,карточка-112,карточка-112,карточка-112,,,,,,,карточка-112,карточка-112,,,,Проезжая часть - провал с разрушением коммуникаций,карточка-112,карточка-112,,,карточка -112,карточка-112,,,,Карточка-112,,,,,
16,11,4,0,16110400,,Провал грунта яма,Вода фонтан,,,Проезжая часть - провал фонтан воды,Провал грунта (более 2х2 метров или с разрушением коммуникаций),,Провалы грунта,,Провалы грунта,,,,,,Аварии в городском хозяйстве,Аварии в городском хозяйстве,,Травма,,Провал,,,карточка-112,карточка-112,карточка-112,карточка-112,,,,Карточка-112,,,карточка-112,Карточка-112,,карточка-112,,,,,,,Провал на проезжей части,Карточка-112,,,,Провал грунта (более 2х2 метров или с разрушением коммуникаций),,,,карточка-112,карточка-112,,,,,карточка -112,Карточка-112,,,,,,,,,карточка-112,карточка-112,карточка-112,,,,,,,карточка-112,карточка-112,,,,,,карточка-112,,,карточка -112,карточка-112,,,,,,,,,
16,11,5,0,16110500,,Провал грунта яма,Вода вытекает,,,Проезжая часть - провал утечка воды,Промоина,,Провалы грунта,,Провалы грунта,,,,,,Аварии в городском хозяйстве,Аварии в городском хозяйстве,,Травма,,Провал,,,карточка-112,карточка-112,карточка-112,карточка-112,,,,Карточка-112,,,карточка-112,Карточка-112,,карточка-112,,,,,,,Провал на проезжей части,Карточка-112,,,,Провал грунта (более 2х2 метров или с разрушением коммуникаций),,,,карточка-112,карточка-112,,,,,,,,,,,,,,,карточка-112,карточка-112,карточка-112,,,,,,,карточка-112,карточка-112,,,,,,,,,карточка -112,карточка-112,,,,,,,,,
16,12,0,0,16120000,,Подтопление,,,,Проезжая часть - подтопление,Подтопление проезжей части,,,Подтопление зданий и сооружений,,,,,,,,Аварии в городском хозяйстве,,Травма,,,,,,,,,,,,карточка-112,,,карточка-112,Карточка-112,,карточка-112,,,,,,,ПОДТОПЛЕНИЕ,карточка-112,,,,Подтопление проезжей части,,,,карточка-112,карточка-112,,,,,,карточка-112,,,,,,,,,карточка-112,карточка-112,карточка-112,,,,,,,карточка-112,,,,,,,,,,карточка -112,,,,,,,,,,
16,13,0,0,16130000,,Светофор неисправен,,,"В: на черном, на радуге, на желтом, на зеленом, сбит режим","Светофор (не работает, поврежден)",Не работает светофор ,ZODD,,,,,,,,,,,,Травма,,,,,,,,,,,,,карточка-112,,,,,,,,,,,,,,,,,Не работает светофор ,,,,карточка-112,,,,,,,,,,,,,,,,,,,,,,,,,карточка-112,,,,,,,карточка-112,,,,,,,,,,,,,
16,14,0,0,16140000,,Дорожный знак,,,В: упал не виден испорчен,Дорожный знак поврежден,Нечитаемые дорожные знаки,AUTOROADS,,,,,,,,,,,,Травма,,,,,,,,,,,,Карточка-112,,,,,,,,,,,,,,,,,,Нечитаемые дорожные знаки,,,,карточка-112,,,,,,,,,,,,,,,,,карточка-112,карточка-112,,,,,,,карточка-112,,,,,,,,,,,,,,,,,,,,
16,15,0,0,16150000,,Дорожная разметка стерта,,,,Дорожная разметка стерта,Стертая дорожная разметка,AUTOROADS,,,,,,,,,,,,Травма,,,,,,,,,,,,Карточка-112,,,,,,,,,,,,,,,,,,Стертая дорожная разметка,,,,карточка-112,,,,,,,,,,,,,,,,,карточка-112,карточка-112,,,,,,,карточка-112,,,,,,,,,,,,,,,,,,,,
16,16,0,0,16160000,,Транспорт скопление,,,,Скопление транспорта,Помеха движению общественного транспорта (прочее),,,,,,,,,,,,,,,,,,,,,,,,,,,,Карточка-112,,,,,,,,,,,,,,,Помеха движению общественного транспорта (прочее),,,,карточка-112,,,,,,,,,,,,,,,,,,,,,,,,,карточка-112,,,,,,,карточка-112,,,,,,,,,,,,,
16,17,0,0,16170000,,Пробка затруднение движения,,,,Консультация - дорожная пробка,,,,,,,,,,,,,,,,,,,,,,,,,,,,,Карточка-112,,,,,,,,,,,,,,,,,,,,,,,,,,,,,,,,,,,,,,,,,,,,карточка-112,,,,,,,,,,,,,,,,,,,,
16,18,0,0,16180000,,Животное,,,,Проезжая часть - животное,Посторонний предмет на проезжей части,,,,,,,,,,,,,,,,,,,,,,,,,,,,Карточка-112,,,,,,,,,,,,,,,Посторонний предмет на проезжей части,,,,карточка-112,,,,,,,,,,,,,,,,,,,,,,,,,карточка-112,,,,,,,,,,,,,,,,,,,,
16,19,0,0,16190000,,Труп животного,,,,Труп животного на проезжей части,Посторонний предмет на проезжей части,,,,,,,,,,,,,,,,,,,,,,,,,карточка-112,,,Карточка-112,,,,,,,,,,,,,,,Посторонний предмет на проезжей части,,,,карточка-112,,,,,,,,,,,,,,,,карточка-112,карточка-112,карточка-112,,,,,,,карточка-112,,,,,,,,,,,,,,,,,,,,
16,19,1,0,16190100,,Труп животного,Крупное животное,,,Труп крупного животного на проезжей части,Посторонний предмет на проезжей части,AUTOROADS,,,,,,,,Прочее,,,,,,,,,,,,,,,,карточка-112,,,Карточка-112,,,,,,,,,,,,,,,Посторонний предмет на проезжей части,,,,карточка-112,,,,,,,,,,,,,,,,карточка-112,карточка-112,карточка-112,,,,,,,карточка-112,,,,,,,,,,,,,,,,,,,,
16,20,0,0,16200000,,Прочие помехи,,,,Прочие помехи на проезжей части,Посторонний предмет на проезжей части,AUTOROADS,,,,,,,,,Прочее,Прочее,,,,,,,,,,,,,,карточка-112,,,Карточка-112,,,,,,,,,,,,,,,Посторонний предмет на проезжей части,,,,карточка-112,,,,,,,,,,,,,,,,,карточка-112,карточка-112,,,,,,,карточка-112,,,,,,,,,,карточка -112,,,,,,,,,,
16,21,0,0,16210000,,Автомашина Опасный груз,,,,Помеха - опасный груз,МЧС: Прочие происшествия,,Прочие происшествия,,,,,,,,,,,,,,,,,,,,,,,,,,,,,,,,,,,,,,,,,,,,,,,,,,,,,,,,,,,,,карточка-112,карточка-112,,,,,,,,карточка-112,карточка-112,,,,,,карточка-112,,,,,,,,,,,,,
,,,,17,Человек в опасности,,,,,,,,,,,,,,,,,,,,,,,,,,,,,,,,,,,,,,,,,,,,,,,,,,,,,,,,,,,,,,,,,,,,,,,,,,,,,,,,,,,,,,,,,,,,,,,,,,
17,1,1,0,17010100,Человек в опасности,Человек в опасности,Человек лежит,,,Лежит человек,Лежит человек,Police,,,,,,Прочие происшествия,,Лежит человек,,,Плохо,Плохо,,,,,,,,,,,,,,,,,,,,,,,,,,,,,,,,,Человек в опасности,карточка-112,,,,,,,,,,,,,,,карточка-112,,,,,,,,карточка-112,,карточка-112,,,,,,,,,,,,,,,,,,,,
17,1,2,0,17010200,,Человек в опасности,Человек в крови,,,Человек в крови,Человек в крови,Police,,,,,,Прочие происшествия,,Человек в крови,,,Кровотечение,Кровотечение,,,,,,,,,,,,,,,,,,,,,,,,,,,,,,,,,Человек в опасности,карточка-112,,,,,,,,,,,,,,,карточка-112,,,,,,,,карточка-112,,карточка-112,карточка-112,,,,,,карточка-112,,,,,,,,,,,,,
17,1,3,0,17010300,,Человек в опасности,"Человек избит, нанесение телесных повреждений",,,Нанесение телесных повреждений,Нанесение телесных повреждений,Police,,,,,,Прочие происшествия,,Нанесение телесных повреждений,,,Травма,Травма,,,,,,Карточка-112,,,,,,,,,,,,,,,,,Карточка-112,,,,,,,,,Нарушение правопорядка,Человек в опасности,карточка-112,,,,,,,,,,,,,,,карточка-112,,,,,,,,карточка-112,,карточка-112,карточка-112,,,,,,карточка-112,,,,,,,,,,,,,
17,1,4,0,17010400,,Человек в опасности,Ранение огнестрельное,,,Огнестрельное ранение,Огнестрельное ранение,Police,,,,,,Прочие происшествия,,Огнестрельное ранение,,,Огнестрельное ранение,Огнестрельное ранение,,,,,,,,,карточка-112,,,,,,,,,,,,,,Карточка-112,,,,,,,,,Нарушение правопорядка,Человек в опасности,карточка-112,,,,,,,,,,,,,,,карточка-112,,,,,,,,карточка-112,,карточка-112,карточка-112,,,,,,карточка-112,,,,,,,,,,,,,
17,1,5,0,17010500,,Человек в опасности,Ранение ножевое,,,Ножевое ранение,Ножевое ранение,Police,,,,,,Прочие происшествия,,Ножевое ранение,,,Ножевое ранение,Ножевое ранение,,,,,,,,,,,,,,,,,,,,,,,Карточка-112,,,,,,,,,Нарушение правопорядка,Человек в опасности,карточка-112,,,,,,,,,,,,,,,карточка-112,,,,,,,,карточка-112,,карточка-112,карточка-112,,,,,,карточка-112,,,,,,,,,,,,,
17,1,6,0,17010600,,Человек в опасности,Прочее ранение,,,Ранение,Ножевое ранение,Police,,,,,,Прочие происшествия,,Ножевое ранение,,,Ножевое ранение,Ножевое ранение,,,,,,,,,,,,,,,,,,,,,,,Карточка-112,,,,,,,,,Нарушение правопорядка,Человек в опасности,карточка-112,,,,,,,,,,,,,,,карточка-112,,,,,,,,карточка-112,,карточка-112,карточка-112,,,,,,карточка-112,,,,,,,,,,,,,
17,1,7,0,17010700,,Человек в опасности,Изнасилование,,,Изнасилование,Изнасилование,Police,,,,,,Прочие происшествия,,Изнасилование,,,,Травма,,,,,,,,,,,,,,,,,,,,,,,,,,,,,,,,Нарушение правопорядка,Человек в опасности,карточка-112,,,,,,,,,,,,,,,карточка-112,,,,,,,,карточка-112,,карточка-112,карточка-112,,,,,,,,,,,,,,,,,,,
17,1,8,0,17010800,,Человек в опасности,Человек кричит о помощи,,,Крики о помощи,Крики о помощи,Police,,,,,,Вскрытие дверей при помощи службам города,,Крики о помощи,,,,Травма,,,,,,,,,,,,,,,,,,,,,,,,,,,,,,,,,Человек в опасности,карточка-112,,,,,,,,,,,,,,,карточка-112,,,,,,,,карточка-112,,карточка-112,карточка-112,,,,,,карточка-112,,,,,,,,,,,,,
17,1,9,0,17010900,,Человек в опасности,Человека насильно удерживают,,,Насильно удерживают,Насильно удерживают,Police,,,,,,Вскрытие дверей и конструкций (прочее),,Насильно удерживают,,,,Травма,,,,,,,,,,,,,,,,,,,,,,,,,,,,,,,,,Человек в опасности,карточка-112,,,,,,,,,,,,,,,карточка-112,,,,,,,,карточка-112,,карточка-112,карточка-112,,,,,,,,,,,,,,,,,,,
17,1,10,0,17011000,,Человек в опасности,Человеку угрожают убийством,,,Угрожают убийством,Угроза убийством,Police,,,,,,Прочие происшествия,,Угроза убийством,,,,Травма,,,,,,,,,,,,,,,,,,,,,,,,,,,,,,,,,Человек в опасности,карточка-112,,,,,,,,,,,,,,,карточка-112,,,,,,,,карточка-112,,карточка-112,карточка-112,,,,,,карточка-112,,,,,,,,,,,,,
17,1,11,0,17011100,,Человек в опасности,"Прочие опасности ( высоте делает селфи, ""зацеперы"", летел на воздушном шаре и зацепился за дерево и т.д.)",,,Человек прочие опасности,НЕТ в ЕКП -предложить МРГ внести новый тип происшествия в существующий ЕКП,Police,,,,Прочие происшествия,Прочие происшествия,Прочие происшествия,,Прочее,,,,Травма,,,,,,,,,,,,,,,,,,,,,,,,,,,,,,,,,Человек в опасности,,,,,,,,,,,,,,,,,,,,,,,,карточка-112,,карточка-112,карточка-112,,,,,,карточка-112,,,,,,,,,,,,,
17,2,1,1,17020101,Пропал найден похищен человек,Пропал / найден / похищен,Заблудился в лесу в большом парке ,Несовершеннолетний (до 18 лет),,Поиск в лесу (несовершеннолетний),"Потерялся, пропал несовершеннолетний ",MCHS,Проведение работ в лесопарковой зоне,,Проведение работ в лесопарковой зоне,,,,,"Потерялся, пропал несовершеннолетний",,,,Травма,,,,,,,,,,,,,,,,,,,,,,,,,,,,,,,,,,карточка-112,,,,,,,,,,,,,,,карточка-112,,,,,,,,карточка-112,,карточка-112,,,,,,,,,,,,,,,,,,,,
17,2,1,2,17020102,,Пропал / найден / похищен,Заблудился в лесу в большом парке ,"Недееспособный (пожилой, инвалид, потеря памяти)",,Поиск в лесу (недееспособный),"Потерялся, пропал несовершеннолетний ",MCHS,Проведение работ в лесопарковой зоне,,Проведение работ в лесопарковой зоне,,,,,"Потерялся, пропал человек",,,,Травма,,,,,,,,,,,,,,,,,,,,,,,,,,,,,,,,,,карточка-112,,,,,,,,,,,,,,,карточка-112,,,,,,,,карточка-112,,карточка-112,,,,,,,,,,,,,,,,,,,,
17,2,1,3,17020103,,Пропал / найден / похищен,Заблудился в лесу в большом парке ,Взрослый,,Поиск в лесу,"Потерялся, пропал человек",MCHS,Проведение работ в лесопарковой зоне,,Проведение работ в лесопарковой зоне,,,,,"Потерялся, пропал человек",,,,Травма,,,,,,,,,,,,,,,,,,,,,,,,,,,,,,,,,,,,,,,,,,,,,,,,,,,,,,,,,карточка-112,,карточка-112,,,,,,,,,,,,,,,,,,,,
17,2,2,1,17020201,,Пропал / найден / похищен,Потерялся (пропал),Несовершеннолетний (до 18 лет),,Пропал человек (несовершеннолетний),"Потерялся, пропал несовершеннолетний ",Police,,,,,,,,"Потерялся, пропал несовершеннолетний",,,,Травма,,,,,,,,,,,,,,,,,,,,,,,,,,,,,,,,,,карточка-112,,,,,,,,,,,,,,,карточка-112,,,,,,,,карточка-112,,карточка-112,,,,,,,,,,,,,,,,,,,,
17,2,2,2,17020202,,Пропал / найден / похищен,Потерялся (пропал),"Недееспособный (пожилой, инвалид, потеря памяти)",,Пропал человек (недееспособный),"Потерялся, пропал несовершеннолетний ",Police,,,,,,,,"Потерялся, пропал человек",,,,Травма,,,,,,,,,,,,,,,,,,,,,,,,,,,,,,,,,,карточка-112,,,,,,,,,,,,,,,карточка-112,,,,,,,,карточка-112,,карточка-112,,,,,,,,,,,,,,,,,,,,
17,2,2,3,17020203,,Пропал / найден / похищен,Потерялся (пропал),Взрослый,,Пропал человек,"Потерялся, пропал человек",Police,,,,,,,,"Потерялся, пропал человек",,,,Травма,,,,,,,,,,,,,,,,,,,,,,,,,,,,,,,,,,,,,,,,,,,,,,,,,,,,,,,,,карточка-112,,карточка-112,,,,,,,,,,,,,,,,,,,,
17,2,3,0,17020300,,Пропал / найден / похищен,"Найден недееспособный (пожилой, инвалид, потеря памяти)",,,"Найден недееспособный (пожилой, инвалид)","Потерялся, пропал человек",Police,,,,,,,,"Потерялся, пропал человек",,,,Плохо,,,,,,,,,,,,,,,,,,,,,,,,,,,,,,,,,,,,,,,,,,,,,,,,,,,,,,,,,карточка-112,,карточка-112,,,,,,,,,,,,,,,,,,,,
17,2,4,0,17020400,,Пропал / найден / похищен,найден ребенок без сопровождения взрослых,,,Найден беспризорный,Беспризорный,Police,,,,,,,,"Потерялся, пропал несовершеннолетний",,,,Беспризорный,,,,,,,,,,,,,,,,,,,,,,,,,,,,,,,,,,,,,,,,,,,,,,,,,,карточка-112,карточка-112,,,,,,карточка-112,,карточка-112,,,,,,,,,,,,,,,,,,,,
17,2,5,0,17020500,,Пропал / найден / похищен,Младенец найден,,,Найден младенец,Беспризорный,Police,,,,,,,,"Потерялся, пропал несовершеннолетний",,,Беспризорный,Беспризорный,,,,,,,,,,,,,,,,,,,,,,,,,,,,,,,,,,,,,,,,,,,,,,,,,,карточка-112,карточка-112,,,,,,карточка-112,,карточка-112,,,,,,,,,,,,,,,,,,,,
17,2,6,0,17020600,,Пропал / найден / похищен,Похищен несовершеннолетний (до 18 лет),,,Похищен ребенок,Похищение человека,Police,,,,,,,,Похищение человека,,,,,,,,,,,,,,,,,,,,,,,,,,,,,,,,,,,,Нарушение правопорядка,Человек в опасности,карточка-112,,,,,,,,,,,,,,,карточка-112,,,,,,,,карточка-112,,карточка-112,карточка-112,,,,,,,,,,,,,,,,,,,
17,2,6,1,17020601,,Пропал / найден / похищен,Похищен несовершеннолетний (до 18 лет),Скрылись на автомашине,,"Похищен ребенок, скрылись на автомашине","Похищение человека, скрылись на автомашине",Police,,,,,,,,"Похищение человека, скрылись на автотранспортном средстве",,,,,,,,,,,,,,,,,,,,,,,,,,,,,,,,,,"Похищение человека, скрылись на автомашине",,Нарушение правопорядка,Человек в опасности,карточка-112,,,,,,,,,,,,,,,карточка-112,,,,,,,,карточка-112,,карточка-112,карточка-112,,,,,,карточка-112,,,,,,,,,,,,,
17,2,7,0,17020700,,Пропал / найден / похищен,Похищен взрослый,,,Похищен человек,Похищение человека,Police,,,,,,,,Похищение человека,,,,,,,,,,,,,,,,,,,,,,,,,,,,,,,,,,,,Нарушение правопорядка,Человек в опасности,карточка-112,,,,,,,,,,,,,,,карточка-112,,,,,,,,карточка-112,,карточка-112,карточка-112,,,,,,,,,,,,,,,,,,,
17,2,7,1,17020701,,Пропал / найден / похищен,Похищен взрослый,Скрылись на автомашине,,"Похищен человек, скрылись на автомашине","Похищение человека, скрылись на автомашине",Police,,,,,,,,"Похищение человека, скрылись на автотранспортном средстве",,,,,,,,,,,,,,,,,,,,,,,,,,,,,,,,,,"Похищение человека, скрылись на автомашине",,Нарушение правопорядка,Человек в опасности,карточка-112,,,,,,,,,,,,,,,карточка-112,,,,,,,,карточка-112,,карточка-112,карточка-112,,,,,,карточка-112,,,,,,,,,,,,,
17,3,1,0,17030100,Похищение человека,Похищение,Взрослый,,,Похищение человека,Похищение человека,Police,,,,,,,,Похищение человека,,,,,,,,,,,,,,,,,,,,,,,,,,,,,,,,,,,,Нарушение правопорядка,Человек в опасности,карточка-112,,,,,,,,,,,,,,,карточка-112,,,,,,,,карточка-112,,карточка-112,карточка-112,,,,,,,,,,,,,,,,,,,
17,3,1,1,17030101,,Похищение,Взрослый,Скрылись на автомашине,,"Похищение человека, скрылись на автомашине","Похищение человека, скрылись на автомашине",Police,,,,,,,,"Похищение человека, скрылись на автотранспортном средстве",,,,,,,,,,,,,,,,,,,,,,,,,,,,,,,,,,"Похищение человека, скрылись на автомашине",,Нарушение правопорядка,Человек в опасности,карточка-112,,,,,,,,,,,,,,,карточка-112,,,,,,,,карточка-112,,карточка-112,карточка-112,,,,,,карточка-112,,,,,,,,,,,,,
17,3,2,0,17030200,,Похищение,Несовершеннолетний (до 18 лет),,,Похищение ребенка,Похищение человека,Police,,,,,,,,Похищение человека,,,,,,,,,,,,,,,,,,,,,,,,,,,,,,,,,,,,Нарушение правопорядка,Человек в опасности,карточка-112,,,,,,,,,,,,,,,карточка-112,,,,,,,,карточка-112,,карточка-112,карточка-112,,,,,,,,,,,,,,,,,,,
17,3,2,1,17030201,,Похищение,Несовершеннолетний (до 18 лет),Скрылись на автомашине,,"Похищение ребенка, скрылись на автомашине","Похищение человека, скрылись на автомашине",Police,,,,,,,,"Похищение человека, скрылись на автотранспортном средстве",,,,,,,,,,,,,,,,,,,,,,,,,,,,,,,,,,"Похищение человека, скрылись на автомашине",,Нарушение правопорядка,Человек в опасности,карточка-112,,,,,,,,,,,,,,,карточка-112,,,,,,,,карточка-112,,карточка-112,карточка-112,,,,,,карточка-112,,,,,,,,,,,,,
17,4,1,0,17040100,"Падение с высоты, в люки, колодцы, на рельсы",Падение,Падение человека с высоты (из окна с балкона на стройке в котлован на производстве ),,"Из окна, с балкона / На стройке / В котлован / На производстве; ",Падение с высоты,Падение с высоты,Police,,Падение с высоты,,,,Падение с высоты,,Падение с высоты,,,Падение с высоты,Падение с высоты,,,,,,Карточка-112,Карточка-112,,,,,,,,,,,,,,,,Карточка-112,,,,,,,,,,,карточка-112,,,,,,карточка -112,,,,,,,,,,карточка-112,карточка-112,,,карточка-112,,,карточка-112,,карточка-112,,,,,Падение с высоты,карточка-112,,,,,,,,,Карточка-112,,,,,
17,4,2,0,17040200,,падение,Падение человека (в люки шахты колодцы подземные коммуникации),,,"Падение в люк (колодец, шахту)","Падение в люки, шахты ",MCHS,"Падение людей в колодцы, люки",,"Падение людей в колодцы, люки",,,,,Падение с высоты,,,Падение с высоты,Падение с высоты,,Открыт колодец,,,,Карточка-112,Карточка-112,,,,,,,,,,,,,,,Карточка-112,Карточка-112,,Открыт колодец,Карточка-112,Карточка-112,Карточка-112,,"Падение в люки, шахты",,,,карточка-112,Карточка-112,,,,,карточка -112,Карточка-112,,,,,,,,,карточка-112,карточка-112,,,карточка-112,,,карточка-112,,карточка-112,,,,,"Падение в люк (колодец, шахту)",карточка-112,,,,,,,,,Карточка-112,,,,,
17,4,3,0,17040300,,падение,Падение человека  на рельсы метро,,,Падение на рельсы метро,Прочее,AMBULANCE,,Падение с высоты,,,,Падение с высоты,,Прочее,,,Травма,Травма,,,,,,Карточка-112,Карточка-112,,карточка-112,,,,,,,,,,,,,,Карточка-112,Карточка-112,,,,,,Авария на метрополитене,,,,,,,,,,,,,,,,,,,,,,,,,,,карточка-112,,карточка-112,карточка-112,,,,,,карточка-112,,,,,,,,,,,,,
17,4,4,0,17040400,,падение,Падение человека  на рельсы МЦК,,,Падение на рельсы МЦК,Прочее,AMBULANCE,,Падение с высоты,,,,Падение с высоты,,Прочее,,,Травма,Травма,,,,,,Карточка-112,Карточка-112,,карточка-112,,,,,,,,,,,,,,Карточка-112,Карточка-112,,,,,,Авария на метрополитене,,,,,,Карточка-112,,,,,,,,,,,,,,,,,,,,,карточка-112,,карточка-112,карточка-112,,,,,,карточка-112,,,,,,,,,,,,,
17,4,5,0,17040500,,падение,Падение человека  на рельсы ж/д,,,Падение на рельсы жд,Прочее,,,Падение с высоты,,,,Падение с высоты,,Прочее,,,Травма,Травма,,,,,,Карточка-112,Карточка-112,,карточка-112,,,,,,,,,,,,,,Карточка-112,,,,,,,Авария на метрополитене,,,,,,Карточка-112,,,,,,,,,,,,,,,,,,,,,карточка-112,,карточка-112,карточка-112,,,,,,карточка-112,,,,,,,,,,,,,
17,4,6,0,17040600,,падение,Падение с моста в воду,,,Падение с моста в воду,Падение человека в воду,Police,Спасение утопающих,,Спасение утопающих,,,,Спасение утопающих                        ,Человек в водоеме,,,Падение с высоты,Падение с высоты,,,,,,Карточка-112,Карточка-112,,,,,,,,,,Карточка-112,,,,,,,,,,,,,Падение человека в воду,,,,,,,,,,,,,,,,,,,,,,,,,,,карточка-112,,карточка-112,карточка-112,,,,,,карточка-112,,,,,,,,,,,,,
17,4,7,0,17040700,,Падение,Падение с моста на проезжую часть,,,Падение с моста на проезжую часть,Падение с высоты,MCHS,,Падение с высоты,,,,Падение с высоты,,Падение с высоты,,,Падение с высоты,Падение с высоты,,,,,,Карточка-112,Карточка-112,,,,,,,,,,,,,,,,Карточка-112,,,,,,,Падение с высоты,,,,карточка-112,,,,,,,,,,,,,,,,,,,,,,,карточка-112,,карточка-112,карточка-112,,,,,,карточка-112,,,,,,,,,,,,,
17,4,8,0,17040800,,Падение,Падение с моста наземлю,,,Падение с моста на землю,Падение с высоты,Police,,Падение с высоты,,,,Падение с высоты,,Падение с высоты,,,Падение с высоты,Падение с высоты,,,,,,Карточка-112,Карточка-112,,,,,,,,,,,,,,,,Карточка-112,,,,,,,,,,,карточка-112,,,,,,,,,,,,,,,,,,,,карточка-112,,,карточка-112,,карточка-112,карточка-112,,,,,,карточка-112,,,,,,,,,,,,,
17,4,9,0,17040900,,Падение,Человек сбит поездом: Метро,,,Сбит поездом метро,Поездная,AMBULANCE,,Прочие происшествия,,,,Прочие происшествия,,Прочее,,,Поездная,Поездная,,,,,,Карточка-112,Карточка-112,,карточка-112,,,,,,,,,,,,,,,Карточка-112,,,,,,Авария на метрополитене,,,,карточка-112,,,,,,,,,,,,,,,,,,,,,,,карточка-112,,карточка-112,карточка-112,,,,,,карточка-112,,,,,,,,,,,,,
17,4,10,0,17041000,,Падение,Человек сбит поездом: МЦК,,,Сбит поездом МЦК,Поездная,AMBULANCE,,Прочие происшествия,,,,Прочие происшествия,,Прочее,,,Поездная,Поездная,,,,,,Карточка-112,Карточка-112,,карточка-112,,,,,,,,,,,,,,,Карточка-112,,,,,,Авария на метрополитене,,,,карточка-112,,Карточка-112,,,,,,,,,,,,,,,,,,,,,карточка-112,,карточка-112,карточка-112,,,,,,карточка-112,,,,,,,,,,,,,
17,4,11,0,17041100,,Падение,Человек сбит поездом: ж/д,,,Сбит поездом жд,Поездная,AMBULANCE,,Прочие происшествия,,,,Прочие происшествия,,Прочее,,,Поездная,Поездная,,,,,,Карточка-112,Карточка-112,,,,,,,,,,,,,,,,,,,,,,,Авария на метрополитене,,,,карточка-112,,Карточка-112,,,,,,,,,,,,,,,,,,,,,карточка-112,,карточка-112,карточка-112,,,,,,карточка-112,,,,,,,,,,,,,
17,4,12,0,17041200,,Падение,"Угроза падения с высоты ( на высоте делает селфи, летел на воздушном шаре и зацепился за дерево и т.д.)",,Дети (до 18 лет),Угроза падения с высоты,НЕТ в ЕКП -предложить МРГ внести новый тип происшествия в существующий ЕКП,Police,,,,Прочие происшествия,Прочие происшествия,Прочие происшествия,,Прочее,,,,Падение с высоты,,,,,,,,,,,,,,,,,,,,,,,,,,,,,,,,,,,,,,,,,,,,,,,,,,,,,,,,,карточка-112,,карточка-112,,,,,,,,,,,,,,,,,,,,
17,4,13,0,17041300,,Падение,"Угроза падения на рельсы ( ""зацеперы"")",,Дети (до 18 лет),Угроза падения на рельсы,НЕТ в ЕКП -предложить МРГ внести новый тип происшествия в существующий ЕКП,,,,,Прочие происшествия,Прочие происшествия,Прочие происшествия,,Прочее,,,,Поездная,,,,,,,,,,,,,,,,,,,,,,,,Карточка-112,,,,,,,,,,,,карточка-112,,,,,,,,,,,,,,,,,,,,,карточка-112,,карточка-112,,,,,,,,,,,,,,,,,,,,
17,5,1,0,17050100,Поездная травма,Поездная,Метро,,,Поездная травма - метро,Поездная,AMBULANCE,,Прочие происшествия,,,,Прочие происшествия,,Прочее,,,Поездная,Поездная,,,,,,Карточка-112,Карточка-112,,,,,,,,,,,,,,,,,Карточка-112,,,,,,Поездная,,,,карточка-112,,,,,,,,,,,,,,,,,,,,,,,карточка-112,,карточка-112,карточка-112,,,,,,,,,,,,,,,,,,,
17,5,2,0,17050200,,Поездная,МЦК,,,Поездная травма - МЦК,Поездная,AMBULANCE,,Прочие происшествия,,,,Прочие происшествия,,Прочее,,,Поездная,Поездная,,,,,,Карточка-112,Карточка-112,,,,,,,,,,,,,,,,,Карточка-112,,,,,,Поездная,,,,карточка-112,,Карточка-112,,,,,,,,,,,,,,,,,,,,,карточка-112,,карточка-112,карточка-112,,,,,,,,,,,,,,,,,,,
17,5,3,0,17050300,,Поездная,Вокзал жд платформа жд станция жд пути жд,,,Поездная травма - жд,Поездная,AMBULANCE,,Прочие происшествия,,,,Прочие происшествия,,Прочее,,,Поездная,Поездная,,,,,,Карточка-112,Карточка-112,,,,,,,,,,,,,,,,,,,,,,,Поездная,,,,карточка-112,,Карточка-112,,,,,,,,,,,,,,,,,,,,,карточка-112,,карточка-112,карточка-112,,,,,,,,,,,,,,,,,,,
17,6,0,0,17060000,"Зажало, придавило","Зажало, придавило, завалило, застрял человек",,,взрослый ребенок человек (подробности не известны); квартира дом производство общественное место стройка прочее,Человека зажало придавило,Придавило,MCHS,Прочие происшествия,,Прочие происшествия,,,,,Прочее,,,Придавило (обрушение),Придавило (обрушение),,,,,,,,,,,,,,,,,,,,,,,,,,,,,,,,,,,,,,,,карточка -112,,,,,,,,,,,,,,карточка-112,,,карточка-112,,карточка-112,,,,,Человека зажало придавило,карточка-112,,,,,,,,,Карточка-112,,,,,
17,6,1,0,17060100,,"Зажало, придавило, завалило, застрял человек",подземные коммуникации,,,Человека зажало придавило (подземные коммуникации,Извлечение пострадавших из подземных коммуникаций,MCHS,Извлечение пострадавших из подземных коммуникаций,,Извлечение пострадавших из подземных коммуникаций,,,,,Прочее,,,Придавило (обрушение),Придавило (обрушение),,,,,,,,,,,,,,,,,,,,,,карточка-112,,,открыт колодец,карточка-112,карточка-112,карточка-112,,карточка-112,,,,карточка-112,карточка-112,,,,,карточка -112,карточка-112,,,,,,,,,карточка-112,карточка-112,,,карточка-112,,,карточка-112,,карточка-112,,,,,Человека зажало придавило (подземные коммуникации,карточка-112,,,,,,,,,Карточка-112,,,,,
17,7,1,0,17070100,"Тонет, на льдине","Человек в воде, на льдине",Человек на льдине,,,Человек на льдине,Спасение утопающих                        ,MCHS,Спасение утопающих,,Спасение утопающих,,,,Спасение утопающих                        ,Человек в водоеме,,,,Травма,,,,,карточка-112,карточка-112,карточка-112,карточка-112,,,,,,,,,,,,,,,,,,,,,,,,,,карточка-112,,,,,,,,,,,,,,,,,,,,,,,карточка-112,,карточка-112,,,,,,,карточка-112,,,,,,,,,,,,,
17,7,2,0,17070200,,"Человек в воде, на льдине",Человек тонет (в настоящее время),,,Тонет человек,Спасение утопающих                        ,MCHS,Спасение утопающих,,Спасение утопающих,,,,Спасение утопающих                        ,Человек в водоеме,,,Утонул,Утонул,,,,,карточка-112,карточка-112,карточка-112,карточка-112,,,,,,,,,,,,,,,,,,,,,,,,,,карточка-112,,,,,,,,,,,,,,,,карточка-112,карточка-112,,,,,,карточка-112,,карточка-112,,,,,,,карточка-112,,,,,,,,,,,,,
17,7,3,0,17070300,,"Человек в воде, на льдине",Человек утонул (ушел под воду и не выныривает),,,Утонул человек,Спасение утопающих                        ,MCHS,Спасение утопающих,,Спасение утопающих,,,,Спасение утопающих                        ,Человек в водоеме,,,Утонул,Утонул,,,,,карточка-112,карточка-112,карточка-112,карточка-112,,,,,,,,,,,,,,,,,,,,,,,,,,карточка-112,,,,,,,,,,,,,,,,карточка-112,карточка-112,,,,,,карточка-112,,карточка-112,карточка-112,,,,,,карточка-112,,,,,,,,,,,,,
17,7,4,0,17070400,,"Человек в воде, на льдине",Падение с моста прыгнул с моста,,,Прыгнул с моста в воду,Падение человека в воду,MCHS,Спасение утопающих,,Спасение утопающих,,,,Спасение утопающих                        ,Человек в водоеме,,,Утонул,Утонул,,,,,карточка-112,карточка-112,карточка-112,карточка-112,,,,,,,,,Карточка-112,,,,,,,,,,,,,,,,,карточка-112,,,,,,,,,,,,,,,,,,,,,,,карточка-112,,карточка-112,,,,,,,карточка-112,,,,,,,,,,,,,
17,7,5,0,17070500,,"Человек в воде, на льдине",Всплыл утопленник,,,Утопленник,Происшествия на воде:извлечение утопленников,MCHS,извлечение утопленников,,извлечение утопленников,,,,Происшествия на воде:извлечение утопленников,Труп в общественном месте/в водоеме,,,Констатация смерти,Констатация смерти,,,,,карточка-112,карточка-112,карточка-112,карточка-112,,карточка-112,,,,,,,,,,,,,,,,,,,,Происшествия на воде: извлечение утопленников,,,,карточка-112,,,,,,,,,,,,,,,,,,,,,,,карточка-112,,карточка-112,карточка-112,,,,,,карточка-112,,,,,,,,,,,,,
17,7,6,0,17070600,,"Человек в воде, на льдине",Части тела в воде,,,Части тела в воде,Происшествия на воде: извлечение фрагментов тела,MCHS,извлечение фрагментов тела,,извлечение фрагментов тела,,,,Происшествия на воде: извлечение фрагментов тела,Части тела человека,,,,,,,,,карточка-112,карточка-112,карточка-112,карточка-112,,,,,,,,,,,,,,,,,,,,,,Происшествия на воде: извлечение утопленников,,,,карточка-112,,,,,,,,,,,,,,,,,,,,,,,карточка-112,,карточка-112,карточка-112,,,,,,карточка-112,,,,,,,,,,,,,
17,7,7,0,17070700,,"Человек в воде, на льдине",Падение автомашины в воду,,,Падение автомашины в воду,Падение автомобиля в воду,MCHS,Извлечение транспортных средств,,Извлечение транспортных средств,,,,Падение автомобиля в воду,ДТП с пострадавшими,,,Авто,Авто,,,,,карточка-112,карточка-112,карточка-112,карточка-112,,,,,,,,,Карточка-112,,,,,,,,,,,,,Падение автомобиля в воду,,,,карточка-112,,,,,,карточка -112,,,,,,,,,,карточка-112,карточка-112,,,,,,карточка-112,,карточка-112,,,,,,,карточка-112,,,,,,,,,,,,,
17,8,1,0,17080100,Открыть дверь,"Открыть дверь, поднять с пола, перенести в скорую",Требуется медицинская помощь,,,Открыть дверь (требуется мед. помощь),Вскрытие дверей (требуется медицинская помощь),MCHS,,,Вскрытие дверей при помощи службам города,,,,,Помощь экстренным оперативным службам,,,МЧС вскрытие двери,МЧС вскрытие двери,,,,,,,,,,,,,,,,,,,,,,,,,,,,,,,,,,,,,,,,,,,,,,,,,,,,,,,,,карточка-112,,карточка-112,,,,,,,,,,,,,,,,,,,,
17,8,2,0,17080200,,"Открыть дверь, поднять с пола, перенести в скорую",Не подает признаков жизни,,,Открыть дверь (не подает признаков жизни),Вскрытие дверей (не подает признаков жизни),MCHS,,,Вскрытие дверей при подозрении на умершего,,,,,Помощь экстренным оперативным службам,,,МЧС вскрытие двери,МЧС вскрытие двери,,,,,,,,,,,,,,,,,,,,,,,,,,,,,,,,,,карточка-112,,,,,,,,,,,,,,,,карточка-112,карточка-112,,,,,,карточка-112,,карточка-112,,,,,,,,,,,,,,,,,,,,
17,8,3,0,17080300,,"Открыть дверь, поднять с пола, перенести в скорую",Трупный запах из-за двери,,,Открыть дверь (трупный запах), Трупный запах,MCHS,,,,,,Вскрытие дверей при подозрении на умершего,,Трупный запах,,,,,,,,,,,,,,,,,,,,Карточка-112,,,,,,,,,,,,,,,,,,карточка-112,,,,,,,,,,,,,карточка-112,,карточка-112,карточка-112,карточка-112,,,,,,карточка-112,,карточка-112,,,,,,,карточка-112,,,,,карточка-112,,,,,,,,
17,8,4,0,17080400,,"Открыть дверь, поднять с пола, перенести в скорую",До 7 лет - закрыт в квартире,,,Открыть дверь (ребенок),Вскрытие дверей (дети до 7 лет),MCHS,,,Вскрытие дверей социального характера,,,,,Прочее,,,,Плохо,,,,,,,,,,,,,,,,,,,,,,,,,,,,,,,,,,карточка-112,,,,,,,,,,,,,,,,,,,,,,,карточка-112,,карточка-112,,,,,,,,,,,,,,,,,,,,
17,8,5,0,17080500,,"Открыть дверь, поднять с пола, перенести в скорую",Взрослый или несовершеннолетний 8-18 лет,,,Открыть дверь (без ЧП),Нет в ЕКП,,,,,,,,,,,,,,,,,,,,,,,,,,,,,,,,,,,,,,,,,,,,,,,,,,,,,,,,,,,,,,,карточка-112,карточка-112,,,,,,карточка-112,,карточка-112,,,,,,,,,,,,,,,,,,,,
17,8,6,0,17080600,,"Открыть дверь, поднять с пола, перенести в скорую",Ребенок закрыт в машине,,,Открыть дверь (ребенок в машине),Вскрытие дверей (дети до 7 лет),MCHS,,,Вскрытие дверей социального характера,,,,,Прочее,,,,Плохо,,,,,,,,,,,,,,,,,,,,,,,,,,,,,,,,,,карточка-112,,,,,,,,,,,,,,,,,,,,,,,карточка-112,,карточка-112,,,,,,,,,,,,,,,,,,,,
17,8,7,0,17080700,,"Открыть дверь, поднять с пола, перенести в скорую","За дверью на плите готовится пища, включены электроприборы",,,За дверью на газовой плите готовится пища,Вскрытие дверей и конструкций (прочее),MCHS,,,пожар: квартира,,,,,,,,,Травма,,,,,,,,,,,,,,,,,,,,,,,,,,,,,,,,,,,,,,,,,,,,,,,,,,карточка-112,,,,,,,карточка-112,,карточка-112,,,,,,,,,,,,,,,,,,,,
17,8,8,0,17080800,,"Открыть дверь, поднять с пола, перенести в скорую",За дверью протечка воды,,,За дверью протечка воды,Вскрытие дверей и конструкций (прочее),,,,,,,,,,,,,Травма,,,,,,,,,,,,,,,,,,,,,,,,,,,,,,,,,,,,,,,,,,,,,,,,,,карточка-112,карточка-112,,,,,,карточка-112,,карточка-112,,,,,,,,,,,,,,,,,,,,
17,8,9,0,17080900,,"Открыть дверь, поднять с пола, перенести в скорую",Запах газа за дверью,,,Запах газа из закрытой квартиры,Запах газа из закрытой квартиры,MOSGAZ,Запах бытового газа,,Запах бытового газа,,,,,Помощь экстренным оперативным службам,,,,Отравление,,Запах газа из закрытой квартиры,,,,,,,,,Запах газа в квартире (выше 1 этажа),,,,,,,,,,,,,,,,,,,,,,,карточка-112,,,,,,,,,,,,,,,,карточка-112,карточка-112,,,,,,карточка-112,,карточка-112,карточка-112,,,,,,карточка-112,,,,,,,,,,,,,
17,8,10,0,17081000,,"Открыть дверь, поднять с пола, перенести в скорую","НЕТ угрозы здоровью, жизни и имуществу ",,,Дверь (нет угрозы),Нет в ЕКП,,,,,,,,,,,,,,,,,,,,,,,,,,,,,,,,,,,,,,,,,,,,,,,,,,,,,,,,,,,,,,,карточка-112,карточка-112,,,,,,карточка-112,,карточка-112,,,,,,,,,,,,,,,,,,,,
17,8,11,1,17081101,,"Открыть дверь, поднять с пола, перенести в скорую","Одинокий инвалид  пожилой человек или болен, ограничен в движении",Поднять с пола,,Поднять человека с пола,Поднять с пола,MCHS,Поднять с пола,,Поднять с пола,,,,,,,,,Травма,,,,,,,,,,,,,,,,,,,,,,,,,,,,,,,,,,,,,,,,,,,,,,,,,,,,,,,,,карточка-112,,карточка-112,,,,,,,,,,,,,,,,,,,,
17,8,11,2,17081102,,"Открыть дверь, поднять с пола, перенести в скорую","Одинокий инвалид  пожилой человек или болен, ограничен в движении",Открыть дверь в квартиру,,Открыть дверь (инвалид или одинокий пожилой человек),МЧС: Прочие происшествия,,,,,,,,,,,,,МЧС вскрытие двери,,,,,,,,,,,,,,,,,,,,,,,,,,,,,,,,,,,,,,,,,,,,,,,,,,,,,,,,,карточка-112,,карточка-112,,,,,,,,,,,,,,,,,,,,
17,8,11,3,17081103,,"Открыть дверь, поднять с пола, перенести в скорую","Одинокий инвалид  пожилой человек или болен, ограничен в движении",Перенести в машину скорой,,Перенести больного в машину (из машины) скорой помощи,Медицинская эвакуация пострадавших, ,,,Оказание помощи службам города (общее),,,,,,,,,,,,,,,,,,,,,,,,,,,,,,,,,,,,,,,,,,,карточка-112,,,,,,,,,,,,,,,,,,,,,,,карточка-112,,карточка-112,,,,,,,,,,,,,,,,,,,,
17,9,0,0,17090000,Угроза убийством,Человеку угрожают убийством,,,,Угрозы убийством,Угроза убийством,Police,,,,,,,,Угроза убийством,,,,Травма,,,,,,,,,,,,,,,,,,,,,,,,,,,,,,,,,Человек в опасности,карточка-112,,,,,,,,,,,,,,,карточка-112,,,,,,,,карточка-112,,карточка-112,карточка-112,,,,,,карточка-112,,,,,,,,,,,,,
17,10,1,0,17100100,Суицид / самойбийство,Суицид,Повесился,,Нет доступа,Попытка суицида (повесился),Повесился,MCHS,,Суицид,,,,Суицид,,Суицид,,,Повесился,Повесился,,,,,,Карточка-112,Карточка-112,Карточка-112,,,,,,,,,,,,,,,,,,,,,,,,,,карточка-112,,,,,,,,,,,,,,,,,,,,,,,карточка-112,,карточка-112,,,,,,,,,,,,,,,,,,,,
17,10,1,1,17100101,,Суицид,Повесился,летальный исход,Нет доступа,Суицид (повесился),Повесился,Police,,,,,,,,Суицид,,,Констатация смерти,Констатация смерти,,,,,,Карточка-112,Карточка-112,Карточка-112,,,,,,,,,,,,,,,,,,,,,,,,,,карточка-112,,,,,,,,,,,,,карточка-112,,,,,,,,,,карточка-112,,карточка-112,карточка-112,,,,,,,,,,,,,,,,,,,
17,10,2,0,17100200,,Суицид,Выпил таблетки,,Нет доступа,Попытка суицида (таблетки),Попытка суицида,MCHS,,Суицид,,,,Суицид,,Суицид,,,Отравление,Отравление,,,,,,Карточка-112,Карточка-112,Карточка-112,,,,,,,,,,,,,,,,,,,,,,,,,,карточка-112,,,,,,,,,,,,Карточка-112,,,,,,,,,,,карточка-112,,карточка-112,,,,,,,,,,,,,,,,,,,,
17,10,2,1,17100201,,Суицид,Выпил таблетки,летальный исход,Нет доступа,Суицид (таблетки),Попытка суицида,Police,,,,,,,,Суицид,,,Констатация смерти,Констатация смерти,,,,,,Карточка-112,Карточка-112,Карточка-112,,,,,,,,,,,,,,,,,,,,,,,,,,карточка-112,,,,,,,,,,,,,карточка-112,,,,,,,,,,карточка-112,,карточка-112,карточка-112,,,,,,,,,,,,,,,,,,,
17,10,3,0,17100300,,Суицид,Резаные вены,,Нет доступа,Попытка суицида (вены),Попытка суицида,MCHS,,Суицид,,,,Суицид,,Суицид,,,Травма,Травма,,,,,,Карточка-112,Карточка-112,Карточка-112,,,,,,,,,,,,,,,,,,,,,,,,,,карточка-112,,,,,,,,,,,,Карточка-112,,,,,,,,,,,карточка-112,,карточка-112,,,,,,,,,,,,,,,,,,,,
17,10,3,1,17100301,,Суицид,Резаные вены,летальный исход,Нет доступа,Суицид (вены),Попытка суицида,Police,,,,,,,,Суицид,,,Констатация смерти,Констатация смерти,,,,,,Карточка-112,Карточка-112,Карточка-112,,,,,,,,,,,,,,,,,,,,,,,,,,карточка-112,,,,,,,,,,,,,карточка-112,,,,,,,,,,карточка-112,,карточка-112,карточка-112,,,,,,,,,,,,,,,,,,,
17,10,4,0,17100400,,Суицид,Огнестрел,,Нет доступа,Попытка суицида (огнестрел),Попытка суицида,MCHS,,Суицид,,,,Суицид,,Суицид,,,Огнестрельное ранение,Огнестрельное ранение,,,,,,Карточка-112,Карточка-112,Карточка-112,,,,,,,,,,,,,,,,,,,,,,,,,,карточка-112,,,,,,,,,,,,,,,,,,,,,,,карточка-112,,карточка-112,,,,,,,,,,,,,,,,,,,,
17,10,4,1,17100401,,Суицид,Огнестрел,летальный исход,Нет доступа,Суицид (огнестрел),Попытка суицида,Police,,,,,,,,Суицид,,,Констатация смерти,Констатация смерти,,,,,,Карточка-112,Карточка-112,Карточка-112,,,,,,,,,,,,,,,,,,,,,,,,,,карточка-112,,,,,,,,,,,,,карточка-112,,,,,,,,,,карточка-112,,карточка-112,карточка-112,,,,,,,,,,,,,,,,,,,
17,10,5,0,17100500,,Суицид,Запах бытового газа из закрытой квартиры,,Нет доступа,Запах газа из закрытой квартиры (суицид),Запах газа из закрытой квартиры,MOSGAZ,Запах бытового газа,,Запах бытового газа,,,,,Суицид,,,Отравление,Отравление,,Запах газа из закрытой квартиры,,,,Карточка-112,Карточка-112,Карточка-112,,,Запах газа в квартире (выше 1 этажа),,,,,,,,,,,,,,,,,,,,,,,карточка-112,,,,,,,,,,,,,,,,карточка-112,карточка-112,,,,,,карточка-112,,карточка-112,,,,,,,карточка-112,,,,,,,,,,,,,
17,10,6,0,17100600,,Суицид,Без сознания,,Нет доступа,Попытка суицида (без сознания),Попытка суицида,MCHS,,Суицид,,,,Суицид,,Суицид,,,Травма,Травма,,,,,,Карточка-112,Карточка-112,Карточка-112,,,,,,,,,,,,,,,,,,,,,,,,,,карточка-112,,,,,,,,,,,,,,,,,,,,,,,карточка-112,,карточка-112,,,,,,,,,,,,,,,,,,,,
17,10,7,0,17100700,,Суицид,Падение с высоты,,Нет доступа,Суицид (падение с высоты),Падение с высоты,Police,,Падение с высоты,,,,Падение с высоты,,Падение с высоты,,,Падение с высоты,Падение с высоты,,,,,,Карточка-112,Карточка-112,Карточка-112,,,,,,,,,,,,,,,Карточка-112,,,,,,,,,Нарушение правопорядка,Человек в опасности,карточка-112,,,,,,,,,,,,,карточка-112,,,,,,,,,,карточка-112,,карточка-112,,,,,,,карточка-112,,,,,,,,,,,,,
17,10,8,1,17100801,,Суицид,"Прочие действия самоубийцы, например застрелился, выпрыгнул из окна, с балкона",летальный исход,Нет доступа,Суицид ,Суицид,Police,,,,,,,,Суицид,,,Констатация смерти,Констатация смерти,,,,,,Карточка-112,Карточка-112,Карточка-112,,,,,,,,,,,,,,,,,,,,,,,,,,карточка-112,,,,,,,,,,,,,карточка-112,,,,,,,,,,карточка-112,,карточка-112,карточка-112,,,,,,,,,,,,,,,,,,,
17,10,8,0,17100800,,Суицид,Прочие действия самоубийцы,,Нет доступа,Попытка суицида,Попытка суицида,MCHS,,Суицид,,,,Суицид,,Суицид,,,Травма,Травма,,,,,,Карточка-112,Карточка-112,Карточка-112,,,,,,,,,,,,,,,,,,,,,,,,,,карточка-112,,,,,,,,,,,,,,,,,,,,,,,карточка-112,,карточка-112,,,,,,,,,,,,,,,,,,,,
17,10,9,0,17100900,,Суицид,"Наблюдает приготовление к суициду (хочет спрыгнуть с моста, с крыши, отравиться, порезать вены и т.д.)",,Нет доступа,Приготовление к суициду (свидетель),Попытка суицида,MCHS,,Суицид,,,,Суицид,,Суицид,,,Травма,Травма,,,,,,Карточка-112,Карточка-112,Карточка-112,,,,,,,,,,,,,,,,,,,,,,,,Нарушение правопорядка,Человек в опасности,карточка-112,,,,,,,,,,,,,,,,,,,,,,,карточка-112,,карточка-112,,,,,,,,,,,,,,,,,,,,
17,10,10,0,17101000,,Суицид,Не хочет жить помощь психолога,,,Помощь психолога (намерение суицида),НЕТ в ЕКП,AMBULANCE,,,,,,,,,,,,Психическое нарушение,,,,,,,,,,,,,,,,,,,,,,,,,,,,,,,,,,,,,,,,,,,,,,Карточка-112,,,,,,,,,,,карточка-112,,карточка-112,,,,,,,,,,,,,,,,,,,,
17,11,1,0,17110100,ранение,Человек ранен,Ранение огнестрельное,,,Ранение - огнестрельное,Огнестрельное ранение,Police,,,,,,Прочие происшествия,,Огнестрельное ранение,,,Огнестрельное ранение,Огнестрельное ранение,,,,,,Карточка-112,Карточка-112,Карточка-112,карточка-112,,,,,,,,,,,,,,Карточка-112,,,,,,,,,Нарушение правопорядка,Человек в опасности,карточка-112,,,,,,,,,,,,,,,карточка-112,,,,,,,,карточка-112,,карточка-112,карточка-112,,,,,,карточка-112,,,,,,,,,,,,,
17,11,2,0,17110200,,Человек ранен,Ранение ножевое,,,Ранение - ножевое,Ножевое ранение,Police,,,,,,Прочие происшествия,,Ножевое ранение,,,Ножевое ранение,Ножевое ранение,,,,,,Карточка-112,Карточка-112,Карточка-112,,,,,,,,,,,,,,,Карточка-112,,,,,,,,,Нарушение правопорядка,Человек в опасности,карточка-112,,,,,,,,,,,,,,,карточка-112,,,,,,,,карточка-112,,карточка-112,карточка-112,,,,,,карточка-112,,,,,,,,,,,,,
17,11,3,0,17110300,,Человек ранен,Прочее ранение,,,Ранение - прочее,Ножевое ранение,Police,,,,,,Прочие происшествия,,Ножевое ранение,,,Ножевое ранение,Ножевое ранение,,,,,,Карточка-112,Карточка-112,Карточка-112,,,,,,,,,,,,,,,Карточка-112,,,,,,,,,Нарушение правопорядка,Человек в опасности,карточка-112,,,,,,,,,,,,,,,карточка-112,,,,,,,,карточка-112,,карточка-112,карточка-112,,,,,,карточка-112,,,,,,,,,,,,,
,,,,18,Ребенок в опасности,,,,,,,,,,,,,,,,,,,,,,,,,,,,,,,,,,,,,,,,,,,,,,,,,,,,,,,,,,,,,,,,,,,,,,,,,,,,,,,,,,,,,,,,,,,,,,,,,,
18,1,0,0,18010000,Ребенок в опасности,Найден ребенок без сопровождения взрослых,,,,Ребенок без сопровождения взрослых,Беспризорный,Police,,,,,,,,"Потерялся, пропал несовершеннолетний",,,Беспризорный,Беспризорный,,,,,,,,,,,,,,,,,,,,,,,,,,,,,,,,, ,,,,,,,,,,,,,,,,,карточка-112,карточка-112,,,,,,карточка-112,,карточка-112,,,,,,,,,,,,,,,,,,,,
18,2,0,0,18020000,,Младенец найден,,,,Младенец найден,Беспризорный,Police,,,,,,,,"Потерялся, пропал несовершеннолетний",,,Беспризорный,Беспризорный,,,,,,,,,,,,,,,,,,,,,,,,,,,,,,,,,,,,,,,,,,,,,,,,,,карточка-112,карточка-112,,,,,,карточка-112,,карточка-112,,,,,,,,,,,,,,,,,,,,
18,3,0,0,18030000,,Систематическое жестокое обращение и насилие в семье,,,,Жестокое обращение с ребенком в семье,НЕТ в ЕКП,Police,,,,,,,,Прочее,,,,,,,,,,,,,,,,,,,,,,,,,,,,,,,,,,,,,,,,,,,,,,,,,,,,,,,,,,,,,карточка-112,,карточка-112,,,,,,,,,,,,,,,,,,,,
18,4,0,0,18040000,,Жестокое обращение и насилие в данный момент,,,,Нанесение телесных повреждений детям,Нанесение телесных повреждений,Police,,,,,,,,Нанесение телесных повреждений,,,,Травма,,,,,,,,,,,,,,,,,,,,,,,,,,,,,,,,,,карточка-112,,,,,,,,,,,,,,,карточка-112,,,,,,,,карточка-112,,карточка-112,,,,,,,,,,,,,,,,,,,,
18,5,0,0,18050000,,На высоте (на подоконнике и т.д.),,,,Ребенок один на высоте,НЕТ в ЕКП,MCHS,Прочие происшествия,,Прочие происшествия,,,,,Прочее,,,,Травма,,,,,,,,,,,,,,,,,,,,,,,,,,,,,,,,,,,,,,,,,,,,,,,,,,,,,,,,,карточка-112,,карточка-112,,,,,,,карточка-112,,,,,,,,,,,,,
18,6,0,0,18060000,,Потерялся (пропал): В лесу (в большом парке),,,,Ребенок заблудился в лесу (в парке),"Потерялся, пропал несовершеннолетний ",MCHS,Проведение работ в лесопарковой зоне,,Проведение работ в лесопарковой зоне,,,,,"Потерялся, пропал несовершеннолетний",,,,Травма,,,,,,,,,,,,,,,,,,,,,,,,,,,,,,,,,,карточка-112,,,,,,,,,,,,,,,карточка-112,,,,,,,,карточка-112,,карточка-112,,,,,,,,,,,,,,,,,,,,
18,7,0,0,18070000,,Потерялся (пропал): В городской среде,,,,Ребенок потерялся,"Потерялся, пропал несовершеннолетний ",Police,,,,,,,,"Потерялся, пропал несовершеннолетний",,,,Травма,,,,,,,,,,,,,,,,,,,,,,,,,,,,,,,,,,карточка-112,,,,,,,,,,,,,,,карточка-112,,,,,,,,карточка-112,,карточка-112,,,,,,,,,,,,,,,,,,,,
18,8,0,0,18080000,,закрыт в автомашине,,,,Ребенок закрыт в машине,Вскрытие дверей (дети до 7 лет),MCHS,Вскрытие дверей социального характера,,Вскрытие дверей социального характера,,,,,Прочее,,,,МЧС вскрытие двери,,,,,,,,,,,,,,,,,,,,,,,,,,,,,,,,,,карточка-112,,,,,,,,,,,,,,,,,,,,,,,карточка-112,,карточка-112,,,,,,,,,,,,,,,,,,,,
18,9,0,0,18090000,,До 7 лет - закрыт в квартире,,,,Ребенок закрыт в квартире,Вскрытие дверей (дети до 7 лет),MCHS,Вскрытие дверей социального характера,,Вскрытие дверей социального характера,,,,,Прочее,,,,МЧС вскрытие двери,,,,,,,,,,,,,,,,,,,,,,,,,,,,,,,,,,карточка-112,,,,,,,,,,,,,,,,,,,,,,,карточка-112,,карточка-112,,,,,,,,,,,,,,,,,,,,
18,10,0,0,18100000,,Застрял: До 10 лет - в лифте без сопровождения взрослых,,,,Ребенок застрял в лифте,Застревание в лифте,MOSLIFT,Помощь лифтовым службам,,Помощь лифтовым службам,,,,,,,Прочее,,МЧС вскрытие двери,,,,,,,,,,,,,,,,Карточка-112,,Карточка-112,Карточка-112,Карточка-112,,,,,,,,,Карточка-112,,,,,карточка-112,,,,,,,,,,,,,,,,,,,,,,,карточка-112,,карточка-112,,,,,,,,,,,,,,,,,,,,
18,11,0,0,18110000,,Застрял: после 10 лет - в лифте без сопровождения взрослых,,,,Застревание в лифте - несовершеннолетний,Застревание в лифте,MOSLIFT,,,,,,,,,,Прочее,,МЧС Вскрытие двери,,,,,,,,,,,,,,,,Карточка-112,,Карточка-112,Карточка-112,Карточка-112,,,,,,,,,Карточка-112,,,,,карточка-112,,,,,,,,,,,,,,,,карточка-112,карточка-112,,,,,,карточка-112,,карточка-112,,,,,,,,,,,,,,,,,,,,
18,12,0,0,18120000,,Застрял: Часть тела,,,,Ребенок застрял,Деблокация,MCHS,Деблокация,,Деблокация,,,,,,Прочее,Прочее,,Травма,,,,,,,,,,,,,,,,,,,,,,,,,,,,,,,,,,карточка-112,,,,,,,,,,,,,,,,,,,,,,,карточка-112,,карточка-112,,,,,,,,,,,,,,,,,,,,
18,13,0,0,18130000,,Похищение ребенка,,,,Ребенок - похищение,Похищение человека,Police,,,,,,,,Похищение человека,,,,,,,,,,,,,,,,,,,,,,,,,,,,,,,,,,,,,,карточка-112,,,,,,,,,,,,,,,карточка-112,,,,,,,,карточка-112,,карточка-112,карточка-112,,,,,,,,,,,,,,,,,,,
18,13,1,0,18130100,,Похищение ребенка,Скрылись на автомашине,,,"Ребенок - похищение, скрылись на автомашине","Похищение человека, скрылись на автомашине",Police,,,,,,,,"Похищение человека, скрылись на автотранспортном средстве",,,,,,,,,,,,,,,,,,,,,,,,,,,,,,,,,,"Похищение человека, скрылись на автомашине",,,,карточка-112,,,,,,,,,,,,,,,карточка-112,,,,,,,,карточка-112,,карточка-112,карточка-112,,,,,,,,,,,,,,,,,,,
18,14,0,0,18140000,,Развратные действия в отношении лиц до 16 лет,,,,Развратные действия в отношении детей,Развратные действия,Police,,,,,,,,Развратные действия сексуального характера,,,,Травма,,,,,,,,,,,,,,,,,,,,,,,,,,,,,,,,,,карточка-112,,,,,,,,,,,,,,,карточка-112,,,,,,,,карточка-112,,карточка-112,,,,,,,,,,,,,,,,,,,,
18,15,0,0,18150000,,Другая опасность,,,Уточнить,Ребенок в опасности - другое,НЕТ в ЕКП,Police,,,,,,,,,Прочее,Прочее,,Травма,,,,,,,,,,,,,,,,,,,,,,,,,,,,,,,,,,,,,,,,,,,,,,,,,,,,,,,,,карточка-112,,карточка-112,,,,,,,,,,,,,,,,,,,,
,,,,19,Смертельный исход человека,,,,,,,,,,,,,,,,,,,,,,,,,,,,,,,,,,,,,,,,,,,,,,,,,,,,,,,,,,,,,,,,,,,,,,,,,,,,,,,,,,,,,,,,,,,,,,,,,,
19,1,0,0,19010000,,В квартире,,,,Труп в квартире,"Труп (в квартире, общественном месте, на ж/д станции или у ж/д полотна)",Police,,,,,,,,"Труп в квартире, в том числе - естественная смерть",,,Констатация смерти,Констатация смерти,,,,,,,,,,,,,,,,Карточка-112,,,,,,,,,,,,,,,,,,Карточка-112,,,,,,,,,,,,,карточка-112,,карточка-112,,,,,,,,карточка-112,,карточка-112,,,,,,,карточка-112,,,,,,,,,,,,,
19,1,1,1,19010101,"Труп, констатация смерти в квартире",В квартире,Естественная смерть,день: с 8 до 17 часов,,Констатация смерти - день,Труп в квартире (естественная смерть),Police,,,,,,,,"Труп в квартире, в том числе - естественная смерть",,,Констатация смерти,,,,,,,,,,,,,,,,,Карточка-112,,,,,,,,,,,,,,,,,,Карточка-112,,,,,,,,,,,,,карточка-112,,карточка-112,,,,,,,,карточка-112,,карточка-112,,,,,,,,,,,,,,,,,,,,
19,1,1,2,19010102,,В квартире,Естественная смерть,ночь: с 17 до 08 часов,,Констатация смерти - ночь,Труп в квартире (естественная смерть),Police,,,,,,,,"Труп в квартире, в том числе - естественная смерть",,,Констатация смерти,Констатация смерти,,,,,,,,,,,,,,,,,,,,,,,,,,,,,,,,,,карточка-112,,,,,,,,,,,,,карточка-112,,карточка-112,,,,,,,,карточка-112,,карточка-112,,,,,,,,,,,,,,,,,,,,
19,1,2,0,19010200,,В квартире,Причина неизвестна,,,Труп в квартире - причина неизвестна,"Труп (в квартире, общественном месте, на ж/д станции или у ж/д полотна)",Police,,,,,,,,"Труп в квартире, в том числе - естественная смерть",,,Констатация смерти,Констатация смерти,,,,,,,,,,,,,,,,Карточка-112,,,,,,,,,,,,,,,,,,Карточка-112,,,,,,,,,,,,,карточка-112,,карточка-112,,,,,,,,карточка-112,,карточка-112,,,,,,,карточка-112,,,,,,,,,,,,,
19,1,3,0,19010300,,В квартире,Трупный запах,,,Трупный запах, Трупный запах,Police,,,,,,,,Трупный запах,,,,,,,,,,,,,,,,,,,,Карточка-112,,,,,,,,,,,,,,,,,,Карточка-112,,,,,,,,,,,,,карточка-112,,карточка-112,карточка-112,карточка-112,,,,,,карточка-112,,карточка-112,,,,,,,карточка-112,,,,,,,,,,,,,
19,1,4,0,19010400,,В квартире,Части тела,,,Найдены части тела в квартире,Части тела человека,Police,,,,,,,,Части тела человека,,,,,,,,,,,,,,,,,,,,,,,,,,,,,,,,,,,,,,Карточка-112,,,,,,,,,,,,,карточка-112,,карточка-112,,,,,,,,карточка-112,,карточка-112,карточка-112,,,,,,карточка-112,,,,,,,,,,,,,
19,1,5,0,19010500,,В квартире,Убийство,,,Убийство (в квартире),Убийство,Police,,,,,,,,Убийство,,,Констатация смерти,Констатация смерти,,,,,,,,,,Карточка-112,,,,,,,,,,,,,,,,,,,,,,,,Карточка-112,,,,,,,,,,,,,карточка-112,,карточка-112,,,,,,,,карточка-112,,карточка-112,карточка-112,,,,,,карточка-112,,,,,,,,,,,,,
19,2,1,0,19020100,,На улице,Улица общественное место,,,Труп на улице ( в общественном месте),"Труп (в квартире, общественном месте, на ж/д станции или у ж/д полотна)",Police,,,,,,,,Труп в общественном месте/в водоеме,,,Констатация смерти,Констатация смерти,,,,,Карточка-112,Карточка-112,Карточка-112,Карточка-112,,,,,,,,,,,,,,,,,,,,,,"Труп (в квартире, общественном месте, на ж/д станции или у ж/д полотна)",,,,Карточка-112,,,,,,,,,,,,,карточка-112,,карточка-112,,,,,,,,карточка-112,,карточка-112,карточка-112,,,,,,карточка-112,,,,,,,,,,,,,
19,2,1,1,19020101,"Труп, констатация смерти на улице (в общественном месте)",На улице,Улица общественное место,Труп,,Труп на улице ( в общественном месте) - причина неизвестна,"Труп (в квартире, общественном месте, на ж/д станции или у ж/д полотна)",Police,,,,,,,,Труп в общественном месте/в водоеме,,,Констатация смерти,Констатация смерти,,,,,Карточка-112,Карточка-112,Карточка-112,Карточка-112,,,,,,,,,,,,,,,,,,,,,,"Труп (в квартире, общественном месте, на ж/д станции или у ж/д полотна)",,,,Карточка-112,,,,,,,,,,,,,карточка-112,,карточка-112,,,,,,,,карточка-112,,карточка-112,карточка-112,,,,,,карточка-112,,,,,,,,,,,,,
19,2,1,2,19020102,,На улице,Улица общественное место,Части тела,,Найдены части тела на улице (в общественном месте),Части тела человека,Police,,,,,,,,Части тела человека,,,,,,,,,Карточка-112,Карточка-112,Карточка-112,Карточка-112,,,,,,,,,,,,,,,,,,,,,,Части тела человека,,,,Карточка-112,,,,,,,,,,,,,карточка-112,,карточка-112,,,,,,,,карточка-112,,карточка-112,карточка-112,,,,,,карточка-112,,,,,,,,,,,,,
19,2,1,3,19020103,,На улице,Улица общественное место,Убийство,,Убийство (общественное место),Убийство,Police,,,,,,,,Убийство,,,Констатация смерти,Констатация смерти,,,,,Карточка-112,Карточка-112,Карточка-112,Карточка-112,,Карточка-112,,,,,,,,,,,,,,,,,,,,Убийство,,,,Карточка-112,,,,,,,,,,,,,карточка-112,,карточка-112,,,,,,,,карточка-112,,карточка-112,карточка-112,,,,,,карточка-112,,,,,,,,,,,,,
19,2,2,0,19020200,,На улице,"ЖД вокзал, станция, платформа, полотно, пути",,,Труп на жд станции (у жд полотна),"Труп (в квартире, общественном месте, на ж/д станции или у ж/д полотна)",Police,,,,,,,,"Труп на ж/д станции, вокзале или у ж/д полотна",,,Констатация смерти,Констатация смерти,,,,,Карточка-112,Карточка-112,Карточка-112,Карточка-112,,,,,,,,,,,,,,,,,,,,,,"Труп (в квартире, общественном месте, на ж/д станции или у ж/д полотна)",,,,Карточка-112,,Карточка-112,,,,,,,,,,,карточка-112,,карточка-112,,,,,,,,карточка-112,,карточка-112,,,,,,,,,,,,,,,,,,,,
19,2,2,1,19020201,,На улице,"ЖД вокзал, станция, платформа, полотно, пути",Труп,,Труп на жд станции (у жд полотна) - причина неизвестна,"Труп (в квартире, общественном месте, на ж/д станции или у ж/д полотна)",Police,,,,,,,,"Труп на ж/д станции, вокзале или у ж/д полотна",,,Констатация смерти,Констатация смерти,,,,,Карточка-112,Карточка-112,Карточка-112,Карточка-112,,,,,,,,,,,,,,,,,,,,,,"Труп (в квартире, общественном месте, на ж/д станции или у ж/д полотна)",,,,Карточка-112,,Карточка-112,,,,,,,,,,,карточка-112,,карточка-112,,,,,,,,карточка-112,,карточка-112,,,,,,,карточка-112,,,,,,,,,,,,,
19,2,2,2,19020202,,На улице,"ЖД вокзал, станция, платформа, полотно, пути",Части тела ,,Найдены части тела на жд станции (у жд полотна),Части тела человека,Police,,,,,,,,Части тела человека,,,,,,,,,Карточка-112,Карточка-112,Карточка-112,Карточка-112,,,,,,,,,,,,,,,,,,,,,,"Труп (в квартире, общественном месте, на ж/д станции или у ж/д полотна)",,,,Карточка-112,,Карточка-112,,,,,,,,,,,карточка-112,,карточка-112,,,,,,,,карточка-112,,карточка-112,,,,,,,карточка-112,,,,,,,,,,,,,
19,2,2,3,19020203,,На улице,"ЖД вокзал, станция, платформа, полотно, пути",Убийство,,"Убийство (на жд станции, у жд полотна)",Убийство,Police,,,,,,,,Убийство,,,Констатация смерти,Констатация смерти,,,,,Карточка-112,Карточка-112,Карточка-112,Карточка-112,,Карточка-112,,,,,,,,,,,,,,,,,,,,"Труп (в квартире, общественном месте, на ж/д станции или у ж/д полотна)",,,,Карточка-112,,Карточка-112,,,,,,,,,,,карточка-112,,карточка-112,,,,,,,,карточка-112,,карточка-112,,,,,,,карточка-112,,,,,,,,,,,,,
19,2,3,0,19020300,,На улице,Метро,,,Труп в метро,"Труп (в квартире, общественном месте, на ж/д станции или у ж/д полотна)",Police,,,,,,,,Труп в общественном месте/в водоеме,,,Констатация смерти,Констатация смерти,,,,,Карточка-112,Карточка-112,Карточка-112,Карточка-112,,,,,,,,,,,,,,,,Карточка-112,,,,,,Авария на метрополитене,,,,Карточка-112,,,,,,,,,,,,,карточка-112,,карточка-112,,,,,,,,карточка-112,,карточка-112,,,,,,,карточка-112,,,,,,,,,,,,,
19,2,3,1,19020301,,На улице,Метро,Труп,,Труп в метро - причина неизвестна,"Труп (в квартире, общественном месте, на ж/д станции или у ж/д полотна)",Police,,,,,,,,Труп в общественном месте/в водоеме,,,Констатация смерти,Констатация смерти,,,,,Карточка-112,Карточка-112,Карточка-112,Карточка-112,,,,,,,,,,,,,,,,Карточка-112,,,,,,Авария на метрополитене,,,,Карточка-112,,,,,,,,,,,,,карточка-112,,карточка-112,,,,,,,,карточка-112,,карточка-112,,,,,,,карточка-112,,,,,,,,,,,,,
19,2,3,2,19020302,,На улице,Метро,Части тела,,Найдены части тела в метро,Части тела человека,Police,,,,,,,,Части тела человека,,,,,,,,,Карточка-112,Карточка-112,Карточка-112,Карточка-112,,,,,,,,,,,,,,,,Карточка-112,,,,,,Авария на метрополитене,,,,Карточка-112,,,,,,,,,,,,,карточка-112,,карточка-112,,,,,,,,карточка-112,,карточка-112,,,,,,,карточка-112,,,,,,,,,,,,,
19,2,3,3,19020303,,На улице,Метро,Убийство,,Убийство (метро),Убийство,Police,,,,,,,,Убийство,,,Констатация смерти,Констатация смерти,,,,,Карточка-112,Карточка-112,Карточка-112,Карточка-112,,Карточка-112,,,,,,,,,,,,,,Карточка-112,,,,,,Авария на метрополитене,,,,Карточка-112,,,,,,,,,,,,,карточка-112,,карточка-112,,,,,,,,карточка-112,,карточка-112,карточка-112,,,,,,карточка-112,,,,,,,,,,,,,
19,2,4,0,19020400,,На улице,МЦК,,,Труп МЦК,"Труп (в квартире, общественном месте, на ж/д станции или у ж/д полотна)",Police,,,,,,,,Труп в общественном месте/в водоеме,,,Констатация смерти,Констатация смерти,,,,,Карточка-112,Карточка-112,Карточка-112,Карточка-112,,,,,,,,,,,,,,,,Карточка-112,,,,,,Авария на метрополитене,,,,Карточка-112,,Карточка-112,,,,,,,,,,,карточка-112,,карточка-112,,,,,,,,карточка-112,,карточка-112,,,,,,,карточка-112,,,,,,,,,,,,,
19,2,4,1,19020401,,На улице,МЦК,Труп,,Труп МЦК - причина неизвестна,"Труп (в квартире, общественном месте, на ж/д станции или у ж/д полотна)",Police,,,,,,,,Труп в общественном месте/в водоеме,,,Констатация смерти,Констатация смерти,,,,,Карточка-112,Карточка-112,Карточка-112,Карточка-112,,,,,,,,,,,,,,,,Карточка-112,,,,,,Авария на метрополитене,,,,Карточка-112,,Карточка-112,,,,,,,,,,,карточка-112,,карточка-112,,,,,,,,карточка-112,,карточка-112,,,,,,,карточка-112,,,,,,,,,,,,,
19,2,4,2,19020402,,На улице,МЦК,Части тела,,Найдены части МЦК,Части тела человека,Police,,,,,,,,Части тела человека,,,,,,,,,Карточка-112,Карточка-112,Карточка-112,Карточка-112,,,,,,,,,,,,,,,,Карточка-112,,,,,,Авария на метрополитене,,,,Карточка-112,,Карточка-112,,,,,,,,,,,карточка-112,,карточка-112,,,,,,,,карточка-112,,карточка-112,,,,,,,карточка-112,,,,,,,,,,,,,
19,2,4,3,19020403,,На улице,МЦК,Убийство,,Убийство (МЦК),Убийство,Police,,,,,,,,Убийство,,,Констатация смерти,Констатация смерти,,,,,Карточка-112,Карточка-112,Карточка-112,Карточка-112,,Карточка-112,,,,,,,,,,,,,,,,,,,,Авария на метрополитене,,,,Карточка-112,,Карточка-112,,,,,,,,,,,карточка-112,,карточка-112,,,,,,,,карточка-112,,карточка-112,карточка-112,,,,,,карточка-112,,,,,,,,,,,,,
19,2,5,0,19020500,,На улице,"Люк (шахта, колодец)",,,"Труп в колодце (люке, шахте)",Извлечение погибших из подземных коммуникаций                                                              ,MCHS,,Извлечение погибших из подземных коммуникаций,,,,Извлечение погибших из подземных коммуникаций,,Труп в общественном месте/в водоеме,,,Констатация смерти,Констатация смерти,,Открыт колодец,,,Карточка-112,Карточка-112,Карточка-112,Карточка-112,,Карточка-112,,,,,,,,,,,,Карточка-112,Карточка-112,,открыт колодец,Карточка-112,Карточка-112,Карточка-112,,Извлечение погибших из подземных коммуникаций,,,,Карточка-112,Карточка-112,,,,,,Карточка-112,,,,,,карточка-112,,,карточка-112,карточка-112,,,карточка-112,,,карточка-112,,карточка-112,,,,,,,карточка-112,,,,,,,,,,,,,
19,2,5,1,19020501,,На улице,"Люк (шахта, колодец)",Труп,,"Труп в колодце (люке, шахте) - причина неизвестна",Извлечение погибших из подземных коммуникаций                                                              ,MCHS,,Извлечение погибших из подземных коммуникаций,,,,Извлечение погибших из подземных коммуникаций,,Труп в общественном месте/в водоеме,,,Констатация смерти,Констатация смерти,,Открыт колодец,,,Карточка-112,Карточка-112,Карточка-112,Карточка-112,,Карточка-112,,,,,,,,,,,,,Карточка-112,,открыт колодец,Карточка-112,Карточка-112,,,Извлечение погибших из подземных коммуникаций,,,,Карточка-112,Карточка-112,,,,,,,,,,,,карточка-112,,,карточка-112,карточка-112,,,карточка-112,,,карточка-112,,карточка-112,,,,,,,карточка-112,,,,,,,,,,,,,
19,2,5,2,19020502,,На улице,"Люк (шахта, колодец)",Части тела,,"Найдены части тела в колодце (люке, шахте)",Извлечение погибших из подземных коммуникаций                                                              ,MCHS,,Извлечение погибших из подземных коммуникаций,,,,Извлечение погибших из подземных коммуникаций,,Части тела человека,,,Констатация смерти,Констатация смерти,,Открыт колодец,,,Карточка-112,Карточка-112,Карточка-112,Карточка-112,,Карточка-112,,,,,,,,,,,,,Карточка-112,,открыт колодец,Карточка-112,Карточка-112,,,Извлечение погибших из подземных коммуникаций,,,,Карточка-112,Карточка-112,,,,,,,,,,,,карточка-112,,,карточка-112,карточка-112,,,карточка-112,,,карточка-112,,карточка-112,карточка-112,,,,,,карточка-112,,,,,,,,,,,,,
19,2,5,3,19020503,,На улице,"Люк (шахта, колодец)",Убийство,,Убийство (подземные коммуникации),Убийство,MCHS,,Извлечение погибших из подземных коммуникаций,,,,Извлечение погибших из подземных коммуникаций,,Убийство,,,Констатация смерти,Констатация смерти,,Открыт колодец,,,Карточка-112,Карточка-112,Карточка-112,Карточка-112,,Карточка-112,,,,,,,,,,,,,Карточка-112,,открыт колодец,Карточка-112,Карточка-112,,,Убийство,,,,Карточка-112,Карточка-112,,,,,,,,,,,,карточка-112,,карточка-112,карточка-112,карточка-112,,,,,,карточка-112,,карточка-112,карточка-112,,,,,,карточка-112,,,,,,,,,,,,,
19,2,6,0,19020600,,На улице,В воде,,,Утопленник в воде,Происшествия на воде: извлечение утопленников,Police,извлечение утопленников,,извлечение утопленников,,,,Происшествия на воде: извлечение утопленников,Труп в общественном месте/в водоеме,,,Констатация смерти,Констатация смерти,,,,,Карточка-112,Карточка-112,Карточка-112,Карточка-112,,Карточка-112,,,,,,,,,,,,,,,,,,,,Происшествия на воде: извлечение утопленников,,,,Карточка-112,,,,,,,,,,,,,карточка-112,,,,,,,,,,карточка-112,,карточка-112,,,,,,,карточка-112,,,,,,,,,,,,,
19,2,6,1,19020601,,На улице,В воде,Труп,,Труп в воде,Происшествия на воде: извлечение утопленников,Police,извлечение утопленников,,извлечение утопленников,,,,Происшествия на воде: извлечение утопленников,Труп в общественном месте/в водоеме,,,Констатация смерти,Констатация смерти,,,,,Карточка-112,Карточка-112,Карточка-112,Карточка-112,,Карточка-112,,,,,,,,,,,,,,,,,,,,Происшествия на воде: извлечение утопленников,,,,Карточка-112,,,,,,,,,,,,,карточка-112,,,,,,,,,,карточка-112,,карточка-112,,,,,,,карточка-112,,,,,,,,,,,,,
19,2,6,2,19020602,,На улице,В воде,Части тела,,Труп в воде - части тела,Происшествия на воде: извлечение фрагментов тела,Police,извлечение фрагментов тела,,извлечение фрагментов тела,,,,Происшествия на воде: извлечение фрагментов тела,Части тела человека,,,,,,,,,Карточка-112,Карточка-112,Карточка-112,Карточка-112,,Карточка-112,,,,,,,,,,,,,,,,,,,,Происшествия на воде: извлечение фрагментов тела,,,,Карточка-112,,,,,,,,,,,,,карточка-112,,,,,,,,,,карточка-112,,карточка-112,,,,,,,карточка-112,,,,,,,,,,,,,
19,2,6,3,19020603,,На улице,В воде,Убийство,,Убийство (труп в воде),Убийство,Police,,,,,,,,Убийство,,,Констатация смерти,Констатация смерти,,,,,Карточка-112,Карточка-112,Карточка-112,Карточка-112,,Карточка-112,,,,,,,,,,,,,,,,,,,,Происшествия на воде: извлечение утопленников,,,,Карточка-112,,,,,,,,,,,,,карточка-112,,карточка-112,,,,,,,,карточка-112,,карточка-112,карточка-112,,,,,,карточка-112,,,,,,,,,,,,,
,,,,20,Социальная помощь,,,,,,,,,,,,,,,,,,,,,,,,,,,,,,,,,,,,,,,,,,,,,,,,,,,,,,,,,,,,,,,,,,,,,,,,,,,,,,,,,,,,,,,,,,,,,,,,,,
20,1,1,0,20010100,Социальная помощь,"Одинокий инвалид  пожилой человек или болен, ограничен в движении",Поднять с пола,,,Социальная помощь: поднять с пола,Поднять с пола,MCHS,Поднять с пола,,Поднять с пола,,,,,,,,,Травма,,,,,,,,,,,,,,,,,,,,,,,,,,,,,,,,,,,,,,,,,,,,,,,,,,,,,,,,,,карточка-112,карточка-112,,,,,,,,,,,,,,,,,,,,
20,1,2,0,20010200,,"Одинокий инвалид  пожилой человек или болен, ограничен в движении",Открыть дверь в квартиру,,,Социальная помощь: открыть дверь в квартиру,Оказание помощи населению (общее),,,,,,,,,,,,,МЧС вскрытие двери,,,,,,,,,,,,,,,,,,,,,,,,,,,,,,,,,,,,,,,,,,,,,,,,,,,,,,,,,,,карточка-112,,,,,,,,,,,,,,,,,,,,
20,1,3,0,20010300,,"Одинокий инвалид  пожилой человек или болен, ограничен в движении",Перенести в машину скорой,,,Социальная помощь: перенести в машину скорой помощи,Медицинская эвакуация пострадавших,,,,Оказание помощи службам города (общее),,,,,,,,,,,,,,,,,,,,,,,,,,,,,,,,,,,,,,,,,,,карточка-112,,,,,,,,,,,,,,,,,,,,,,,,,карточка-112,,,,,,,,,,,,,,,,,,,,
20,1,4,0,20010400,,"Одинокий инвалид  пожилой человек или болен, ограничен в движении",Нуждается в ночлеге,,,Социальная помощь: нуждается в ночлеге,НЕТ в ЕКП,Dep.tszn,,,,,,,,,,,,,,,,,,,,,,,,,,,,,,,,,,,,,,,,,,,,,,,,,,,,,,,карточка-112,,,,,,,,,,,,,,,,карточка-112,,,,,,,,,,,,,,,,,,,,
20,2,0,0,20020000,,"Кольцо на пальце, наручники снять и т.д.",,,,"Кольцо на пальце, наручники снять и т.д.",Оказание помощи населению (общее),MCHS,Оказание помощи населению (общее),,Оказание помощи населению (общее),,,,,,,,,,,,,,,,,,,,,,,,,,,,,,,,,,,,,,,,,,,,,,,,,,,,,,,,,,,,,,,,,,,,карточка-112,,,,,,,,,,,,,,,,,,,,
20,3,0,0,20030000,,Помощь психолога,,,,Помощь психолога,НЕТ в ЕКП,MSPPN,,,,,,,,,,,,,,,,,,,,,,,,,,,,,,,,,,,,,,,,,,,,,,,,,,,,,,,,,,карточка-112,,,,,,,,,,,,,карточка-112,,,,,,,,,,,,,,,,,,,,
20,4,0,0,20040000,,Нуждается в ночлеге,,,,Человек нуждается в ночлеге,НЕТ в ЕКП,Dep.tszn,,,,,,,,,,,,,,,,,,,,,,,,,,,,,,,,,,,,,,,,,,,,,,,,,,,,,,,карточка-112,,,,,,,,,,,,,,,карточка-112,карточка-112,,,,,,,,,,,,,,,,,,,,
20,5,0,0,20050000,,Прочая помощь,,,,Помощь человеку (прочее),НЕТ в ЕКП,,,,,,,,,,Прочее,,,Травма,,,,,,,,,,,,,,,,,,,,,,,,,,,,,,,,,,,,,,,,,,,,,,,,,,,,,,,,,,,карточка-112,,,,,,,,,,,,,,,,,,,,
,,,,21,Происшествия с участием животных,,,,,,,,,,,,,,,,,,,,,,,,,,,,,,,,,,,,,,,,,,,,,,,,,,,,,,,,,,,,,,,,,,,,,,,,,,,,,,,,,,,,,,,,,,,,,,,,,,
21,1,1,0,21010100,Животные,"Животное угрожает людям
",Нападает/Атакует,,,Агрессивное животное,нет в ЕКП,,,,,,,,,,Прочее,Прочее,,Травма,,,,,Карточка-112,Карточка-112,Карточка-112,Карточка-112,,,,,,,,Карточка-112,,,,,,,,,,,,,,,,,,,,,,,,,,,,,,,,,,карточка-112,карточка-112,,,,,,карточка-112,,карточка-112,,,,,,,,,,,,,,,,,,,,
21,1,2,0,21010200,,Животное угрожает людям ,Укусило,,,Укус животного,Укусы животных,,,,,,,,,,Прочее,Прочее,,Травма,,,,,Карточка-112,Карточка-112,Карточка-112,Карточка-112,,,,,,,,Карточка-112,,,,,,,,,,,,,,,,,,карточка-112,,,,,,,,,,,,,,,,карточка-112,карточка-112,,,,,,карточка-112,,карточка-112,,,,,,,,,,,,,,,,,,,,
21,1,3,0,21010300,,Животное угрожает людям,Агрессивное животное в одном помещение с человеком,,,Агрессивное животное рядом с человеком,нет в ЕКП,,,,,,,,,,Прочее,Прочее,,Травма,,,,,Карточка-112,Карточка-112,Карточка-112,Карточка-112,,,,,,,,Карточка-112,,,,,,,,,,,,,,,,,,,,,,,,,,,,,,,,,,карточка-112,карточка-112,,,,,,карточка-112,,карточка-112,,,,,,,,,,,,,,,,,,,,
21,2,0,0,21020000,,Бродячее животное,,,,Бродячее животное,нет в ЕКП,,,,,,,,,,,,,,,,,,,,,,,,,,,,,Карточка-112,,,,,,,,,,,,,,,,,,,,,,,,,,,,,,,,,,карточка-112,карточка-112,,,,,,карточка-112,,карточка-112,,,,,,,,,,,,,,,,,,,,
21,3,0,0,21030000,,Движется по проезжей части,,,,Дикое животное в городе,нет в ЕКП,,Оказание помощи службам города (общее),,,,,,,,,Прочее,,,,,,,,,,,,,,,,,,Карточка-112,,,,,,,,,,,,,,Посторонний предмет на проезжей части,,,,,,,,,,,,Карточка-112,,,,,,,,,,,,,,,карточка-112,,карточка-112,,,,,,,,,,,,,,,,,,,,
21,4,1,0,21040100,,Угроза животному,"Придавило, зажало, застрял",,,Спасти животное,Спасение животных с применением аварийно-спасательных средств,,,,СПАСЕНИЕ ЖИВОТНЫХ,,,,,,,,,,,,,,,,,,,,,,,,,,,,,,,,,,,,,,,,,,,карточка-112,,,,,,,,Карточка-112,,,,,,,,карточка-112,карточка-112,,,,,,карточка-112,,карточка-112,,,,,,,,,,,,,,,,,,,,
21,4,2,0,21040200,,Угроза животному,Потерялось,,,Потерялось домашнее животное,нет в ЕКП,,,,,,,,,,,,,,,,,,,,,,,,,,,,,,,,,,,,,,,,,,,,,,,,,,,,,,,,,,,,,,,,,,,,,,карточка-112,,карточка-112,,,,,,,,,,,,,,,,,,,,
21,4,3,1,21040301,,Угроза животному,Жестокое обращение,В данный момент,,Жестокое обращени с животными в данный момент,нет в ЕКП,Police,,,,,,,,Прочее,,,,,,,,,,,,,,,,,,,,,,,,,,,,,,,,,,,,,,,,,,,,,,,,,,,,,,,,,,,,,карточка-112,,карточка-112,,,,,,,,,,,,,,,,,,,,
21,4,3,0,21040300,,Угроза животному,Жестокое обращение,,,Жестокое обращени с животными,нет в ЕКП,,,,,,,,,,,,,,,,,,,,,,,,,,,,,,,,,,,,,,,,,,,,,,,,,,,,,,,,,,,,,,,,,,,,,,карточка-112,,карточка-112,,,,,,,,,,,,,,,,,,,,
21,4,4,0,21040400,,Угроза животному,"На дереве, ветеринарная помощь, пристроить животное",,,Угроза животному - прочее,нет в ЕКП,,,,,,,,,,,,,,,,,,,,,,,,,,,,,,,,,,,,,,,,,,,,,,,,,,,,,,,,,,,,,,,,,,,,,,карточка-112,,карточка-112,,,,,,,,,,,,,,,,,,,,
21,4,4,1,21040401,,Угроза животному,"На дереве, ветеринарная помощь, пристроить животное","Дикое, экзотическое",,"Угроза животному - прочее (дикое, экзотическое)",нет в ЕКП,DepEco,,,,,,,,,,,,,,,,,,,,,,,,,,,,,,,,,,,,,,,,,,,,,,,,,,,,,,Карточка-112,,,,,,,,,,,,,,,карточка-112,,карточка-112,,,,,,,,,,,,,,,,,,,,
21,5,0,0,21050000,,"Труп животного (двор, тротуар",,,,Умершее животное,Неубранный тротуар,,,,,,,,,,,,,,,,,,,,,,,,,,,,,Карточка-112,,,,,,,,,,,,,,,,,,карточка-112,,,,,,,,,,,,,,,,карточка-112,карточка-112,,,,,,карточка-112,,карточка-112,,,,,,,,,,,,,,,,,,,,
21,5,1,0,21050100,,Труп животного (проезжая часть),"Проезжая часть, крупное животное",,,Умершее животное (проезжая часть),Неубранная проезжая часть,,,,,,,,,Прочее,,,,,,,,,,,,,,,,,,,,,,,,,,,,,,,,,,Посторонний предмет на проезжей части,,,,карточка-112,,,,,,,,,,,,,,,,карточка-112,карточка-112,,,,,,карточка-112,,карточка-112,,,,,,,,,,,,,,,,,,,,
,,,,22,Оказание медицинской скорой и неотложной помощи,,,,,,,,,,,,,,,,,,,,,,,,,,,,,,,,,,,,,,,,,,,,,,,,,,,,,,,,,,,,,,,,,,,,,,,,,,,,,,,,,,,,,,,,,,,,,,,,,,
22,1,0,0,22010000,Оказание медицинской скорой и неотложной помощи,Аллергия,,,,Аллергия,Аллергия,AMBULANCE,,,,,,,,,,,Аллергия,Аллергия,,,,,,,,,,,,,,,,,,,,,,,,,,,,,,,,,,карточка-112,,,,,,,,,,,,,,,,,,,,,,,карточка-112,,карточка-112,,,,,,,,,,,,,,,,,,,,
22,2,0,0,22020000,,Без сознания,,,,Без сознания,Без сознания,AMBULANCE,,,,,,,,,,,Без сознания,Без сознания,,,,,,,,,,,,,,,,,,,,,,,,,,,,,,,,,,,,,,,,,,,,,,,,,,,,,,,,,карточка-112,,карточка-112,,,,,,,,,,,,,,,,,,,,
22,3,0,0,22030000,,Беременность,,,,Беременность,Беременность,AMBULANCE,,,,,,,,,,,Беременность,Беременность,,,,,,,,,,,,,,,,,,,,,,,,,,,,,,,,,,,,,,,,,,,,,,,,,,,,,,,,,карточка-112,,карточка-112,,,,,,,,,,,,,,,,,,,,
22,4,0,0,22040000,,Найден беспризорный,,,,Беспризорный,Беспризорный,AMBULANCE,,,,,,,,"Потерялся, пропал несовершеннолетний",,,Беспризорный,Беспризорный,,,,,,,,,,,,,,,,,,,,,,,,,,,,,,,,,,,,,,,,,,,,,,,,,,,,,,,,,карточка-112,,карточка-112,,,,,,,,,,,,,,,,,,,,
22,5,0,0,22050000,,"Боль в глазу, нарушение зрения",,,,"Боль в глазу, нарушение зрения","Боль в глазу, нарушение зрения",AMBULANCE,,,,,,,,,,,"Боль в глазу, нарушение зрения","Боль в глазу, нарушение зрения",,,,,,,,,,,,,,,,,,,,,,,,,,,,,,,,,,,,,,,,,,,,,,,,,,,,,,,,,карточка-112,,карточка-112,,,,,,,,,,,,,,,,,,,,
22,6,0,0,22060000,,Боль в горле,,,,Боль в горле,Болит горло,AMBULANCE,,,,,,,,,,,Болит горло,Болит горло ,,,,,,,,,,,,,,,,,,,,,,,,,,,,,,,,,,,,,,,,,,,,,,,,,,,,,,,,,карточка-112,,карточка-112,,,,,,,,,,,,,,,,,,,,
22,7,0,0,22070000,,Боль в грудной клетке,,,,Боль в грудной клетке,Боль в грудной клетке,AMBULANCE,,,,,,,,,,,Боль в грудной клетке,Боль в грудной клетке,,,,,,,,,,,,,,,,,,,,,,,,,,,,,,,,,,,,,,,,,,,,,,,,,,,,,,,,,карточка-112,,карточка-112,,,,,,,,,,,,,,,,,,,,
22,8,0,0,22080000,,Боль в животе,,,,Боль в животе,Болит живот,AMBULANCE,,,,,,,,,,,Болит живот,Болит живот,,,,,,,,,,,,,,,,,,,,,,,,,,,,,,,,,,,,,,,,,,,,,,,,,,,,,,,,,карточка-112,,карточка-112,,,,,,,,,,,,,,,,,,,,
22,9,0,0,22090000,,Боль в ноге,,,,Боль в ноге,Боль в ноге,AMBULANCE,,,,,,,,,,,Боль в ноге,Боль в ноге,,,,,,,,,,,,,,,,,,,,,,,,,,,,,,,,,,,,,,,,,,,,,,,,,,,,,,,,,карточка-112,,карточка-112,,,,,,,,,,,,,,,,,,,,
22,10,0,0,22100000,,Боли в пояснице,,,,Боли в пояснице,Боли в пояснице,AMBULANCE,,,,,,,,,,,Боли в пояснице,Боли в пояснице,,,,,,,,,,,,,,,,,,,,,,,,,,,,,,,,,,,,,,,,,,,,,,,,,,,,,,,,,карточка-112,,карточка-112,,,,,,,,,,,,,,,,,,,,
22,11,0,0,22110000,,Боль в руке,,,,Боль в руке,Боль в руке,AMBULANCE,,,,,,,,,,,Боль в руке,Боль в руке,,,,,,,,,,,,,,,,,,,,,,,,,,,,,,,,,,,,,,,,,,,,,,,,,,,,,,,,,карточка-112,,карточка-112,,,,,,,,,,,,,,,,,,,,
22,12,0,0,22120000,,"Боль в ухе, нарушение слуха",,,,"Боль в ухе, нарушение слуха","Боль в ухе, нарушение слуха",AMBULANCE,,,,,,,,,,,"Боль в ухе, нарушение слуха","Боль в ухе, нарушение слуха",,,,,,,,,,,,,,,,,,,,,,,,,,,,,,,,,,,,,,,,,,,,,,,,,,,,,,,,,карточка-112,,карточка-112,,,,,,,,,,,,,,,,,,,,
22,13,0,0,22130000,,Гемофилия,,,,Гемофилия,Гемофилия,AMBULANCE,,,,,,,,,,,Кровотечение,Кровотечение,,,,,,,,,,,,,,,,,,,,,,,,,,,,,,,,,,,,,,,,,,,,,,,,,,,,,,,,,карточка-112,,карточка-112,,,,,,,,,,,,,,,,,,,,
22,14,0,0,22140000,,Гинекология,,,,Гинекология,Гинекология,AMBULANCE,,,,,,,,,,,Гинекология,Гинекология,,,,,,,,,,,,,,,,,,,,,,,,,,,,,,,,,,,,,,,,,,,,,,,,,,,,,,,,,карточка-112,,карточка-112,,,,,,,,,,,,,,,,,,,,
22,15,0,0,22150000,,Головная боль,,,,Головная боль,Головная боль,AMBULANCE,,,,,,,,,,,Головная боль,Головная боль,,,,,,,,,,,,,,,,,,,,,,,,,,,,,,,,,,,,,,,,,,,,,,,,,,,,,,,,,карточка-112,,карточка-112,,,,,,,,,,,,,,,,,,,,
22,16,0,0,22160000,,Головокружение,,,,Головокружение,Головокружение,AMBULANCE,,,,,,,,,,,Головокружение,Головокружение,,,,,,,,,,,,,,,,,,,,,,,,,,,,,,,,,,,,,,,,,,,,,,,,,,,,,,,,,карточка-112,,карточка-112,,,,,,,,,,,,,,,,,,,,
22,17,0,0,22170000,,Задыхается,,,,Задыхается,Задыхается,AMBULANCE,,,,,,,,,,,Тяжело дышать,Тяжело дышать,,,,,,,,,,,,,,,,,,,,,,,,,,,,,,,,,,,,,,,,,,,,,,,,,,,,,,,,,карточка-112,,карточка-112,,,,,,,,,,,,,,,,,,,,
22,18,0,0,22180000,,Зубная боль,,,,Зубная боль,Зубная боль,AMBULANCE,,,,,,,,,,,Зубная боль,Зубная боль,,,,,,,,,,,,,,,,,,,,,,,,,,,,,,,,,,,,,,,,,,,,,,,,,,,,,,,,,карточка-112,,карточка-112,,,,,,,,,,,,,,,,,,,,
22,19,0,0,22190000,,Инородное тело (глаз пищевод ухо нос),,,,Инородное тело,Инородное тело,AMBULANCE,,,,,,,,,,,Инородное тело,Инородное тело,,,,,,,,,,,,,,,,,,,,,,,,,,,,,,,,,,,,,,,,,,,,,,,,,,,,,,,,,карточка-112,,карточка-112,,,,,,,,,,,,,,,,,,,,
22,20,0,0,22200000,,Кашель,,,,Кашель,Кашель,AMBULANCE,,,,,,,,,,,Кашель,Кашель,,,,,,,,,,,,,,,,,,,,,,,,,,,,,,,,,,,,,,,,,,,,,,,,,,,,,,,,,карточка-112,,карточка-112,,,,,,,,,,,,,,,,,,,,
22,21,0,0,22210000,,Медицинская консультация,,,,Медицинская консультация,Консультация медицинская,AMBULANCE,,,,,,,,,,,медицинская консультация,медицинская консультация,,,,,,,,,,,,,,,,,,,,,,,,,,,,,,,,,,,,,,,,,,,,,,,,,,,,,,,,,карточка-112,,карточка-112,,,,,,,,,,,,,,,,,,,,
22,22,0,0,22220000,,Кормящая,,,,Кормящая,Кормящая,AMBULANCE,,,,,,,,,,,Кормящая,Кормящая,,,,,,,,,,,,,,,,,,,,,,,,,,,,,,,,,,,,,,,,,,,,,,,,,,,,,,,,,карточка-112,,карточка-112,,,,,,,,,,,,,,,,,,,,
22,23,0,0,22230000,,Кровотечение,,,,Кровотечение,Кровотечение,AMBULANCE,,,,,,,,,,,Кровотечение,Кровотечение,,,,,,,,,,,,,,,,,,,,,,,,,,,,,,,,,,,,,,,,,,,,,,,,,,,,,,,,,карточка-112,,карточка-112,,,,,,,,,,,,,,,,,,,,
22,24,0,0,22240000,,Наркомания (передозировка),,,,Наркомания,Наркомания,AMBULANCE,,,,,,,,,,,Плохо,Плохо,,,,,,,,,,,,,,,,,,,,,,,,,,,,,,,,,Оказание медицинской скорой и неотложной помощи,,,,,,,,,,,,,,,,,,,,,,,,карточка-112,,карточка-112,карточка-112,,,,,,,,,,,,,,,,,,,
22,25,0,0,22250000,,Нарушение дыхания тяжело дышать,,,,Тяжело дышать,Тяжело дышать,AMBULANCE,,,,,,,,,,,Тяжело дышать,Тяжело дышать,,,,,,,,,,,,,,,,,,,,,,,,,,,,,,,,,,,,,,,,,,,,,,,,,,,,,,,,,карточка-112,,карточка-112,,,,,,,,,,,,,,,,,,,,
22,26,0,0,22260000,,Нарушение дефекации,,,,Нарушение дефекации,Нарушение дефекации,AMBULANCE,,,,,,,,,,,Нарушение дефекации,Нарушение дефекации,,,,,,,,,,,,,,,,,,,,,,,,,,,,,,,,,,,,,,,,,,,,,,,,,,,,,,,,,карточка-112,,карточка-112,,,,,,,,,,,,,,,,,,,,
22,27,0,0,22270000,,Нарушение мочеиспускания,,,,Нарушение мочеиспускания,Нарушение мочеиспускания,AMBULANCE,,,,,,,,,,,Нарушение мочеиспускания,Нарушение мочеиспускания,,,,,,,,,,,,,,,,,,,,,,,,,,,,,,,,,,,,,,,,,,,,,,,,,,,,,,,,,карточка-112,,карточка-112,,,,,,,,,,,,,,,,,,,,
22,28,0,0,22280000,,Нарушение ритма сердца,,,,Нарушение ритма сердца,Нарушение ритма сердца,AMBULANCE,,,,,,,,,,,Нарушение ритма сердца,Нарушение ритма сердца,,,,,,,,,,,,,,,,,,,,,,,,,,,,,,,,,,,,,,,,,,,,,,,,,,,,,,,,,карточка-112,,карточка-112,,,,,,,,,,,,,,,,,,,,
22,29,0,0,22290000,,Новорожденный (дом роды),,,,Новорожденный (дом роды),Новорожденный (дом роды),AMBULANCE,,,,,,,,,,,Новорожденный (дом роды),Новорожденный (дом роды),,,,,,,,,,,,,,,,,,,,,,,,,,,,,,,,,,,,,,,,,,,,,,,,,,,,,,,,,карточка-112,,карточка-112,,,,,,,,,,,,,,,,,,,,
22,30,0,0,22300000,,Ожог,,,,Ожог,Ожог,AMBULANCE,,,,,,,,,,,Ожог,Ожог,,,,,,,,,,,,,,,,,,,,,,,,,,,,,,,,,,,,,,,,,,,,,,,,,,,,,,,,,карточка-112,,карточка-112,,,,,,,,,,,,,,,,,,,,
22,31,0,0,22310000,,Онкология,,,,Онкология,Онкология,AMBULANCE,,,,,,,,,,,Онкология,Онкология,,,,,,,,,,,,,,,,,,,,,,,,,,,,,,,,,,,,,,,,,,,,,,,,,,,,,,,,,карточка-112,,карточка-112,,,,,,,,,,,,,,,,,,,,
22,32,0,0,22320000,,Отморожение ,,,,Отморожение ,Отморожение,AMBULANCE,,,,,,,,,,,Отморожение,Отморожение ,,,,,Карточка-112,Карточка-112,Карточка-112,Карточка-112,,,,,,,,,,,,,,,,,,,,,,,,,,,,,,,,,,,,,,,,,,,,,,,,,карточка-112,,карточка-112,,,,,,,,,,,,,,,,,,,,
22,33,0,0,22330000,,Переохлаждение,,,,Переохлаждение,Переохлаждение,AMBULANCE,,,,,,,,,,,Отморожение,Отморожение,,,,,Карточка-112,Карточка-112,Карточка-112,Карточка-112,,,,,,,,,,,,,,,,,,,,,,,,,,,,,,,,,,,,,,,,,,,,,,,,,карточка-112,,карточка-112,,,,,,,,,,,,,,,,,,,,
22,34,0,0,22340000,,Отравление,,,,Отравление,Отравление,AMBULANCE,,,,,,,,,,,Отравление,Отравление,,,,,,,,,,,,,,,,,,,,,,,,,,,,,,,,,,,,,,,,,,,,,,,,,,,,,,,,,карточка-112,,карточка-112,,,,,,,,,,,,,,,,,,,,
22,34,1,0,22340100,,Отравление,в результате криминальных действий,,,Отравление в результате криминальных действий,Отравление в результате криминальных действий,AMBULANCE,,,,,,,,Прочее,,,Отравление,Отравление,,,,Карточка-112,,,,,,,,,,,,,,,,,,,,,,,,,,,,,,,,,,,,,,,,,,,,,карточка-112,,,,,,,,карточка-112,,карточка-112,карточка-112,,,,,,,,,,,,,,,,,,,
22,34,2,0,22340200,,Отравление ,угарным газом,,,Отравление угарным газом,Предполагаемое отравление угарным газом,AMBULANCE,,,,,,,,,Прочее,,Отравление,Отравление,,,,,,,,,,,Карточка-112,,,,,,,,,,,,,,,,,,,,,,,,,,,,,,,,,,,,,,,,,,,,,,карточка-112,,карточка-112,,,,,,,,,,,,,,,,,,,,
22,35,0,0,22350000,,Парализовало,,,,Парализовало,Парализовало,AMBULANCE,,,,,,,,,,,Парализовало,Парализовало,,,,,,,,,,,,,,,,,,,,,,,,,,,,,,,,,,,,,,,,,,,,,,,,,,,,,,,,,карточка-112,,карточка-112,,,,,,,,,,,,,,,,,,,,
22,36,0,0,22360000,,Плохо,,,,Плохо,Плохо,AMBULANCE,,,,,,,,,,,Плохо,Плохо,,,,,,,,,,,,,,,,,,,,,,,,,,,,,,,,,,,,,,,,,,,,,,,,,,,,,,,,,карточка-112,,карточка-112,,,,,,,,,,,,,,,,,,,,
22,37,0,0,22370000,,Плохо с сердцем,,,,Плохо с сердцем,Плохо с сердцем,AMBULANCE,,,,,,,,,,,Плохо,Плохо,,,,,,,,,,,,,,,,,,,,,,,,,,,,,,,,,,,,,,,,,,,,,,,,,,,,,,,,,карточка-112,,карточка-112,,,,,,,,,,,,,,,,,,,,
22,38,0,0,22380000,,Плохо парализованному,,,,Плохо парализованному,Плохо парализованному,AMBULANCE,,,,,,,,,,,Плохо парализованному,Плохо парализованному,,,,,,,,,,,,,,,,,,,,,,,,,,,,,,,,,,,,,,,,,,,,,,,,,,,,,,,,,карточка-112,,карточка-112,,,,,,,,,,,,,,,,,,,,
22,39,0,0,22390000,,Повышенное АД,,,,Повышенное АД,Повышенное АД,AMBULANCE,,,,,,,,,,,Повышенное АД,Повышенное АД,,,,,,,,,,,,,,,,,,,,,,,,,,,,,,,,,,,,,,,,,,,,,,,,,,,,,,,,,карточка-112,,карточка-112,,,,,,,,,,,,,,,,,,,,
22,40,0,0,22400000,,Подавился,,,,Подавился,Подавился,AMBULANCE,,,,,,,,,,,Подавился,Подавился,,,,,,,,,,,,,,,,,,,,,,,,,,,,,,,,,,,,,,,,,,,,,,,,,,,,,,,,,карточка-112,,карточка-112,,,,,,,,,,,,,,,,,,,,
22,41,0,0,22410000,,Пониженное АД,,,,Пониженное АД,Пониженное АД,AMBULANCE,,,,,,,,,,,Пониженное АД,Пониженное АД,,,,,,,,,,,,,,,,,,,,,,,,,,,,,,,,,,,,,,,,,,,,,,,,,,,,,,,,,карточка-112,,карточка-112,,,,,,,,,,,,,,,,,,,,
22,42,0,0,22420000,,Психиатрия,,,,Психиатрия,Психииатрия,AMBULANCE,,,,,,,,,,,Психические нарушения,Психические нарушения,,,,,,,,,,,,,,,,,,,,,,,,,,,,,,,,,,,,,,,,,,,,,,,,,,,,,,,,,карточка-112,,карточка-112,,,,,,,,,,,,,,,,,,,,
22,43,0,0,22430000,,Психические нарушения,,,,Психические нарушения,Психические нарушения,AMBULANCE,,,,,,,,,,,Психические нарушения,Психические нарушения,,,,,,,,,,,,,,,,,,,,,,,,,,,,,,,,,,,,,,,,,,,,,,,,,,,,,,,,,карточка-112,,карточка-112,,,,,,,,,,,,,,,,,,,,
22,44,0,0,22440000,,Послеродовый период (до42д) ,,,,Послеродовый период (до42д) ,Послеродовый период(до42д) ,AMBULANCE,,,,,,,,,,,Послеродовый период(до42д) ,Послеродовый период(до42д) ,,,,,,,,,,,,,,,,,,,,,,,,,,,,,,,,,,,,,,,,,,,,,,,,,,,,,,,,,карточка-112,,карточка-112,,,,,,,,,,,,,,,,,,,,
22,45,0,0,22450000,,Рвота,,,,Рвота,Рвота,AMBULANCE,,,,,,,,,,,Рвота,Рвота,,,,,,,,,,,,,,,,,,,,,,,,,,,,,,,,,,,,,,,,,,,,,,,,,,,,,,,,,карточка-112,,карточка-112,,,,,,,,,,,,,,,,,,,,
22,46,0,0,22460000,,Роды,,,,Роды,Роды,AMBULANCE,,,,,,,,,,,Роды,Роды,,,,,,,,,,,,,,,,,,,,,,,,,,,,,,,,,,,,,,,,,,,,,,,,,,,,,,,,,карточка-112,,карточка-112,,,,,,,,,,,,,,,,,,,,
22,47,0,0,22470000,,Сахарный диабет,,,,Сахарный диабет,Сахарный диабет,AMBULANCE,,,,,,,,,,,Сахарный диабет,Сахарный диабет,,,,,,,,,,,,,,,,,,,,,,,,,,,,,,,,,,,,,,,,,,,,,,,,,,,,,,,,,карточка-112,,карточка-112,,,,,,,,,,,,,,,,,,,,
22,48,0,0,22480000,,Слабость,,,,Слабость,Слабость,AMBULANCE,,,,,,,,,,,Слабость,Слабость,,,,,,,,,,,,,,,,,,,,,,,,,,,,,,,,,,,,,,,,,,,,,,,,,,,,,,,,,карточка-112,,карточка-112,,,,,,,,,,,,,,,,,,,,
22,49,0,0,22490000,,Состояние после обморока,,,,Состояние после обморока,Состояние после обморока,AMBULANCE,,,,,,,,,,,Состояние после обморока,Состояние после обморока,,,,,,,,,,,,,,,,,,,,,,,,,,,,,,,,,,,,,,,,,,,,,,,,,,,,,,,,,карточка-112,,карточка-112,,,,,,,,,,,,,,,,,,,,
22,50,0,0,22500000,,Судороги,,,,Судороги,Судороги,AMBULANCE,,,,,,,,,,,Судороги,Судороги,,,,,,,,,,,,,,,,,,,,,,,,,,,,,,,,,,,,,,,,,,,,,,,,,,,,,,,,,карточка-112,,карточка-112,,,,,,,,,,,,,,,,,,,,
22,51,0,0,22510000,,Сыпь,,,,Сыпь,Сыпь,AMBULANCE,,,,,,,,,,,Сыпь,Сыпь,,,,,,,,,,,,,,,,,,,,,,,,,,,,,,,,,,,,,,,,,,,,,,,,,,,,,,,,,карточка-112,,карточка-112,,,,,,,,,,,,,,,,,,,,
22,52,0,0,22520000,,Температура,,,,Температура,Температура,AMBULANCE,,,,,,,,,,,Температура,Температура,,,,,,,,,,,,,,,,,,,,,,,,,,,,,,,,,,,,,,,,,,,,,,,,,,,,,,,,,карточка-112,,карточка-112,,,,,,,,,,,,,,,,,,,,
22,53,0,0,22530000,,Травма,,,,Травма,Травма,AMBULANCE,,,,,,,,,,,Травма,Травма,,,,,,,,,,,,,,,,,,,,,,,,,,,,,,,,,,,,,,,,,,,,,,,,,,,,,,,,,карточка-112,,карточка-112,карточка-112,,,,,,,,,,,,,,,,,,,
22,54,0,0,22540000,,Туберкулез,,,,Туберкулез,Туберкулез,AMBULANCE,,,,,,,,,,,Туберкулез,Туберкулез,,,,,,,,,,,,,,,,,,,,,,,,,,,,,,,,,,карточка-112,,,,,,,,,,,,,,,,,,,,,,,карточка-112,,карточка-112,,,,,,,,,,,,,,,,,,,,
22,55,0,0,22550000,,Умирает,,,,Умирает,Умирает,AMBULANCE,,,,,,,,,,,Без сознания,Без сознания,,,,,,,,,,,,,,,,,,,,,,,,,,,,,,,,,,карточка-112,,,,,,,,,,,,,,,,,,,,,,,карточка-112,,карточка-112,,,,,,,,,,,,,,,,,,,,
22,56,0,0,22560000,,Электротравма,,,,Электротравма,Электротравма,AMBULANCE,,Прочие происшествия,,,,Прочие просишествия,,,Прочее,,Электротравма,Электротравма,,,,,,,,,,,,,,,,,,,,,,,,,,,,,,,,,,карточка-112,,,,,,,,,,,,,,,,,,,,,,,карточка-112,,карточка-112,,,,,,,,,,,,,,,,,,,,
22,57,0,0,22570000,,Инфекционные заболевания,,,,Инфекционные заболевания,Инфекционные заболевания,ZEMP,,,,,,,,,,,,Плохо,,,,,Карточка-112,Карточка-112,Карточка-112,Карточка-112,,,,,,,,,,,,,,,,,,,,,,,,,,,,,,,,,,,,,,,,,,,,,,,,,карточка-112,,карточка-112,,,,,,,,,,,,,,,,,,,,
,,,,23,Прочие происшествия,,,,,,,,,,,,,,,,,,,,,,,,,,,,,,,,,,,,,,,,,,,,,,,,,,,,,,,,,,,,,,,,,,,,,,,,,,,,,,,,,,,,,,,,,,,,,,,,,,
23,1,0,0,23010000,Благодарность службам,Благодарность,101 102 103 104 112 прочие службы,В части касающейся службы,,Благодарность,,,"Без оповещения (регистрация как ""справка"", заявителю предоставлять телефон для самостоятельного обращения  84956372222)",,"Без оповещения (регистрация как ""справка"", заявителю предоставлять телефон для самостоятельного обращения  84956372222)",,,,,"Без оповещения (регистрация как ""справка"")",,,"Без оповещения(регистрация как ""справка"",заявителю предоставить телефон для самостоятельного обращения 84956204199)",,,"Без оповещения(регистрация как ""справка"",соединение заявителя)",,,,,,,,,,,,,,,,,,,,,,,,,,,,,,,,,,,,,,,,,,,,,,,,,,,,,,,,,,,,,,,,,,,,,,,,,,,,,
23,2,0,0,23020000,Жалоба на действие или бездействие служб,Жалоба,101 102 103 104 112 прочие службы,В части касающейся службы,,Жалоба,,,"Без оповещения (регистрация как ""справка"", заявителю предоставлять телефон для самостоятельного обращения  84956372222)",,"Без оповещения (регистрация как ""справка"", заявителю предоставлять телефон для самостоятельного обращения  84956372222)",,,,,"Без оповещения(регистрация как ""справка"",соединение заявителя)",,,"Без оповещения(регистрация как ""справка"",заявителю предоставить телефон для самостоятельного обращения 84956204199)",,,"Без оповещения(регистрация как ""справка"",соединение заявителя)",,,,,,,,,,,,,,,,,,,,,,,,,,,,,,,,,,,,,,,,,,,,,,,,,,,,,,,,,карточка-112,карточка-112,,,,,,,,,,,,,,,,,,,
23,3,0,0,23030000,Справочно-консультационная помощь,Справка консультация,101 102 103 104 112 прочие службы,В части касающейся службы,,Справка,,,"Без оповещения (регистрация как ""справка"", заявителю предоставлять телефон для самостоятельного обращения  84956372222)",,"Без оповещения (регистрация как ""справка"", заявителю предоставлять телефон для самостоятельного обращения  84956372222)",,,,,"Без оповещения(регистрация как ""справка"",заявителю рекомендовать обращаться в городскую справочную)",,,"Без оповещения(регистрация как ""справка"",заявителю предоставить телефон для самостоятельного обращения 84956204140)",,,,,,,,,,,,,,,,,,,,,,,,,,,,,,,,,,,,,,,,,,,,,,,,,,,,,,,,,,,,карточка-112,,,,,,,,,,,,,,,,,,,,
23,4,0,0,23040000,Тренировки,Тренировка,101 102 103 104 112 прочие службы,Учебная тревога оповещение тренировка,,Тренировка,,,,,По согласованию,,,,,По согласованию,,,По согласованию,,,По согласованию,,,,,,,,,,,,,,,,,,,,,,,,,,,,,,,,,,,,,,,,,,,,,,,,,,,,,,,,,карточка-112,,,,,,,карточка-112,,,,,карточка-112,карточка-112,,,,,,,
23,5,0,0,23050000,Помощь службам,Помощь службам,,,,Помощь службам,,,,,,,,,,,,,,,,,,,,,,,,,,,,,,,,,,,,,,,,,,,,,,,,,,,,,,,,,,,,,,,,,,,,,,,,,карточка-112,карточка-112,,,,,,,,,,,,,,,,,,,
23,6,0,0,23060000,Прочие происшествия,Прочие происшествия,Оператор-112 назначает службы по согласованию с руководством дежурной смены,,,Прочие происшествия,,,,,,,,,,,,,,,,,,,,,,,,,,,,,,,,,,,,,,,,,,,,,,,,,,,,,,,,,,,,,,,,,,,,,,,,,карточка-112,,,,,,,,,,,,,,,,,,,,
23,6,0,1,23060001,Прочие происшествия (от 102),Прочие происшествия (от 102),Для простомотра операторов ОКр,,,Прочие происшествия (от 102),,,,,,,,,,,,,,,,,,,,,,,,,,,,,,,,,,,,,,,,,,,,,,,,,,,,,,,,,,,,,,,,,,,,,,,,,,,,,,,,,,,,,,,,,,,,,
,,,,,БПЛА,,,,,,,,,,,,,,,,,,,,,,,,,,,,,,,,,,,,,,,,,,,,,,,,,,,,,,,,,,,,,,,,,,,,,,,,,,,,,,,,,,,,,,,,,,,,,,,,,,
24,1,0,0,24010000,БПЛА,"готовят к запуску, летит",,,,БПЛА,,Police,,,,,,,,БПЛА,,,,,,,,,,,,,карточка-112,,,,,,,,,,,,,,,,,,,,,Обнаружение подозрительного предмета,,Угроза взрыва или террористического акта,Угроза взрыва или террористического акта,карточка-112,,,,,карточка-112,,,,,,,,,,карточка-112,карточка-112,карточка-112,,,,,,,,карточка-112,карточка-112,БПЛА,,,,,карточка-112,карточка-112,,,,карточка-112,карточка-112,карточка-112,,,,,,
24,2,0,0,24020000,БПЛА,"упал/ столкнулся, нет взрыва возгорания",жилой дом/административное здание,,,БПЛА здание,,Police,,,,,,,,БПЛА,,,,травма,нет реагирования,БПЛА,,,,,,,карточка-112,,,,,,,,,,,,,,,,прочее,карточка-112,карточка-112,карточка-112,,Обнаружение подозрительного предмета,,Угроза взрыва или террористического акта,Угроза взрыва или террористического акта,карточка-112,,,,,карточка-112,карточка -112,,,,,,,,,карточка-112,карточка-112,карточка-112,,,,,,,,карточка-112,карточка-112,БПЛА,,,БПЛА здание,карточка-112,карточка-112,карточка-112,,,,,,карточка-112,Карточка-112,,,,,
24,3,0,0,24030000,БПЛА,"упал/ столкнулся, нет взрыва возгорания",проезжая часть/тоннель/Мост/Эстакада/Подземный переход/Наземный переход,,,БПЛА проезжая часть,,Police,,,,,,,,БПЛА,,,,травма,нет реагирования,БПЛА,,,,,,,карточка-112,,,карточка-112,,,,,карточка-112,,,,,,,,,,,,,Обнаружение подозрительного предмета,,Угроза взрыва или террористического акта,Угроза взрыва или террористического акта,карточка-112,,,,,карточка-112,карточка -112,,,,,,,,,карточка-112,карточка-112,карточка-112,карточка-112,,,,,,,карточка-112,карточка-112,БПЛА,,,,,карточка-112,карточка-112,,карточка -112,,,,карточка-112,,,,,,
24,4,0,0,24040000,БПЛА,"упал/ столкнулся, нет взрыва возгорания",Учебное,,,БПЛА учебное заведение,,Police,,,,,,,,БПЛА,,,,травма,нет реагирования,БПЛА,,,,,,,карточка-112,,,,,,,,,,,,,,,,прочее,,карточка-112,карточка-112,,Обнаружение подозрительного предмета,,Угроза взрыва или террористического акта,Угроза взрыва или террористического акта,карточка-112,,,карточка-112,,карточка-112,карточка -112,,,,,,,,,карточка-112,карточка-112,карточка-112,,,,,,,,карточка-112,карточка-112,БПЛА,,,,,карточка-112,карточка-112,,,,,,,,,,,,
24,5,0,0,24050000,БПЛА,"упал/ столкнулся, нет взрыва возгорания",Лечебное,,,БПЛА лечебное заведение,,Police,,,,,,,,БПЛА,,,,травма,нет реагирования,БПЛА,,карточка-112,,,,,карточка-112,,,,,,,,,,,,,,,,прочее,,карточка-112,карточка-112,,Обнаружение подозрительного предмета,,Угроза взрыва или террористического акта,Угроза взрыва или террористического акта,карточка-112,,,,,карточка-112,карточка -112,,,,,,,,,карточка-112,карточка-112,карточка-112,,,,,,,,карточка-112,карточка-112,БПЛА,,,,,карточка-112,карточка-112,,,,,,,,,,,,
24,6,0,0,24060000,БПЛА,"упал/ столкнулся, нет взрыва возгорания",Коммуникации/Объект связи,,,"БПЛА коммуникации, объект связи",,Police,,,,,,,,БПЛА,,,,травма,нет реагирования,БПЛА,,,,,,,карточка-112,,,,,,,,,,,,,карточка-112,,,прочее,карточка-112,карточка-112,карточка-112,,Обнаружение подозрительного предмета,,Угроза взрыва или террористического акта,Угроза взрыва или террористического акта,карточка-112,карточка-112,,,,карточка-112,карточка -112,карточка-112,,,,,,,,карточка-112,карточка-112,карточка-112,,,,,,,,карточка-112,карточка-112,БПЛА,,,,,карточка-112,карточка-112,,,,,,,,,,,,
24,7,0,0,24070000,БПЛА,"упал/ столкнулся, нет взрыва возгорания",Опасный объект/Газопровод,,,"БПЛА Опасный объект, газопровод",,Police,БПЛА,БПЛА,,,,,,БПЛА,,,,травма,нет реагирования,БПЛА,,,,,,,карточка-112,,,,,,,,,,,,,карточка-112,,,прочее,карточка-112,карточка-112,карточка-112,,Обнаружение подозрительного предмета,,Угроза взрыва или террористического акта,Угроза взрыва или террористического акта,карточка-112,карточка-112,,,,карточка-112,карточка -112,карточка-112,,,,,,,,карточка-112,карточка-112,карточка-112,,,,,,,,карточка-112,карточка-112,БПЛА,,,,,карточка-112,карточка-112,,,,карточка-112,карточка-112,карточка-112,,,,,,
24,8,0,0,24080000,БПЛА,"упал/ столкнулся, нет взрыва возгорания",ЛЭП/Провода/ Контактная сеть,,,БПЛА ЛЭП/Провода/контактная сеть,,Police,,,,,,,,БПЛА,,,,травма,нет реагирования,БПЛА,,,,,,,карточка-112,,,,,,,,,,,,,,,карточка-112,,,карточка-112,карточка-112,,Обнаружение подозрительного предмета,,Угроза взрыва или террористического акта,Угроза взрыва или террористического акта,карточка-112,,карточка-112,,,карточка-112,карточка -112,,,,,,,,,карточка-112,карточка-112,карточка-112,,,,,,,,карточка-112,карточка-112,БПЛА,,,,,карточка-112,карточка-112,,,,,,,,,,,,
24,9,0,0,24090000,БПЛА,"упал/ столкнулся, нет взрыва возгорания",Транспортный объект,,,БПЛА Транспорный объект,,Police,,,,,,,,БПЛА,,,,травма,нет реагирования,БПЛА,,,,,,,карточка-112,,,,карточка-112,,,,,,,,,карточка-112,,карточка-112,прочее,карточка-112,карточка-112,карточка-112,,Обнаружение подозрительного предмета,,Угроза взрыва или террористического акта,Угроза взрыва или террористического акта,карточка-112,,карточка-112,,,карточка-112,карточка -112,,,,,,,,,карточка-112,карточка-112,карточка-112,,,,,,,,карточка-112,карточка-112,БПЛА,,,,,карточка-112,карточка-112,карточка-112,,,,,,,,,,,
24,10,0,0,24100000,БПЛА,"упал/ столкнулся, нет взрыва возгорания",Военный объект,,,БПЛА Военный объект,,Police,,,,,,,,БПЛА,,,,травма,нет реагирования,БПЛА,,,,,,,карточка-112,,,,,,,,,,,,,карточка-112,,,прочее,карточка-112,карточка-112,карточка-112,,Обнаружение подозрительного предмета,,Угроза взрыва или террористического акта,Угроза взрыва или террористического акта,карточка-112,,,,,карточка-112,карточка -112,карточка-112,,,,,,,,карточка-112,карточка-112,карточка-112,,,,,,,,карточка-112,карточка-112,БПЛА,,,,,карточка-112,карточка-112,,,,,,,,,,,,
24,11,0,0,24110000,БПЛА,"упал/ столкнулся, нет взрыва возгорания",Прочее,,,БПЛА Прочее,,Police,,,,,,,,БПЛА,,,,травма,нет реагирования,БПЛА,,,,,,,карточка-112,,,,,,,,,,,,,карточка-112,,,прочее,карточка-112,карточка-112,карточка-112,,Обнаружение подозрительного предмета,,Угроза взрыва или террористического акта,Угроза взрыва или террористического акта,карточка-112,карточка-112,,,,карточка-112,карточка -112,карточка-112,,,,,,,,карточка-112,карточка-112,карточка-112,,,,,,,,карточка-112,карточка-112,БПЛА,,,,,карточка-112,карточка-112,,,,,,карточка-112,,,,,,
24,12,1,0,24120100,БПЛА,"летит, готовят к запуску,упал/ столкнулся, нет взрыва возгорания",Регион,,,БПЛА Регион,,Police,,,,,,,,БПЛА,,,,,,,,,,,,,карточка-112,,,,,,,,,,,,,,,,,,,,,,,,,карточка-112,,,,,,,,,,,,,,,,,,,,,,,,,карточка-112,карточка-112,БПЛА,,,,,,карточка-112,,,,,карточка-112,карточка-112,,,,,,
24,12,2,0,24120200,БПЛА,"летит, готовят к запуску,упал/ столкнулся, нет взрыва возгорания",Регион,,,БВС Регион,,МСР,,,,,,,,,,,,,,,,,,,,,,,,,,,,,,,,,,,,,,,,,,,,,,,,,,,,,,,,,,,,,,,,,,,,,,,,,БПЛА,,,,,,,,,,,,,,,,,,
